date,strategy,return_pct,sharpe,max_dd_pct,trades,win_rate,best_universe,worst_universe
2026-04-07,OBV_Trend_BTCUSDT_4h,109.5,2.44,44.8,56,44.8,BTCUSDT,BTCUSDT
2026-04-07,Bollinger_Rev_0.5xATR_XRP,212.2,4.66,45.5,227,0.0,XRPUSDT,XRPUSDT
2026-04-07,Bollinger_Rev_0.5xATR_DOGE,778.4,19.01,40.9,220,0.0,DOGEUSDT,DOGEUSDT
2026-04-07,Passive_Maker_BTCFDUSD_1h,27.7,5.69,4.9,16,0.0,BTCFDUSD,BTCFDUSD
2026-04-07,MACD_4h,3540.0,3.54,60.0,683,51.5,Base6,Legacy4
2026-04-07,Turtle_Regime_4h,3193.0,3.19,60.0,398,50.0,Base6,Legacy4
2026-04-07,Turtle_Momentum_4h,2803.0,2.8,60.0,266,51.5,AltMix6,Legacy4
2026-04-07,Equal_MACD_Small_OldGuard4,907.17,5.25,32.25,290,48.62,OldGuard4,OldGuard4
2026-04-07,DDBudget_AD_MACD_OldGuard4,319.93,2.42,34.28,662,50.0,OldGuard4,OldGuard4
2026-04-07,LaggardCut_LargeCaps5,12486.62,8.27,13.82,1350,53.11,LargeCaps5,LargeCaps5
2026-04-07,CTREND_OldGuard4,285.9,2.09,41.94,382,48.17,OldGuard4,OldGuard4
2026-04-08,DDBudget_3sleeve_Base5,33714.9,7.68,13.0,420,52.1,Base5,Base5
2026-04-08,AD_Momentum_Base5,45681.0,5.34,21.1,420,52.1,Base5,Base5
2026-04-08,MACD_Regime_Base5,122069.7,5.22,23.1,289,53.3,Base5,Base5
2026-04-08,CTREND_Base5,94161.3,4.87,23.3,420,52.6,Base5,Base5
2026-04-08,Blend_AD_MACD_Base5,1191.0,2.73,35.2,409,52.6,Base5,Base5
2026-04-08,FactorSmallByDV_Base5,3300.3,2.52,30.0,500,50.0,Base5,Base5
2026-04-09,DDBudget_3sleeve_Base5,31847.4,7.57,13.0,420,52.1,Base5,Base5
2026-04-09,AD_Momentum_Base5,45681.0,5.33,21.1,420,52.1,Base5,Base5
2026-04-09,MACD_Regime_Base5,122069.7,5.22,23.1,289,53.3,Base5,Base5
2026-04-09,CTREND_Base5,94161.3,4.86,23.3,420,52.6,Base5,Base5
2026-04-09,Blend_AD_MACD_Base5,1191.0,2.73,35.2,409,52.6,Base5,Base5
2026-04-09,FactorSmallByDV_Base5,2262.3,2.24,30.0,500,50.0,Base5,Base5
2026-04-09,Bollinger_Rev_0.5xATR_XRP_1d,363.3,14.64,24.8,112,0.0,XRPUSDT,XRPUSDT
2026-04-09,Bollinger_Rev_0.5xATR_DOGE_1d,1125.0,43.56,25.8,99,0.0,DOGEUSDT,DOGEUSDT
2026-04-09,Passive_Maker_BTCFDUSD_1h,17.1,3.51,4.9,15,0.0,BTCFDUSD,BTCFDUSD
2026-04-10,DDBudget_3sleeve_Base5,32576.7,7.62,13.0,420,52.1,Base5,Base5
2026-04-11,DDBudget_3sleeve_wChandelier_Base5,32566.2,7.61,9.9,864,57.5,Base5,Base5
2026-04-11,DDBudget_3sleeve_wChandelier_OOS_sharpe,72pct,72pct,9.9,864,57.5,Base5,Legacy4
2026-04-11,DDBudget_3sleeve_wChandelier_Base5,32566.2,7.61,9.9,864,57.5,Base5,Base5
2026-04-11,A_D_Momentum_Base5,45681.0,5.33,21.1,420,52.1,Base5,Base5
2026-04-11,MACD_Regime_Base5,122069.7,5.21,23.1,289,53.3,Base5,Base5
2026-04-11,FactorSmallByDV_Base5,2661.2,2.36,30.0,500,50.0,Base5,Base5
2026-04-12,DDBudget_3sleeve_wChandelier_Base5,35512.8,7.75,9.9,864,57.5,Base5,Base5
2026-04-12,A_D_Momentum_Base5,59884.1,5.53,21.1,420,52.1,Base5,Base5
2026-04-12,MACD_Regime_Base5,122069.7,5.21,23.1,289,53.3,Base5,Base5
2026-04-12,FactorSmallByDV_Base5,2661.2,2.36,30.0,500,50.0,Base5,Base5
2026-04-12,CTREND_Base5,94161.3,4.86,21.0,500,50.0,Base5,Base5
2026-04-12,Blend_AD_MACD_Base5,1191.0,2.73,27.0,420,52.1,Base5,Base5
2026-04-13,DDBudget_3sleeve_wChandelier_Base5,16582.8,8.12,9.9,864,57.5,Base5,Base5
2026-04-13,A_D_Momentum_Base5,5832.0,4.23,21.1,420,52.1,Base5,Base5
2026-04-13,MACD_Regime_Base5,122069.7,5.21,23.1,289,53.3,Base5,Base5
2026-04-13,FactorSmallByDV_Base5,2661.2,2.36,30.0,500,50.0,Base5,Base5
2026-04-13,CTREND_Base5,94161.3,4.86,21.0,500,50.0,Base5,Base5
2026-04-13,Blend_AD_MACD_Base5,218.4,1.28,27.0,420,52.1,Base5,Base5
2026-04-15,Turtle_Chandelier_Base5,13474.1,2.34,62.6,310,50.0,Base5,Base5
2026-04-15,AD_Momentum_Base5,3933.4,3.62,21.1,420,52.1,Base5,Base5
2026-04-15,FactorSmallByDV_Base5,1447.4,2.00,30.0,500,50.0,Base5,Base5
2026-04-15,CTREND_Base5,88491.1,4.86,23.3,420,52.6,Base5,Base5
2026-04-15,DDBudget_3sleeve_Base5,5723.1,7.00,9.9,864,57.5,Base5,Base5
2026-04-16,Turtle_Chandelier_Base5,27131.1,2.50,62.6,310,50.0,Base5,Base5
2026-04-16,AD_Momentum_Base5,3933.4,3.62,21.1,420,52.1,Base5,Base5
2026-04-16,FactorSmallByDV_Base5,1431.4,2.00,30.0,500,50.0,Base5,Base5
2026-04-16,CTREND_Base5,143731.2,5.17,23.3,420,52.6,Base5,Base5
2026-04-16,DDBudget_3sleeve_Base5,5727.1,7.07,9.9,864,57.5,Base5,Base5
2026-04-18,Turtle_Chandelier_Base5_daily,678.0,2.52,62.6,310,50.0,Base5,daily_equity
2026-04-18,A_D_Momentum_Base5_daily,40.3,3.62,21.1,420,52.1,Base5,daily_equity
2026-04-18,DDBudget_3sleeve_Base5_daily,56.5,7.10,9.9,864,57.5,Base5,daily_equity
2026-04-18,FactorSmallByDV_Base5_daily,13.6,1.92,30.0,500,50.0,Base5,daily_equity
