universe,window,bar,equity
Base5_0,0,0,1.000000
Base5_0,0,1,1.000000
Base5_0,0,2,1.074788
Base5_0,0,3,1.026244
Base5_0,0,4,1.026244
Base5_0,0,5,1.026244
Base5_0,0,6,1.026244
Base5_0,0,7,1.026244
Base5_0,0,8,1.026244
Base5_0,0,9,1.026244
Base5_0,0,10,1.026244
Base5_0,0,11,1.026244
Base5_0,0,12,1.026244
Base5_0,0,13,1.026244
Base5_0,0,14,1.026244
Base5_0,0,15,1.026244
Base5_0,0,16,1.026244
Base5_0,0,17,1.026244
Base5_0,0,18,1.026244
Base5_0,0,19,1.026244
Base5_0,0,20,1.026244
Base5_0,0,21,1.026244
Base5_0,0,22,1.026244
Base5_0,0,23,1.026244
Base5_0,0,24,1.026244
Base5_0,0,25,1.026244
Base5_0,0,26,1.026244
Base5_0,0,27,1.026244
Base5_0,0,28,1.026244
Base5_0,0,29,1.026244
Base5_0,0,30,1.026244
Base5_0,0,31,1.026244
Base5_0,0,32,1.026244
Base5_0,0,33,1.026244
Base5_0,0,34,1.026244
Base5_0,0,35,1.026244
Base5_0,0,36,1.026244
Base5_0,0,37,1.026244
Base5_0,0,38,1.026244
Base5_0,0,39,1.026244
Base5_0,0,40,1.026244
Base5_0,0,41,1.026244
Base5_0,0,42,1.026244
Base5_0,0,43,1.026244
Base5_0,0,44,1.026244
Base5_0,0,45,1.026244
Base5_0,0,46,1.026244
Base5_0,0,47,1.014870
Base5_0,0,48,1.014870
Base5_0,0,49,0.985105
Base5_0,0,50,0.985105
Base5_0,0,51,0.891720
Base5_0,0,52,0.724168
Base5_0,0,53,0.724168
Base5_0,0,54,0.724168
Base5_0,0,55,0.724168
Base5_0,0,56,0.630031
Base5_0,0,57,0.630031
Base5_0,0,58,0.754693
Base5_0,0,59,1.124514
Base5_0,0,60,1.770315
Base5_0,0,61,1.770315
Base5_0,0,62,1.770315
Base5_0,0,63,1.770315
Base5_0,0,64,1.770315
Base5_0,0,65,1.770315
Base5_0,0,66,1.770315
Base5_0,0,67,1.770315
Base5_0,0,68,1.770315
Base5_0,0,69,1.770315
Base5_0,0,70,1.770315
Base5_0,0,71,1.770315
Base5_0,0,72,1.770315
Base5_0,0,73,1.770315
Base5_0,0,74,1.770315
Base5_0,0,75,2.179805
Base5_0,0,76,2.179805
Base5_0,0,77,2.185214
Base5_0,0,78,1.994411
Base5_0,0,79,1.994411
Base5_0,0,80,1.994411
Base5_0,0,81,1.994411
Base5_0,0,82,1.994411
Base5_0,0,83,1.994411
Base5_0,0,84,1.978334
Base5_0,0,85,1.978334
Base5_0,0,86,2.357657
Base5_0,0,87,2.225880
Base5_0,0,88,2.225880
Base5_0,0,89,2.225880
Base5_0,0,90,2.225880
Base5_0,0,91,2.225880
Base5_0,0,92,2.225880
Base5_0,0,93,2.225880
Base5_0,0,94,2.225880
Base5_0,0,95,2.225880
Base5_0,0,96,1.986249
Base5_0,0,97,1.986249
Base5_0,0,98,1.986249
Base5_0,0,99,1.986249
Base5_0,0,100,1.986249
Base5_0,0,101,1.986249
Base5_0,0,102,1.986249
Base5_0,0,103,1.986249
Base5_0,0,104,1.986249
Base5_0,0,105,1.986249
Base5_1,1,0,1.000000
Base5_1,1,1,1.265450
Base5_1,1,2,1.265450
Base5_1,1,3,1.265450
Base5_1,1,4,1.265450
Base5_1,1,5,1.265450
Base5_1,1,6,1.265450
Base5_1,1,7,1.265450
Base5_1,1,8,1.265450
Base5_1,1,9,1.265450
Base5_1,1,10,1.265450
Base5_1,1,11,1.265450
Base5_1,1,12,1.265450
Base5_1,1,13,1.265450
Base5_1,1,14,1.265450
Base5_1,1,15,1.265450
Base5_1,1,16,1.265450
Base5_1,1,17,1.265450
Base5_1,1,18,1.265450
Base5_1,1,19,1.265450
Base5_1,1,20,1.265450
Base5_1,1,21,1.265450
Base5_1,1,22,1.265450
Base5_1,1,23,1.265450
Base5_1,1,24,1.265450
Base5_1,1,25,1.265450
Base5_1,1,26,1.265450
Base5_1,1,27,1.265450
Base5_1,1,28,1.265450
Base5_1,1,29,1.265450
Base5_1,1,30,1.265450
Base5_1,1,31,1.265450
Base5_1,1,32,1.265450
Base5_1,1,33,1.180637
Base5_1,1,34,1.180637
Base5_1,1,35,1.180637
Base5_1,1,36,1.180637
Base5_1,1,37,1.180637
Base5_1,1,38,1.176692
Base5_1,1,39,1.176692
Base5_1,1,40,1.176692
Base5_1,1,41,1.176692
Base5_1,1,42,1.176692
Base5_1,1,43,1.176692
Base5_1,1,44,1.176692
Base5_1,1,45,1.176692
Base5_1,1,46,1.176692
Base5_1,1,47,1.176692
Base5_1,1,48,1.176692
Base5_1,1,49,1.479941
Base5_1,1,50,1.479941
Base5_1,1,51,1.479941
Base5_1,1,52,1.479941
Base5_1,1,53,1.479941
Base5_1,1,54,1.479941
Base5_1,1,55,1.580413
Base5_1,1,56,1.580413
Base5_1,1,57,1.873197
Base5_1,1,58,1.873197
Base5_1,1,59,1.873197
Base5_1,1,60,1.873197
Base5_1,1,61,1.873197
Base5_1,1,62,1.873197
Base5_1,1,63,1.873197
Base5_1,1,64,1.873197
Base5_1,1,65,1.873197
Base5_1,1,66,1.873197
Base5_1,1,67,1.632680
Base5_1,1,68,1.632680
Base5_1,1,69,1.632680
Base5_1,1,70,1.632680
Base5_1,1,71,1.632680
Base5_1,1,72,1.632680
Base5_1,1,73,1.632680
Base5_1,1,74,1.632680
Base5_1,1,75,1.632680
Base5_1,1,76,1.741144
Base5_1,1,77,1.602984
Base5_1,1,78,3.212328
Base5_1,1,79,3.212328
Base5_1,1,80,3.212328
Base5_1,1,81,2.492859
Base5_1,1,82,2.492859
Base5_1,1,83,2.492859
Base5_1,1,84,2.492859
Base5_1,1,85,2.492859
Base5_1,1,86,2.492859
Base5_1,1,87,2.492859
Base5_1,1,88,2.492859
Base5_1,1,89,2.492859
Base5_1,1,90,2.492859
Base5_1,1,91,2.492859
Base5_1,1,92,2.492859
Base5_1,1,93,2.492859
Base5_1,1,94,2.545493
Base5_1,1,95,2.545493
Base5_1,1,96,2.545493
Base5_1,1,97,2.545493
Base5_1,1,98,2.545493
Base5_1,1,99,2.545493
Base5_1,1,100,2.545493
Base5_1,1,101,2.545493
Base5_1,1,102,2.545493
Base5_1,1,103,2.545493
Base5_1,1,104,2.545493
Base5_1,1,105,2.545493
Base5_1,1,106,2.545493
Base5_1,1,107,2.545493
Base5_1,1,108,2.545493
Base5_1,1,109,2.545493
Base5_1,1,110,2.545493
Base5_1,1,111,2.545493
Base5_1,1,112,2.545493
Base5_1,1,113,2.545493
Base5_1,1,114,2.545493
Base5_1,1,115,2.545493
Base5_1,1,116,2.545493
Base5_1,1,117,2.545493
Base5_1,1,118,2.545493
Base5_1,1,119,2.545493
Base5_1,1,120,2.545493
Base5_1,1,121,2.545493
Base5_1,1,122,2.545493
Base5_1,1,123,2.607233
Base5_1,1,124,2.607233
Base5_1,1,125,2.673232
Base5_1,1,126,2.673232
Base5_1,1,127,2.673232
Base5_1,1,128,2.673232
Base5_1,1,129,2.673232
Base5_1,1,130,2.767849
Base5_1,1,131,2.767849
Base5_1,1,132,2.767849
Base5_1,1,133,2.767849
Base5_2,2,0,1.000000
Base5_2,2,1,1.000000
Base5_2,2,2,1.000000
Base5_2,2,3,1.000000
Base5_2,2,4,1.000000
Base5_2,2,5,1.000000
Base5_2,2,6,1.000000
Base5_2,2,7,0.881410
Base5_2,2,8,0.807603
Base5_2,2,9,0.807603
Base5_2,2,10,0.807603
Base5_2,2,11,0.914123
Base5_2,2,12,0.914123
Base5_2,2,13,0.914123
Base5_2,2,14,0.914123
Base5_2,2,15,0.914123
Base5_2,2,16,0.914123
Base5_2,2,17,0.914123
Base5_2,2,18,0.914123
Base5_2,2,19,0.914123
Base5_2,2,20,0.914123
Base5_2,2,21,0.914123
Base5_2,2,22,0.914123
Base5_2,2,23,0.914123
Base5_2,2,24,0.914123
Base5_2,2,25,0.914123
Base5_2,2,26,0.914123
Base5_2,2,27,0.914123
Base5_2,2,28,0.914123
Base5_2,2,29,0.914123
Base5_2,2,30,0.914123
Base5_2,2,31,0.914123
Base5_2,2,32,1.159794
Base5_2,2,33,1.085852
Base5_2,2,34,0.856870
Base5_2,2,35,0.856870
Base5_2,2,36,0.856870
Base5_2,2,37,0.856870
Base5_2,2,38,0.856870
Base5_2,2,39,0.856870
Base5_2,2,40,0.856870
Base5_2,2,41,0.856870
Base5_2,2,42,0.856870
Base5_2,2,43,0.856870
Base5_2,2,44,0.856870
Base5_2,2,45,0.856870
Base5_2,2,46,0.856870
Base5_2,2,47,0.856870
Base5_2,2,48,0.856870
Base5_2,2,49,0.856870
Base5_2,2,50,1.096266
Base5_2,2,51,1.096266
Base5_2,2,52,0.880107
Base5_2,2,53,0.877793
Base5_2,2,54,0.877793
Base5_2,2,55,0.874099
Base5_2,2,56,0.874099
Base5_2,2,57,0.874099
Base5_2,2,58,0.874099
Base5_2,2,59,0.874099
Base5_2,2,60,0.874099
Base5_2,2,61,0.874099
Base5_2,2,62,0.874099
Base5_2,2,63,0.874099
Base5_2,2,64,0.874099
Base5_2,2,65,0.874099
Base5_2,2,66,0.701265
Base5_2,2,67,0.701265
Base5_2,2,68,0.701265
Base5_2,2,69,0.701265
Base5_2,2,70,0.701265
Base5_2,2,71,0.701265
Base5_2,2,72,0.701265
Base5_2,2,73,0.701265
Base5_2,2,74,0.701265
Base5_2,2,75,0.701265
Base5_2,2,76,0.701265
Base5_2,2,77,0.701265
Base5_2,2,78,0.701265
Base5_2,2,79,0.701265
Base5_2,2,80,0.701265
Base5_2,2,81,0.701265
Base5_2,2,82,0.701265
Base5_2,2,83,0.701265
Base5_2,2,84,0.701265
Base5_2,2,85,0.701265
Base5_2,2,86,0.701265
Base5_2,2,87,0.701265
Base5_2,2,88,0.701265
Base5_2,2,89,0.701265
Base5_2,2,90,0.701265
Base5_2,2,91,0.701265
Base5_2,2,92,0.701265
Base5_2,2,93,0.701265
Base5_2,2,94,0.701265
Base5_2,2,95,0.701265
Base5_2,2,96,0.701265
Base5_2,2,97,0.701265
Base5_2,2,98,0.701265
Base5_2,2,99,0.701265
Base5_2,2,100,0.701265
Base5_2,2,101,0.701265
Base5_2,2,102,0.701265
Base5_2,2,103,1.162383
Base5_3,3,0,1.000000
Base5_3,3,1,1.000000
Base5_3,3,2,1.000000
Base5_3,3,3,1.222907
Base5_3,3,4,1.222907
Base5_3,3,5,1.222907
Base5_3,3,6,1.222907
Base5_3,3,7,2.198246
Base5_3,3,8,2.198246
Base5_3,3,9,2.198246
Base5_3,3,10,2.198246
Base5_3,3,11,2.198246
Base5_3,3,12,2.198246
Base5_3,3,13,2.198246
Base5_3,3,14,2.198246
Base5_3,3,15,1.788659
Base5_3,3,16,1.788659
Base5_3,3,17,1.788659
Base5_3,3,18,2.026777
Base5_3,3,19,2.050813
Base5_3,3,20,2.050813
Base5_3,3,21,2.050813
Base5_3,3,22,2.050813
Base5_3,3,23,2.050813
Base5_3,3,24,2.050813
Base5_3,3,25,2.050813
Base5_3,3,26,2.050813
Base5_3,3,27,2.050813
Base5_3,3,28,2.050813
Base5_3,3,29,2.050813
Base5_3,3,30,2.050813
Base5_3,3,31,1.919829
Base5_3,3,32,1.919829
Base5_3,3,33,1.919829
Base5_3,3,34,1.919829
Base5_3,3,35,1.919829
Base5_3,3,36,1.919829
Base5_3,3,37,1.919829
Base5_3,3,38,1.919829
Base5_3,3,39,1.919829
Base5_3,3,40,1.919829
Base5_3,3,41,2.180863
Base5_3,3,42,2.090767
Base5_3,3,43,2.777500
Base5_3,3,44,3.724723
Base5_3,3,45,3.724723
Base5_3,3,46,3.724723
Base5_3,3,47,3.724723
Base5_3,3,48,3.724723
Base5_3,3,49,3.724723
Base5_3,3,50,3.724723
Base5_3,3,51,3.724723
Base5_3,3,52,3.724723
Base5_3,3,53,3.724723
Base5_3,3,54,3.724723
Base5_3,3,55,3.601442
Base5_3,3,56,3.239883
Base5_3,3,57,3.239883
Base5_3,3,58,3.355219
Base5_3,3,59,2.863211
Base5_3,3,60,2.863211
Base5_3,3,61,2.863211
Base5_3,3,62,2.863211
Base5_3,3,63,2.863211
Base5_3,3,64,2.863211
Base5_3,3,65,2.863211
Base5_3,3,66,2.863211
Base5_3,3,67,2.863211
Base5_3,3,68,2.863211
Base5_3,3,69,2.863211
Base5_3,3,70,2.863211
Base5_3,3,71,2.863211
Base5_3,3,72,2.863211
Base5_3,3,73,2.863211
Base5_3,3,74,2.685803
Base5_4,4,0,1.000000
Base5_4,4,1,1.000000
Base5_4,4,2,1.000000
Base5_4,4,3,1.000000
Base5_4,4,4,1.000000
Base5_4,4,5,1.000000
Base5_4,4,6,1.000000
Base5_4,4,7,1.000000
Base5_4,4,8,1.000000
Base5_4,4,9,1.000000
Base5_4,4,10,1.000000
Base5_4,4,11,1.000000
Base5_4,4,12,1.000000
Base5_4,4,13,1.000000
Base5_4,4,14,1.000000
Base5_4,4,15,1.079874
Base5_4,4,16,1.361175
Base5_4,4,17,1.361175
Base5_4,4,18,1.361175
Base5_4,4,19,1.361175
Base5_4,4,20,1.361175
Base5_4,4,21,1.361175
Base5_4,4,22,1.361175
Base5_4,4,23,1.361175
Base5_4,4,24,1.361175
Base5_4,4,25,1.361175
Base5_4,4,26,1.159268
Base5_4,4,27,1.159268
Base5_4,4,28,1.159268
Base5_4,4,29,1.159268
Base5_4,4,30,1.159268
Base5_4,4,31,1.159268
Base5_4,4,32,1.159268
Base5_4,4,33,1.159268
Base5_4,4,34,1.429233
Base5_4,4,35,1.443858
Base5_4,4,36,1.443858
Base5_4,4,37,1.443858
Base5_4,4,38,1.443858
Base5_4,4,39,1.443858
Base5_4,4,40,1.443858
Base5_4,4,41,1.443858
Base5_4,4,42,1.443858
Base5_4,4,43,1.443858
Base5_4,4,44,1.443858
Base5_4,4,45,1.443858
Base5_4,4,46,1.443858
Base5_4,4,47,1.443858
Base5_4,4,48,1.443858
Base5_4,4,49,1.443858
Base5_4,4,50,1.443858
Base5_4,4,51,1.443858
Base5_4,4,52,1.443858
Base5_4,4,53,1.443858
Base5_4,4,54,1.443858
Base5_4,4,55,1.443858
Base5_4,4,56,1.443858
Base5_4,4,57,1.443858
Base5_4,4,58,1.443858
Base5_4,4,59,1.443858
Base5_4,4,60,1.443858
Base5_4,4,61,1.443858
Base5_4,4,62,1.443858
Base5_4,4,63,1.443858
Base5_4,4,64,1.443858
Base5_4,4,65,1.443858
Base5_4,4,66,1.443858
Base5_4,4,67,1.443858
Base5_4,4,68,1.443858
Base5_4,4,69,1.443858
Base5_4,4,70,1.443858
Base5_4,4,71,1.443858
Base5_4,4,72,1.443858
Base5_4,4,73,1.443858
Base5_4,4,74,1.443858
Base5_4,4,75,1.443858
Base5_4,4,76,1.443858
Base5_4,4,77,1.443858
Base5_4,4,78,1.443858
Base5_4,4,79,1.443858
Base5_4,4,80,1.443858
Base5_4,4,81,1.555558
Base5_4,4,82,1.555558
Base5_4,4,83,1.555558
Base5_4,4,84,1.555558
Base5_4,4,85,1.555558
Base5_4,4,86,1.555558
Base5_4,4,87,1.555558
Base5_4,4,88,1.555558
Base5_4,4,89,1.555558
Base5_4,4,90,1.555558
Base5_4,4,91,1.555558
Base5_4,4,92,1.555558
Base5_4,4,93,1.555558
Base5_4,4,94,1.555558
Base5_4,4,95,1.555558
Base5_4,4,96,1.555558
Base5_4,4,97,1.555558
Base5_4,4,98,1.555558
Base5_4,4,99,1.555558
Base5_4,4,100,1.555558
Base5_4,4,101,1.487098
Base5_4,4,102,1.487098
Base5_4,4,103,1.487098
Base5_4,4,104,1.487098
Base5_4,4,105,1.487098
Base5_4,4,106,1.487098
Base5_4,4,107,1.487098
Base5_4,4,108,1.487098
Base5_4,4,109,1.487098
Base5_4,4,110,1.487098
Base5_4,4,111,1.487098
Base5_4,4,112,1.487098
Base5_4,4,113,1.487098
Base5_4,4,114,1.487098
Base5_4,4,115,1.487098
Base5_4,4,116,1.487098
Base5_4,4,117,1.487098
Base5_4,4,118,1.487098
Base5_4,4,119,1.487098
Base5_4,4,120,1.510411
Base5_5,5,0,1.000000
Base5_5,5,1,1.000000
Base5_5,5,2,1.000000
Base5_5,5,3,1.066968
Base5_5,5,4,1.109102
Base5_5,5,5,1.109102
Base5_5,5,6,1.109102
Base5_5,5,7,1.109102
Base5_5,5,8,1.109102
Base5_5,5,9,1.391979
Base5_5,5,10,1.391979
Base5_5,5,11,1.391979
Base5_5,5,12,1.391979
Base5_5,5,13,1.391979
Base5_5,5,14,1.391979
Base5_5,5,15,1.391979
Base5_5,5,16,1.391979
Base5_5,5,17,1.391979
Base5_5,5,18,1.391979
Base5_5,5,19,1.391979
Base5_5,5,20,1.391979
Base5_5,5,21,1.391979
Base5_5,5,22,1.391979
Base5_5,5,23,1.391979
Base5_5,5,24,1.391979
Base5_5,5,25,1.276076
Base5_5,5,26,1.276076
Base5_5,5,27,1.276076
Base5_5,5,28,1.276076
Base5_5,5,29,1.276076
Base5_5,5,30,1.276076
Base5_5,5,31,1.503551
Base5_5,5,32,1.503551
Base5_5,5,33,1.503551
Base5_5,5,34,1.503551
Base5_5,5,35,1.503551
Base5_5,5,36,1.503551
Base5_5,5,37,1.503551
Base5_5,5,38,1.503551
Base5_5,5,39,1.503551
Base5_5,5,40,1.503551
Base5_5,5,41,1.503551
Base5_5,5,42,1.490880
Base5_5,5,43,1.436531
Base5_5,5,44,1.436531
Base5_5,5,45,1.436531
Base5_5,5,46,1.436531
Base5_5,5,47,1.436531
Base5_5,5,48,1.436531
Base5_5,5,49,1.436531
Base5_5,5,50,1.436531
Base5_5,5,51,1.526525
Base5_5,5,52,1.526525
Base5_5,5,53,1.501580
Base5_5,5,54,1.501580
Base5_5,5,55,1.501580
Base5_5,5,56,1.501580
Base5_5,5,57,1.501580
Base5_5,5,58,1.501580
Base5_5,5,59,1.501580
Base5_5,5,60,1.501580
Base5_5,5,61,1.501580
Base5_5,5,62,1.501580
Base5_5,5,63,1.501580
Base5_5,5,64,1.501580
Base5_5,5,65,1.501580
Base5_5,5,66,1.501580
Base5_5,5,67,1.501580
Base5_5,5,68,1.501580
Base5_5,5,69,1.501580
Base5_5,5,70,1.501580
Base5_5,5,71,1.501580
Base5_5,5,72,1.501580
Base5_5,5,73,1.501580
Base5_5,5,74,1.375885
Base5_5,5,75,1.375885
Base5_5,5,76,1.375885
Base5_5,5,77,1.375885
Base5_5,5,78,1.375885
Base5_5,5,79,1.375885
Base5_5,5,80,1.375885
Base5_5,5,81,1.375885
Base5_5,5,82,1.375885
Base5_5,5,83,1.654221
Base5_5,5,84,1.816865
Base5_5,5,85,1.816865
Base5_5,5,86,1.816865
Base5_5,5,87,1.816865
Base5_5,5,88,1.816865
Base5_5,5,89,1.708426
Base5_5,5,90,1.710113
Base5_5,5,91,1.710113
Base5_5,5,92,1.524189
Base5_5,5,93,1.524189
Base5_5,5,94,1.524189
Base5_5,5,95,1.524189
Base5_5,5,96,1.524189
Base5_5,5,97,1.524189
Base5_5,5,98,1.524189
Base5_5,5,99,1.524189
Base5_5,5,100,1.524189
Base5_5,5,101,1.524189
Base5_5,5,102,1.524189
Base5_5,5,103,1.524189
Base5_5,5,104,1.524189
Base5_5,5,105,1.524189
Base5_5,5,106,1.524189
Base5_5,5,107,1.524189
Base5_5,5,108,1.524189
Legacy4_0,0,0,1.000000
Legacy4_0,0,1,1.000000
Legacy4_0,0,2,1.000000
Legacy4_0,0,3,1.000000
Legacy4_0,0,4,1.000000
Legacy4_0,0,5,1.296484
Legacy4_0,0,6,1.296484
Legacy4_0,0,7,1.296484
Legacy4_0,0,8,1.296484
Legacy4_0,0,9,1.296484
Legacy4_0,0,10,1.296484
Legacy4_0,0,11,1.296484
Legacy4_0,0,12,1.296484
Legacy4_0,0,13,1.296484
Legacy4_0,0,14,1.296484
Legacy4_0,0,15,1.237927
Legacy4_0,0,16,1.237927
Legacy4_0,0,17,1.237927
Legacy4_0,0,18,1.237927
Legacy4_0,0,19,1.237927
Legacy4_0,0,20,1.144219
Legacy4_0,0,21,1.144219
Legacy4_0,0,22,1.144219
Legacy4_0,0,23,1.144219
Legacy4_0,0,24,1.144219
Legacy4_0,0,25,1.144219
Legacy4_0,0,26,1.144219
Legacy4_0,0,27,1.401096
Legacy4_0,0,28,1.401096
Legacy4_0,0,29,1.392678
Legacy4_0,0,30,1.392678
Legacy4_0,0,31,1.392678
Legacy4_0,0,32,1.392678
Legacy4_0,0,33,1.392678
Legacy4_0,0,34,1.392678
Legacy4_0,0,35,1.392678
Legacy4_0,0,36,1.392678
Legacy4_0,0,37,1.392678
Legacy4_0,0,38,1.392678
Legacy4_0,0,39,1.392678
Legacy4_0,0,40,1.377244
Legacy4_0,0,41,1.377244
Legacy4_0,0,42,1.336850
Legacy4_0,0,43,1.336850
Legacy4_0,0,44,1.210121
Legacy4_0,0,45,0.982742
Legacy4_0,0,46,1.095823
Legacy4_0,0,47,1.095823
Legacy4_0,0,48,1.095823
Legacy4_0,0,49,1.095823
Legacy4_0,0,50,1.095823
Legacy4_0,0,51,1.095823
Legacy4_0,0,52,1.095823
Legacy4_0,0,53,1.095823
Legacy4_0,0,54,1.095823
Legacy4_0,0,55,1.167624
Legacy4_0,0,56,0.912422
Legacy4_0,0,57,0.912422
Legacy4_0,0,58,0.912422
Legacy4_0,0,59,1.178950
Legacy4_0,0,60,1.199293
Legacy4_0,0,61,1.199293
Legacy4_0,0,62,1.199293
Legacy4_0,0,63,1.199293
Legacy4_0,0,64,1.199293
Legacy4_0,0,65,1.199293
Legacy4_0,0,66,1.199293
Legacy4_0,0,67,1.199293
Legacy4_0,0,68,1.199293
Legacy4_0,0,69,1.199293
Legacy4_0,0,70,1.199293
Legacy4_0,0,71,1.800947
Legacy4_0,0,72,1.800947
Legacy4_0,0,73,1.805416
Legacy4_0,0,74,1.805416
Legacy4_0,0,75,1.805416
Legacy4_0,0,76,1.805416
Legacy4_0,0,77,1.805416
Legacy4_0,0,78,1.805416
Legacy4_0,0,79,1.805416
Legacy4_0,0,80,1.805416
Legacy4_0,0,81,1.805416
Legacy4_0,0,82,1.805416
Legacy4_0,0,83,1.805416
Legacy4_0,0,84,2.348062
Legacy4_0,0,85,2.216820
Legacy4_0,0,86,2.216820
Legacy4_0,0,87,2.216820
Legacy4_0,0,88,2.216820
Legacy4_0,0,89,2.216820
Legacy4_0,0,90,2.216820
Legacy4_0,0,91,2.216820
Legacy4_0,0,92,2.216820
Legacy4_0,0,93,2.206887
Legacy4_0,0,94,2.206887
Legacy4_0,0,95,2.206887
Legacy4_0,0,96,2.193651
Legacy4_1,1,0,1.000000
Legacy4_1,1,1,1.265450
Legacy4_1,1,2,1.265450
Legacy4_1,1,3,1.265450
Legacy4_1,1,4,1.265450
Legacy4_1,1,5,1.265450
Legacy4_1,1,6,1.265450
Legacy4_1,1,7,1.265450
Legacy4_1,1,8,1.265450
Legacy4_1,1,9,1.265450
Legacy4_1,1,10,1.265450
Legacy4_1,1,11,1.170854
Legacy4_1,1,12,1.170854
Legacy4_1,1,13,1.170854
Legacy4_1,1,14,1.170854
Legacy4_1,1,15,1.170854
Legacy4_1,1,16,1.170854
Legacy4_1,1,17,1.170854
Legacy4_1,1,18,1.170854
Legacy4_1,1,19,1.170854
Legacy4_1,1,20,1.170854
Legacy4_1,1,21,1.170854
Legacy4_1,1,22,1.170854
Legacy4_1,1,23,1.040134
Legacy4_1,1,24,0.957821
Legacy4_1,1,25,0.957821
Legacy4_1,1,26,0.957821
Legacy4_1,1,27,0.957821
Legacy4_1,1,28,0.957821
Legacy4_1,1,29,0.957821
Legacy4_1,1,30,0.957821
Legacy4_1,1,31,0.957821
Legacy4_1,1,32,0.957821
Legacy4_1,1,33,0.957821
Legacy4_1,1,34,0.957821
Legacy4_1,1,35,0.957821
Legacy4_1,1,36,0.957821
Legacy4_1,1,37,0.957821
Legacy4_1,1,38,0.957821
Legacy4_1,1,39,0.957821
Legacy4_1,1,40,0.957821
Legacy4_1,1,41,0.957821
Legacy4_1,1,42,0.957821
Legacy4_1,1,43,0.957821
Legacy4_1,1,44,0.957821
Legacy4_1,1,45,0.957821
Legacy4_1,1,46,0.957821
Legacy4_1,1,47,0.957821
Legacy4_1,1,48,0.957821
Legacy4_1,1,49,0.957821
Legacy4_1,1,50,1.213489
Legacy4_1,1,51,1.213489
Legacy4_1,1,52,1.213489
Legacy4_1,1,53,1.213489
Legacy4_1,1,54,1.213489
Legacy4_1,1,55,1.213489
Legacy4_1,1,56,1.213489
Legacy4_1,1,57,1.213489
Legacy4_1,1,58,1.451675
Legacy4_1,1,59,1.451675
Legacy4_1,1,60,1.451675
Legacy4_1,1,61,1.451675
Legacy4_1,1,62,1.451675
Legacy4_1,1,63,1.451675
Legacy4_1,1,64,1.451675
Legacy4_1,1,65,1.548115
Legacy4_1,1,66,1.425272
Legacy4_1,1,67,1.338995
Legacy4_1,1,68,1.338995
Legacy4_1,1,69,1.338995
Legacy4_1,1,70,1.338995
Legacy4_1,1,71,1.338995
Legacy4_1,1,72,1.338995
Legacy4_1,1,73,1.338995
Legacy4_1,1,74,1.338995
Legacy4_1,1,75,1.338995
Legacy4_1,1,76,1.338995
Legacy4_1,1,77,1.338995
Legacy4_1,1,78,1.338995
Legacy4_1,1,79,1.338995
Legacy4_1,1,80,1.338995
Legacy4_1,1,81,1.338995
Legacy4_1,1,82,1.338995
Legacy4_1,1,83,1.338995
Legacy4_1,1,84,1.338995
Legacy4_1,1,85,1.338995
Legacy4_1,1,86,1.338995
Legacy4_1,1,87,1.338995
Legacy4_1,1,88,1.338995
Legacy4_1,1,89,1.338995
Legacy4_1,1,90,1.338995
Legacy4_1,1,91,1.338995
Legacy4_1,1,92,1.338995
Legacy4_1,1,93,1.338995
Legacy4_1,1,94,1.196727
Legacy4_1,1,95,1.196727
Legacy4_1,1,96,1.196727
Legacy4_1,1,97,1.196727
Legacy4_1,1,98,1.196727
Legacy4_1,1,99,1.196727
Legacy4_1,1,100,1.196727
Legacy4_1,1,101,1.196727
Legacy4_1,1,102,1.196727
Legacy4_1,1,103,1.196727
Legacy4_1,1,104,1.196727
Legacy4_1,1,105,1.196727
Legacy4_1,1,106,1.211629
Legacy4_1,1,107,1.211629
Legacy4_1,1,108,1.325814
Legacy4_1,1,109,1.325814
Legacy4_1,1,110,1.325814
Legacy4_1,1,111,1.372739
Legacy4_1,1,112,1.372739
Legacy4_1,1,113,1.372739
Legacy4_1,1,114,1.372739
Legacy4_2,2,0,1.000000
Legacy4_2,2,1,1.000000
Legacy4_2,2,2,1.000000
Legacy4_2,2,3,1.000000
Legacy4_2,2,4,1.000000
Legacy4_2,2,5,1.000000
Legacy4_2,2,6,1.000000
Legacy4_2,2,7,1.000000
Legacy4_2,2,8,1.000000
Legacy4_2,2,9,1.000000
Legacy4_2,2,10,1.000000
Legacy4_2,2,11,1.000000
Legacy4_2,2,12,1.000000
Legacy4_2,2,13,1.000000
Legacy4_2,2,14,1.000000
Legacy4_2,2,15,1.000000
Legacy4_2,2,16,1.000000
Legacy4_2,2,17,1.000000
Legacy4_2,2,18,1.000000
Legacy4_2,2,19,1.000000
Legacy4_2,2,20,1.000000
Legacy4_2,2,21,1.000000
Legacy4_2,2,22,1.000000
Legacy4_2,2,23,1.000000
Legacy4_2,2,24,1.000000
Legacy4_2,2,25,1.000000
Legacy4_2,2,26,1.000000
Legacy4_2,2,27,1.000000
Legacy4_2,2,28,1.000000
Legacy4_2,2,29,1.000000
Legacy4_2,2,30,1.000000
Legacy4_2,2,31,1.000000
Legacy4_2,2,32,1.000000
Legacy4_2,2,33,1.000000
Legacy4_2,2,34,1.078860
Legacy4_2,2,35,1.078860
Legacy4_2,2,36,1.268744
Legacy4_2,2,37,1.253769
Legacy4_2,2,38,1.253769
Legacy4_2,2,39,1.253769
Legacy4_2,2,40,1.099289
Legacy4_2,2,41,1.099289
Legacy4_2,2,42,1.099289
Legacy4_2,2,43,1.099289
Legacy4_2,2,44,1.099289
Legacy4_2,2,45,1.099289
Legacy4_2,2,46,1.143168
Legacy4_2,2,47,1.143168
Legacy4_2,2,48,1.143168
Legacy4_2,2,49,1.143168
Legacy4_2,2,50,1.143168
Legacy4_2,2,51,1.143168
Legacy4_2,2,52,1.143168
Legacy4_2,2,53,1.143168
Legacy4_2,2,54,1.143168
Legacy4_2,2,55,1.143168
Legacy4_2,2,56,1.143168
Legacy4_2,2,57,1.143168
Legacy4_2,2,58,1.143168
Legacy4_2,2,59,1.143168
Legacy4_2,2,60,1.143168
Legacy4_2,2,61,1.091787
Legacy4_2,2,62,1.091787
Legacy4_2,2,63,1.091787
Legacy4_2,2,64,1.091787
Legacy4_2,2,65,1.091787
Legacy4_2,2,66,1.091787
Legacy4_2,2,67,1.015176
Legacy4_2,2,68,1.018986
Legacy4_2,2,69,1.018986
Legacy4_2,2,70,1.014696
Legacy4_2,2,71,1.014696
Legacy4_2,2,72,1.014696
Legacy4_2,2,73,1.014696
Legacy4_2,2,74,1.014696
Legacy4_2,2,75,1.014696
Legacy4_2,2,76,1.014696
Legacy4_2,2,77,1.014696
Legacy4_2,2,78,1.014696
Legacy4_2,2,79,1.014696
Legacy4_2,2,80,1.014696
Legacy4_2,2,81,0.814062
Legacy4_2,2,82,0.814062
Legacy4_2,2,83,0.814062
Legacy4_2,2,84,0.814062
Legacy4_2,2,85,0.814062
Legacy4_2,2,86,0.814062
Legacy4_2,2,87,0.814062
Legacy4_2,2,88,0.814062
Legacy4_2,2,89,0.814062
Legacy4_2,2,90,0.814062
Legacy4_2,2,91,0.814062
Legacy4_2,2,92,0.814062
Legacy4_2,2,93,0.814062
Legacy4_2,2,94,0.814062
Legacy4_2,2,95,0.814062
Legacy4_2,2,96,0.814062
Legacy4_2,2,97,0.814062
Legacy4_2,2,98,0.814062
Legacy4_2,2,99,0.814062
Legacy4_2,2,100,0.814062
Legacy4_2,2,101,0.814062
Legacy4_2,2,102,0.814062
Legacy4_2,2,103,0.814062
Legacy4_2,2,104,0.814062
Legacy4_2,2,105,0.814062
Legacy4_2,2,106,0.814062
Legacy4_2,2,107,0.814062
Legacy4_2,2,108,0.814062
Legacy4_2,2,109,0.814062
Legacy4_2,2,110,0.814062
Legacy4_2,2,111,0.814062
Legacy4_2,2,112,1.256347
Legacy4_2,2,113,1.833446
Legacy4_3,3,0,1.000000
Legacy4_3,3,1,1.000000
Legacy4_3,3,2,1.000000
Legacy4_3,3,3,1.222907
Legacy4_3,3,4,1.222907
Legacy4_3,3,5,1.222907
Legacy4_3,3,6,1.222907
Legacy4_3,3,7,2.198246
Legacy4_3,3,8,2.198246
Legacy4_3,3,9,2.198246
Legacy4_3,3,10,2.198246
Legacy4_3,3,11,2.198246
Legacy4_3,3,12,2.198246
Legacy4_3,3,13,2.198246
Legacy4_3,3,14,2.198246
Legacy4_3,3,15,1.788659
Legacy4_3,3,16,1.788659
Legacy4_3,3,17,1.788659
Legacy4_3,3,18,2.026777
Legacy4_3,3,19,2.026777
Legacy4_3,3,20,2.026777
Legacy4_3,3,21,2.026777
Legacy4_3,3,22,2.026777
Legacy4_3,3,23,2.026777
Legacy4_3,3,24,2.026777
Legacy4_3,3,25,2.026777
Legacy4_3,3,26,2.026777
Legacy4_3,3,27,2.026777
Legacy4_3,3,28,2.026777
Legacy4_3,3,29,2.026777
Legacy4_3,3,30,2.026777
Legacy4_3,3,31,2.026777
Legacy4_3,3,32,2.026777
Legacy4_3,3,33,2.026777
Legacy4_3,3,34,1.897329
Legacy4_3,3,35,1.897329
Legacy4_3,3,36,1.897329
Legacy4_3,3,37,1.897329
Legacy4_3,3,38,1.897329
Legacy4_3,3,39,1.897329
Legacy4_3,3,40,1.897329
Legacy4_3,3,41,1.897329
Legacy4_3,3,42,1.897329
Legacy4_3,3,43,1.897329
Legacy4_3,3,44,2.155303
Legacy4_3,3,45,2.155303
Legacy4_3,3,46,2.155303
Legacy4_3,3,47,2.155303
Legacy4_3,3,48,2.155303
Legacy4_3,3,49,2.841576
Legacy4_3,3,50,2.692370
Legacy4_3,3,51,2.692370
Legacy4_3,3,52,2.692370
Legacy4_3,3,53,2.692370
Legacy4_3,3,54,2.692370
Legacy4_3,3,55,2.692370
Legacy4_3,3,56,2.692370
Legacy4_3,3,57,2.692370
Legacy4_3,3,58,2.692370
Legacy4_3,3,59,2.692370
Legacy4_3,3,60,2.692370
Legacy4_3,3,61,2.692370
Legacy4_3,3,62,2.692370
Legacy4_3,3,63,2.692370
Legacy4_3,3,64,2.692370
Legacy4_3,3,65,2.692370
Legacy4_3,3,66,2.692370
Legacy4_3,3,67,2.355484
Legacy4_3,3,68,2.355484
Legacy4_3,3,69,2.355484
Legacy4_3,3,70,2.355484
Legacy4_3,3,71,2.355484
Legacy4_3,3,72,2.355484
Legacy4_3,3,73,2.355484
Legacy4_3,3,74,2.355484
Legacy4_3,3,75,2.355484
Legacy4_3,3,76,2.355484
Legacy4_3,3,77,2.355484
Legacy4_3,3,78,2.062907
Legacy4_3,3,79,2.062907
Legacy4_3,3,80,2.062907
Legacy4_3,3,81,2.062907
Legacy4_3,3,82,2.062907
Legacy4_3,3,83,2.062907
Legacy4_3,3,84,2.062907
Legacy4_3,3,85,2.062907
Legacy4_3,3,86,2.062907
Legacy4_3,3,87,2.062907
Legacy4_3,3,88,2.062907
Legacy4_3,3,89,2.062907
Legacy4_3,3,90,2.062907
Legacy4_3,3,91,2.062907
Legacy4_3,3,92,2.062907
Legacy4_3,3,93,2.062907
Legacy4_3,3,94,1.935087
Legacy4_4,4,0,1.000000
Legacy4_4,4,1,1.000000
Legacy4_4,4,2,1.000000
Legacy4_4,4,3,1.000000
Legacy4_4,4,4,1.000000
Legacy4_4,4,5,1.000000
Legacy4_4,4,6,1.000000
Legacy4_4,4,7,1.000000
Legacy4_4,4,8,1.000000
Legacy4_4,4,9,1.000000
Legacy4_4,4,10,1.000000
Legacy4_4,4,11,1.000000
Legacy4_4,4,12,1.000000
Legacy4_4,4,13,1.000000
Legacy4_4,4,14,1.000000
Legacy4_4,4,15,1.079874
Legacy4_4,4,16,1.361175
Legacy4_4,4,17,1.361175
Legacy4_4,4,18,1.361175
Legacy4_4,4,19,1.361175
Legacy4_4,4,20,1.361175
Legacy4_4,4,21,1.361175
Legacy4_4,4,22,1.361175
Legacy4_4,4,23,1.361175
Legacy4_4,4,24,1.361175
Legacy4_4,4,25,1.361175
Legacy4_4,4,26,1.361175
Legacy4_4,4,27,1.118817
Legacy4_4,4,28,1.118817
Legacy4_4,4,29,1.118817
Legacy4_4,4,30,1.118817
Legacy4_4,4,31,1.118817
Legacy4_4,4,32,1.118817
Legacy4_4,4,33,1.118817
Legacy4_4,4,34,1.118817
Legacy4_4,4,35,1.118817
Legacy4_4,4,36,1.118817
Legacy4_4,4,37,1.379363
Legacy4_4,4,38,1.393477
Legacy4_4,4,39,1.393477
Legacy4_4,4,40,1.393477
Legacy4_4,4,41,1.393477
Legacy4_4,4,42,1.393477
Legacy4_4,4,43,1.393477
Legacy4_4,4,44,1.393477
Legacy4_4,4,45,1.393477
Legacy4_4,4,46,1.393477
Legacy4_4,4,47,1.393477
Legacy4_4,4,48,1.393477
Legacy4_4,4,49,1.393477
Legacy4_4,4,50,1.393477
Legacy4_4,4,51,1.393477
Legacy4_4,4,52,1.393477
Legacy4_4,4,53,1.393477
Legacy4_4,4,54,1.393477
Legacy4_4,4,55,1.393477
Legacy4_4,4,56,1.393477
Legacy4_4,4,57,1.393477
Legacy4_4,4,58,1.393477
Legacy4_4,4,59,1.393477
Legacy4_4,4,60,1.393477
Legacy4_4,4,61,1.393477
Legacy4_4,4,62,1.393477
Legacy4_4,4,63,1.393477
Legacy4_4,4,64,1.393477
Legacy4_4,4,65,1.385654
Legacy4_4,4,66,1.385654
Legacy4_4,4,67,1.385654
Legacy4_4,4,68,1.385654
Legacy4_4,4,69,1.385654
Legacy4_4,4,70,1.385654
Legacy4_4,4,71,1.385654
Legacy4_4,4,72,1.385654
Legacy4_4,4,73,1.385654
Legacy4_4,4,74,1.385654
Legacy4_4,4,75,1.385654
Legacy4_4,4,76,1.385654
Legacy4_4,4,77,1.385654
Legacy4_4,4,78,1.385654
Legacy4_4,4,79,1.385654
Legacy4_4,4,80,1.385654
Legacy4_4,4,81,1.385654
Legacy4_4,4,82,1.385654
Legacy4_4,4,83,1.385654
Legacy4_4,4,84,1.385654
Legacy4_4,4,85,1.385654
Legacy4_4,4,86,1.385654
Legacy4_4,4,87,1.385654
Legacy4_4,4,88,1.385654
Legacy4_4,4,89,1.385654
Legacy4_4,4,90,1.385654
Legacy4_4,4,91,1.385654
Legacy4_4,4,92,1.385654
Legacy4_4,4,93,1.385654
Legacy4_4,4,94,1.385654
Legacy4_4,4,95,1.385654
Legacy4_4,4,96,1.385654
Legacy4_4,4,97,1.385654
Legacy4_4,4,98,1.385654
Legacy4_4,4,99,1.385654
Legacy4_4,4,100,1.385654
Legacy4_4,4,101,1.385654
Legacy4_4,4,102,1.385654
Legacy4_4,4,103,1.385654
Legacy4_4,4,104,1.385654
Legacy4_4,4,105,1.385654
Legacy4_4,4,106,1.385654
Legacy4_4,4,107,1.385654
Legacy4_4,4,108,1.324672
Legacy4_4,4,109,1.324672
Legacy4_4,4,110,1.324672
Legacy4_4,4,111,1.324672
Legacy4_4,4,112,1.324672
Legacy4_4,4,113,1.324672
Legacy4_4,4,114,1.324672
Legacy4_4,4,115,1.324672
Legacy4_4,4,116,1.324672
Legacy4_4,4,117,1.324672
Legacy4_4,4,118,1.324672
Legacy4_4,4,119,1.324672
Legacy4_4,4,120,1.324672
Legacy4_4,4,121,1.324672
Legacy4_4,4,122,1.324672
Legacy4_4,4,123,1.324672
Legacy4_4,4,124,1.324672
Legacy4_4,4,125,1.324672
Legacy4_4,4,126,1.324672
Legacy4_4,4,127,1.324672
Legacy4_4,4,128,1.324672
Legacy4_4,4,129,1.324672
Legacy4_4,4,130,1.324672
Legacy4_4,4,131,1.324672
Legacy4_4,4,132,1.324672
Legacy4_4,4,133,1.324672
Legacy4_4,4,134,1.324672
Legacy4_4,4,135,1.324672
Legacy4_4,4,136,1.324672
Legacy4_5,5,0,1.000000
Legacy4_5,5,1,1.000000
Legacy4_5,5,2,1.000000
Legacy4_5,5,3,1.066968
Legacy4_5,5,4,1.066968
Legacy4_5,5,5,1.066968
Legacy4_5,5,6,1.066968
Legacy4_5,5,7,1.066968
Legacy4_5,5,8,1.066968
Legacy4_5,5,9,1.066968
Legacy4_5,5,10,0.981972
Legacy4_5,5,11,0.981972
Legacy4_5,5,12,0.981972
Legacy4_5,5,13,0.964376
Legacy4_5,5,14,0.964376
Legacy4_5,5,15,0.964376
Legacy4_5,5,16,0.964376
Legacy4_5,5,17,0.964376
Legacy4_5,5,18,0.964376
Legacy4_5,5,19,0.964376
Legacy4_5,5,20,0.964376
Legacy4_5,5,21,0.964376
Legacy4_5,5,22,0.964376
Legacy4_5,5,23,0.964376
Legacy4_5,5,24,0.964376
Legacy4_5,5,25,0.964376
Legacy4_5,5,26,0.964376
Legacy4_5,5,27,0.964376
Legacy4_5,5,28,0.964376
Legacy4_5,5,29,0.964376
Legacy4_5,5,30,0.964376
Legacy4_5,5,31,0.964376
Legacy4_5,5,32,0.964376
Legacy4_5,5,33,0.964376
Legacy4_5,5,34,0.964376
Legacy4_5,5,35,0.964376
Legacy4_5,5,36,0.964376
Legacy4_5,5,37,0.964376
Legacy4_5,5,38,0.884078
Legacy4_5,5,39,0.884078
Legacy4_5,5,40,0.884078
Legacy4_5,5,41,0.840367
Legacy4_5,5,42,1.065310
Legacy4_5,5,43,1.065310
Legacy4_5,5,44,1.065310
Legacy4_5,5,45,1.065310
Legacy4_5,5,46,1.065310
Legacy4_5,5,47,1.065310
Legacy4_5,5,48,1.065310
Legacy4_5,5,49,1.065310
Legacy4_5,5,50,1.065310
Legacy4_5,5,51,1.065310
Legacy4_5,5,52,1.065310
Legacy4_5,5,53,1.065310
Legacy4_5,5,54,1.065310
Legacy4_5,5,55,0.958511
Legacy4_5,5,56,0.958511
Legacy4_5,5,57,1.018559
Legacy4_5,5,58,1.018559
Legacy4_5,5,59,1.001915
Legacy4_5,5,60,1.001915
Legacy4_5,5,61,1.001915
Legacy4_5,5,62,1.001915
Legacy4_5,5,63,1.001915
Legacy4_5,5,64,1.001915
Legacy4_5,5,65,1.001915
Legacy4_5,5,66,1.001915
Legacy4_5,5,67,1.001915
Legacy4_5,5,68,1.001915
Legacy4_5,5,69,1.001915
Legacy4_5,5,70,1.001915
Legacy4_5,5,71,1.001915
Legacy4_5,5,72,1.001915
Legacy4_5,5,73,1.001915
Legacy4_5,5,74,1.001915
Legacy4_5,5,75,1.001915
Legacy4_5,5,76,1.001915
Legacy4_5,5,77,1.001915
Legacy4_5,5,78,1.001915
Legacy4_5,5,79,1.001915
Legacy4_5,5,80,0.918046
Legacy4_5,5,81,0.918046
Legacy4_5,5,82,0.918046
Legacy4_5,5,83,0.918046
Legacy4_5,5,84,0.918046
Legacy4_5,5,85,0.918046
Legacy4_5,5,86,0.918046
Legacy4_5,5,87,0.918046
Legacy4_5,5,88,0.918046
Legacy4_5,5,89,0.918046
Legacy4_5,5,90,0.918046
Legacy4_5,5,91,0.918046
Legacy4_5,5,92,0.918046
Legacy4_5,5,93,0.918046
Legacy4_5,5,94,0.918046
Legacy4_5,5,95,0.918046
Legacy4_5,5,96,0.918046
Legacy4_5,5,97,0.918046
Legacy4_5,5,98,0.918046
Legacy4_5,5,99,0.918046
Legacy4_5,5,100,0.918046
Legacy4_5,5,101,0.863253
Legacy4_5,5,102,0.863253
Legacy4_5,5,103,0.863253
Legacy4_5,5,104,0.863253
Legacy4_5,5,105,0.960792
Legacy4_5,5,106,0.960792
Legacy4_5,5,107,0.842613
Legacy4_5,5,108,0.842613
Legacy4_5,5,109,0.842613
Legacy4_5,5,110,0.842613
Legacy4_5,5,111,0.842613
Legacy4_5,5,112,0.842613
Legacy4_5,5,113,0.842613
Legacy4_5,5,114,0.842613
Legacy4_5,5,115,0.842613
Legacy4_5,5,116,0.842613
Legacy4_5,5,117,0.842613
Legacy4_5,5,118,0.842613
Legacy4_5,5,119,0.842613
Legacy4_5,5,120,0.842613
Legacy4_5,5,121,0.863601
LowVolume5_0,0,0,1.000000
LowVolume5_0,0,1,1.000000
LowVolume5_0,0,2,1.000000
LowVolume5_0,0,3,1.000000
LowVolume5_0,0,4,1.000000
LowVolume5_0,0,5,1.296484
LowVolume5_0,0,6,1.296484
LowVolume5_0,0,7,1.296484
LowVolume5_0,0,8,1.296484
LowVolume5_0,0,9,1.296484
LowVolume5_0,0,10,1.296484
LowVolume5_0,0,11,1.296484
LowVolume5_0,0,12,1.296484
LowVolume5_0,0,13,1.296484
LowVolume5_0,0,14,1.296484
LowVolume5_0,0,15,1.296484
LowVolume5_0,0,16,1.296484
LowVolume5_0,0,17,1.296484
LowVolume5_0,0,18,1.296484
LowVolume5_0,0,19,1.296484
LowVolume5_0,0,20,1.296484
LowVolume5_0,0,21,1.296484
LowVolume5_0,0,22,1.296484
LowVolume5_0,0,23,1.198344
LowVolume5_0,0,24,1.198344
LowVolume5_0,0,25,1.198344
LowVolume5_0,0,26,1.198344
LowVolume5_0,0,27,1.198344
LowVolume5_0,0,28,1.198344
LowVolume5_0,0,29,1.198344
LowVolume5_0,0,30,1.467372
LowVolume5_0,0,31,1.467372
LowVolume5_0,0,32,1.458556
LowVolume5_0,0,33,1.465129
LowVolume5_0,0,34,1.465129
LowVolume5_0,0,35,1.335275
LowVolume5_0,0,36,1.335275
LowVolume5_0,0,37,1.143874
LowVolume5_0,0,38,1.275496
LowVolume5_0,0,39,1.275496
LowVolume5_0,0,40,1.275496
LowVolume5_0,0,41,1.275496
LowVolume5_0,0,42,1.275496
LowVolume5_0,0,43,1.308653
LowVolume5_0,0,44,1.194982
LowVolume5_0,0,45,0.933801
LowVolume5_0,0,46,0.933801
LowVolume5_0,0,47,0.933801
LowVolume5_0,0,48,1.206574
LowVolume5_0,0,49,1.063972
LowVolume5_0,0,50,1.063972
LowVolume5_0,0,51,1.063972
LowVolume5_0,0,52,1.063972
LowVolume5_0,0,53,0.973009
LowVolume5_0,0,54,0.973009
LowVolume5_0,0,55,0.973009
LowVolume5_0,0,56,0.973009
LowVolume5_0,0,57,1.285892
LowVolume5_0,0,58,1.285892
LowVolume5_0,0,59,1.285892
LowVolume5_0,0,60,1.285892
LowVolume5_0,0,61,1.105923
LowVolume5_0,0,62,1.105923
LowVolume5_0,0,63,1.105923
LowVolume5_0,0,64,1.105923
LowVolume5_0,0,65,1.105923
LowVolume5_0,0,66,1.105923
LowVolume5_0,0,67,1.105923
LowVolume5_0,0,68,1.105923
LowVolume5_0,0,69,1.105923
LowVolume5_0,0,70,1.105923
LowVolume5_0,0,71,1.227059
LowVolume5_0,0,72,1.227059
LowVolume5_0,0,73,1.092968
LowVolume5_0,0,74,1.092968
LowVolume5_0,0,75,1.092968
LowVolume5_0,0,76,1.336369
LowVolume5_0,0,77,1.336369
LowVolume5_0,0,78,1.336369
LowVolume5_0,0,79,1.336369
LowVolume5_0,0,80,1.336369
LowVolume5_0,0,81,1.336369
LowVolume5_0,0,82,1.336369
LowVolume5_0,0,83,1.336369
LowVolume5_0,0,84,1.336369
LowVolume5_0,0,85,1.336369
LowVolume5_0,0,86,1.336369
LowVolume5_0,0,87,1.336369
LowVolume5_0,0,88,1.336369
LowVolume5_0,0,89,1.336369
LowVolume5_0,0,90,1.336369
LowVolume5_0,0,91,1.336369
LowVolume5_0,0,92,1.385292
LowVolume5_0,0,93,1.254793
LowVolume5_0,0,94,1.251664
LowVolume5_1,1,0,1.000000
LowVolume5_1,1,1,1.146782
LowVolume5_1,1,2,1.146782
LowVolume5_1,1,3,1.146782
LowVolume5_1,1,4,0.962093
LowVolume5_1,1,5,0.962093
LowVolume5_1,1,6,0.919569
LowVolume5_1,1,7,0.919569
LowVolume5_1,1,8,0.919569
LowVolume5_1,1,9,0.919569
LowVolume5_1,1,10,0.839009
LowVolume5_1,1,11,0.839009
LowVolume5_1,1,12,0.839009
LowVolume5_1,1,13,0.839009
LowVolume5_1,1,14,0.839009
LowVolume5_1,1,15,0.839009
LowVolume5_1,1,16,0.839009
LowVolume5_1,1,17,0.839009
LowVolume5_1,1,18,0.839009
LowVolume5_1,1,19,0.839009
LowVolume5_1,1,20,0.839009
LowVolume5_1,1,21,0.839009
LowVolume5_1,1,22,0.839009
LowVolume5_1,1,23,0.839009
LowVolume5_1,1,24,0.839009
LowVolume5_1,1,25,0.839009
LowVolume5_1,1,26,0.839009
LowVolume5_1,1,27,0.839009
LowVolume5_1,1,28,0.839009
LowVolume5_1,1,29,0.839009
LowVolume5_1,1,30,0.839009
LowVolume5_1,1,31,0.839009
LowVolume5_1,1,32,0.839009
LowVolume5_1,1,33,0.839009
LowVolume5_1,1,34,0.839009
LowVolume5_1,1,35,0.839009
LowVolume5_1,1,36,0.839009
LowVolume5_1,1,37,0.839009
LowVolume5_1,1,38,0.839009
LowVolume5_1,1,39,0.839009
LowVolume5_1,1,40,0.839009
LowVolume5_1,1,41,0.839009
LowVolume5_1,1,42,0.839009
LowVolume5_1,1,43,0.839009
LowVolume5_1,1,44,1.127892
LowVolume5_1,1,45,1.127892
LowVolume5_1,1,46,1.127892
LowVolume5_1,1,47,1.127892
LowVolume5_1,1,48,1.127892
LowVolume5_1,1,49,1.127892
LowVolume5_1,1,50,1.127892
LowVolume5_1,1,51,1.393936
LowVolume5_1,1,52,1.393936
LowVolume5_1,1,53,1.393936
LowVolume5_1,1,54,1.393936
LowVolume5_1,1,55,1.393936
LowVolume5_1,1,56,1.393936
LowVolume5_1,1,57,1.393936
LowVolume5_1,1,58,1.393936
LowVolume5_1,1,59,1.343103
LowVolume5_1,1,60,1.343103
LowVolume5_1,1,61,1.343103
LowVolume5_1,1,62,1.343103
LowVolume5_1,1,63,1.343103
LowVolume5_1,1,64,1.343103
LowVolume5_1,1,65,1.343103
LowVolume5_1,1,66,1.343103
LowVolume5_1,1,67,1.343103
LowVolume5_1,1,68,1.343103
LowVolume5_1,1,69,1.210901
LowVolume5_1,1,70,1.210901
LowVolume5_1,1,71,1.210901
LowVolume5_1,1,72,1.210901
LowVolume5_1,1,73,1.210901
LowVolume5_1,1,74,1.210901
LowVolume5_1,1,75,1.210901
LowVolume5_1,1,76,1.267234
LowVolume5_1,1,77,1.267234
LowVolume5_1,1,78,1.267234
LowVolume5_1,1,79,1.267234
LowVolume5_1,1,80,1.267234
LowVolume5_1,1,81,1.077945
LowVolume5_1,1,82,1.083528
LowVolume5_1,1,83,1.083528
LowVolume5_1,1,84,1.148628
LowVolume5_1,1,85,1.071894
LowVolume5_1,1,86,1.071894
LowVolume5_1,1,87,1.071894
LowVolume5_1,1,88,1.071894
LowVolume5_1,1,89,1.071894
LowVolume5_1,1,90,1.157513
LowVolume5_1,1,91,1.157513
LowVolume5_1,1,92,1.157513
LowVolume5_1,1,93,1.157513
LowVolume5_2,2,0,1.000000
LowVolume5_2,2,1,1.000000
LowVolume5_2,2,2,0.908990
LowVolume5_2,2,3,0.870445
LowVolume5_2,2,4,0.870445
LowVolume5_2,2,5,0.870445
LowVolume5_2,2,6,0.870445
LowVolume5_2,2,7,0.870445
LowVolume5_2,2,8,0.870445
LowVolume5_2,2,9,0.870445
LowVolume5_2,2,10,0.870445
LowVolume5_2,2,11,0.870445
LowVolume5_2,2,12,0.939088
LowVolume5_2,2,13,0.939088
LowVolume5_2,2,14,0.939088
LowVolume5_2,2,15,0.939088
LowVolume5_2,2,16,0.791214
LowVolume5_2,2,17,0.980853
LowVolume5_2,2,18,1.259148
LowVolume5_2,2,19,1.133988
LowVolume5_2,2,20,1.133988
LowVolume5_2,2,21,1.133988
LowVolume5_2,2,22,1.133988
LowVolume5_2,2,23,1.120783
LowVolume5_2,2,24,1.120783
LowVolume5_2,2,25,1.120783
LowVolume5_2,2,26,1.120783
LowVolume5_2,2,27,1.120783
LowVolume5_2,2,28,1.120783
LowVolume5_2,2,29,1.120783
LowVolume5_2,2,30,1.120783
LowVolume5_2,2,31,1.120783
LowVolume5_2,2,32,1.120783
LowVolume5_2,2,33,1.120783
LowVolume5_2,2,34,1.120783
LowVolume5_2,2,35,1.120783
LowVolume5_2,2,36,1.120783
LowVolume5_2,2,37,1.120783
LowVolume5_2,2,38,1.120783
LowVolume5_2,2,39,1.120783
LowVolume5_2,2,40,1.120783
LowVolume5_2,2,41,1.120783
LowVolume5_2,2,42,1.120783
LowVolume5_2,2,43,1.120783
LowVolume5_2,2,44,1.037740
LowVolume5_2,2,45,1.037740
LowVolume5_2,2,46,0.991098
LowVolume5_2,2,47,0.964990
LowVolume5_2,2,48,1.597135
LowVolume5_2,2,49,1.799983
LowVolume5_2,2,50,1.799983
LowVolume5_2,2,51,1.799983
LowVolume5_2,2,52,1.799983
LowVolume5_2,2,53,1.799983
LowVolume5_2,2,54,1.799983
LowVolume5_2,2,55,1.799983
LowVolume5_2,2,56,1.799983
LowVolume5_2,2,57,1.799983
LowVolume5_2,2,58,1.799983
LowVolume5_2,2,59,1.799983
LowVolume5_2,2,60,1.799983
LowVolume5_2,2,61,1.799983
LowVolume5_2,2,62,2.354679
LowVolume5_2,2,63,2.134026
LowVolume5_2,2,64,2.134026
LowVolume5_2,2,65,2.134026
LowVolume5_2,2,66,2.134026
LowVolume5_2,2,67,2.134026
LowVolume5_2,2,68,2.134026
LowVolume5_2,2,69,2.134026
LowVolume5_2,2,70,2.134026
LowVolume5_2,2,71,2.134026
LowVolume5_2,2,72,2.134026
LowVolume5_2,2,73,2.134026
LowVolume5_2,2,74,2.134026
LowVolume5_2,2,75,2.134026
LowVolume5_2,2,76,2.134026
LowVolume5_2,2,77,2.134026
LowVolume5_2,2,78,1.992945
LowVolume5_2,2,79,1.992945
LowVolume5_2,2,80,1.992945
LowVolume5_2,2,81,1.992945
LowVolume5_2,2,82,1.992945
LowVolume5_2,2,83,3.075724
LowVolume5_2,2,84,2.763525
LowVolume5_2,2,85,2.763525
LowVolume5_2,2,86,2.763525
LowVolume5_2,2,87,2.763525
LowVolume5_2,2,88,2.763525
LowVolume5_2,2,89,2.763525
LowVolume5_2,2,90,2.310993
LowVolume5_2,2,91,2.028568
LowVolume5_3,3,0,1.000000
LowVolume5_3,3,1,1.000000
LowVolume5_3,3,2,1.000000
LowVolume5_3,3,3,1.000000
LowVolume5_3,3,4,1.000000
LowVolume5_3,3,5,1.000000
LowVolume5_3,3,6,0.864602
LowVolume5_3,3,7,1.178709
LowVolume5_3,3,8,1.178709
LowVolume5_3,3,9,1.178709
LowVolume5_3,3,10,1.054829
LowVolume5_3,3,11,0.930968
LowVolume5_3,3,12,0.930968
LowVolume5_3,3,13,1.512193
LowVolume5_3,3,14,1.533282
LowVolume5_3,3,15,1.533282
LowVolume5_3,3,16,1.533282
LowVolume5_3,3,17,1.533282
LowVolume5_3,3,18,1.533282
LowVolume5_3,3,19,1.533282
LowVolume5_3,3,20,1.533282
LowVolume5_3,3,21,1.533282
LowVolume5_3,3,22,1.533282
LowVolume5_3,3,23,1.533282
LowVolume5_3,3,24,1.533282
LowVolume5_3,3,25,1.660053
LowVolume5_3,3,26,1.660053
LowVolume5_3,3,27,1.660053
LowVolume5_3,3,28,1.660053
LowVolume5_3,3,29,1.660053
LowVolume5_3,3,30,1.660053
LowVolume5_3,3,31,1.887987
LowVolume5_3,3,32,1.910377
LowVolume5_3,3,33,1.910377
LowVolume5_3,3,34,1.910377
LowVolume5_3,3,35,1.910377
LowVolume5_3,3,36,1.910377
LowVolume5_3,3,37,1.910377
LowVolume5_3,3,38,1.910377
LowVolume5_3,3,39,1.910377
LowVolume5_3,3,40,1.910377
LowVolume5_3,3,41,1.910377
LowVolume5_3,3,42,1.910377
LowVolume5_3,3,43,1.910377
LowVolume5_3,3,44,1.910377
LowVolume5_3,3,45,1.910377
LowVolume5_3,3,46,1.910377
LowVolume5_3,3,47,1.910377
LowVolume5_3,3,48,1.910377
LowVolume5_3,3,49,1.910377
LowVolume5_3,3,50,1.910377
LowVolume5_3,3,51,1.910377
LowVolume5_3,3,52,1.910377
LowVolume5_3,3,53,1.910377
LowVolume5_3,3,54,1.910377
LowVolume5_3,3,55,1.910377
LowVolume5_3,3,56,1.910377
LowVolume5_3,3,57,1.910377
LowVolume5_3,3,58,1.910377
LowVolume5_3,3,59,1.910377
LowVolume5_3,3,60,1.910377
LowVolume5_3,3,61,1.910377
LowVolume5_3,3,62,1.910377
LowVolume5_3,3,63,1.910377
LowVolume5_3,3,64,1.910377
LowVolume5_3,3,65,1.910377
LowVolume5_3,3,66,1.910377
LowVolume5_3,3,67,1.910377
LowVolume5_3,3,68,1.910377
LowVolume5_3,3,69,2.357868
LowVolume5_3,3,70,2.357868
LowVolume5_3,3,71,2.357868
LowVolume5_3,3,72,2.357868
LowVolume5_3,3,73,2.357868
LowVolume5_3,3,74,3.108639
LowVolume5_3,3,75,2.488194
LowVolume5_3,3,76,2.488194
LowVolume5_3,3,77,2.488194
LowVolume5_3,3,78,2.488194
LowVolume5_3,3,79,3.495208
LowVolume5_3,3,80,3.495208
LowVolume5_3,3,81,3.619633
LowVolume5_3,3,82,3.088852
LowVolume5_3,3,83,3.088852
LowVolume5_3,3,84,3.088852
LowVolume5_3,3,85,3.088852
LowVolume5_3,3,86,3.088852
LowVolume5_3,3,87,3.088852
LowVolume5_3,3,88,3.088852
LowVolume5_3,3,89,3.088852
LowVolume5_3,3,90,3.088852
LowVolume5_3,3,91,3.088852
LowVolume5_3,3,92,3.088852
LowVolume5_3,3,93,3.088852
LowVolume5_3,3,94,3.088852
LowVolume5_3,3,95,3.088852
LowVolume5_3,3,96,3.088852
LowVolume5_3,3,97,2.897462
LowVolume5_4,4,0,1.000000
LowVolume5_4,4,1,0.890512
LowVolume5_4,4,2,0.890512
LowVolume5_4,4,3,0.890512
LowVolume5_4,4,4,0.890512
LowVolume5_4,4,5,0.890512
LowVolume5_4,4,6,0.890512
LowVolume5_4,4,7,0.890512
LowVolume5_4,4,8,0.890512
LowVolume5_4,4,9,0.890512
LowVolume5_4,4,10,1.056857
LowVolume5_4,4,11,1.056857
LowVolume5_4,4,12,1.056857
LowVolume5_4,4,13,1.056857
LowVolume5_4,4,14,0.967932
LowVolume5_4,4,15,0.967932
LowVolume5_4,4,16,1.260432
LowVolume5_4,4,17,1.260432
LowVolume5_4,4,18,1.260432
LowVolume5_4,4,19,1.056774
LowVolume5_4,4,20,1.056774
LowVolume5_4,4,21,1.056774
LowVolume5_4,4,22,1.056774
LowVolume5_4,4,23,1.056774
LowVolume5_4,4,24,1.056774
LowVolume5_4,4,25,1.056774
LowVolume5_4,4,26,1.056774
LowVolume5_4,4,27,1.056774
LowVolume5_4,4,28,1.056774
LowVolume5_4,4,29,1.056774
LowVolume5_4,4,30,0.868615
LowVolume5_4,4,31,0.868615
LowVolume5_4,4,32,0.868615
LowVolume5_4,4,33,0.868615
LowVolume5_4,4,34,0.868615
LowVolume5_4,4,35,0.868615
LowVolume5_4,4,36,0.868615
LowVolume5_4,4,37,0.868615
LowVolume5_4,4,38,0.868615
LowVolume5_4,4,39,0.868615
LowVolume5_4,4,40,0.868615
LowVolume5_4,4,41,0.868615
LowVolume5_4,4,42,0.868615
LowVolume5_4,4,43,0.868615
LowVolume5_4,4,44,0.868615
LowVolume5_4,4,45,0.749438
LowVolume5_4,4,46,0.789535
LowVolume5_4,4,47,0.789535
LowVolume5_4,4,48,0.789535
LowVolume5_4,4,49,0.789535
LowVolume5_4,4,50,0.789535
LowVolume5_4,4,51,0.789535
LowVolume5_4,4,52,0.789535
LowVolume5_4,4,53,0.789535
LowVolume5_4,4,54,0.658520
LowVolume5_4,4,55,0.658520
LowVolume5_4,4,56,0.601254
LowVolume5_4,4,57,0.683697
LowVolume5_4,4,58,0.600027
LowVolume5_4,4,59,0.600027
LowVolume5_4,4,60,0.600027
LowVolume5_4,4,61,0.600027
LowVolume5_4,4,62,0.600027
LowVolume5_4,4,63,0.600027
LowVolume5_4,4,64,0.600027
LowVolume5_4,4,65,0.600027
LowVolume5_4,4,66,0.600027
LowVolume5_4,4,67,0.600027
LowVolume5_4,4,68,0.600027
LowVolume5_4,4,69,0.600027
LowVolume5_4,4,70,0.508974
LowVolume5_4,4,71,0.508974
LowVolume5_4,4,72,0.508974
LowVolume5_4,4,73,0.508974
LowVolume5_4,4,74,0.508974
LowVolume5_4,4,75,0.508974
LowVolume5_4,4,76,0.506116
LowVolume5_4,4,77,0.506116
LowVolume5_4,4,78,0.506116
LowVolume5_4,4,79,0.506116
LowVolume5_4,4,80,0.506116
LowVolume5_4,4,81,0.506116
LowVolume5_4,4,82,0.506116
LowVolume5_4,4,83,0.506116
LowVolume5_4,4,84,0.546087
LowVolume5_4,4,85,0.546087
LowVolume5_4,4,86,0.546087
LowVolume5_4,4,87,0.546087
LowVolume5_4,4,88,0.546087
LowVolume5_4,4,89,0.546087
LowVolume5_4,4,90,0.546087
LowVolume5_4,4,91,0.546087
LowVolume5_4,4,92,0.546087
LowVolume5_4,4,93,0.546087
LowVolume5_4,4,94,0.546087
LowVolume5_4,4,95,0.546087
LowVolume5_4,4,96,0.546087
LowVolume5_4,4,97,0.546087
LowVolume5_4,4,98,0.546087
LowVolume5_4,4,99,0.546087
LowVolume5_4,4,100,0.546087
LowVolume5_4,4,101,0.529421
LowVolume5_4,4,102,0.529421
LowVolume5_4,4,103,0.529421
LowVolume5_4,4,104,0.529421
LowVolume5_4,4,105,0.470848
LowVolume5_4,4,106,0.470848
LowVolume5_4,4,107,0.470848
LowVolume5_4,4,108,0.470848
LowVolume5_4,4,109,0.470848
LowVolume5_4,4,110,0.470848
LowVolume5_4,4,111,0.470848
LowVolume5_4,4,112,0.470848
LowVolume5_4,4,113,0.470848
LowVolume5_4,4,114,0.470848
LowVolume5_4,4,115,0.470848
LowVolume5_4,4,116,0.470848
LowVolume5_4,4,117,0.458368
LowVolume5_4,4,118,0.458368
LowVolume5_4,4,119,0.458368
LowVolume5_4,4,120,0.458368
LowVolume5_4,4,121,0.458368
LowVolume5_4,4,122,0.458368
LowVolume5_4,4,123,0.458368
LowVolume5_4,4,124,0.458368
LowVolume5_4,4,125,0.458368
LowVolume5_4,4,126,0.405131
LowVolume5_5,5,0,1.000000
LowVolume5_5,5,1,1.000000
LowVolume5_5,5,2,0.765293
LowVolume5_5,5,3,0.799010
LowVolume5_5,5,4,0.799010
LowVolume5_5,5,5,0.799010
LowVolume5_5,5,6,0.799010
LowVolume5_5,5,7,0.799010
LowVolume5_5,5,8,0.799010
LowVolume5_5,5,9,0.799010
LowVolume5_5,5,10,0.799010
LowVolume5_5,5,11,0.799010
LowVolume5_5,5,12,0.799010
LowVolume5_5,5,13,0.735360
LowVolume5_5,5,14,0.735360
LowVolume5_5,5,15,0.735360
LowVolume5_5,5,16,0.722183
LowVolume5_5,5,17,0.722183
LowVolume5_5,5,18,0.722183
LowVolume5_5,5,19,0.722183
LowVolume5_5,5,20,0.722183
LowVolume5_5,5,21,0.722183
LowVolume5_5,5,22,0.708481
LowVolume5_5,5,23,0.618812
LowVolume5_5,5,24,0.565568
LowVolume5_5,5,25,0.565568
LowVolume5_5,5,26,0.537605
LowVolume5_5,5,27,0.681507
LowVolume5_5,5,28,0.681507
LowVolume5_5,5,29,0.681507
LowVolume5_5,5,30,0.616829
LowVolume5_5,5,31,0.616829
LowVolume5_5,5,32,0.616829
LowVolume5_5,5,33,0.616829
LowVolume5_5,5,34,0.616829
LowVolume5_5,5,35,0.616829
LowVolume5_5,5,36,0.616829
LowVolume5_5,5,37,0.554991
LowVolume5_5,5,38,0.554991
LowVolume5_5,5,39,0.554991
LowVolume5_5,5,40,0.554991
LowVolume5_5,5,41,0.511426
LowVolume5_5,5,42,0.511426
LowVolume5_5,5,43,0.467918
LowVolume5_5,5,44,0.467918
LowVolume5_5,5,45,0.467918
LowVolume5_5,5,46,0.467918
LowVolume5_5,5,47,0.467918
LowVolume5_5,5,48,0.467918
LowVolume5_5,5,49,0.467918
LowVolume5_5,5,50,0.467918
LowVolume5_5,5,51,0.467918
LowVolume5_5,5,52,0.467918
LowVolume5_5,5,53,0.467918
LowVolume5_5,5,54,0.467918
LowVolume5_5,5,55,0.467918
LowVolume5_5,5,56,0.467918
LowVolume5_5,5,57,0.467918
LowVolume5_5,5,58,0.467918
LowVolume5_5,5,59,0.467918
LowVolume5_5,5,60,0.467918
LowVolume5_5,5,61,0.467918
LowVolume5_5,5,62,0.467918
LowVolume5_5,5,63,0.467918
LowVolume5_5,5,64,0.452380
LowVolume5_5,5,65,0.452380
LowVolume5_5,5,66,0.452380
LowVolume5_5,5,67,0.452380
LowVolume5_5,5,68,0.452380
LowVolume5_5,5,69,0.452380
LowVolume5_5,5,70,0.452380
LowVolume5_5,5,71,0.452380
LowVolume5_5,5,72,0.430172
LowVolume5_5,5,73,0.430172
LowVolume5_5,5,74,0.430172
LowVolume5_5,5,75,0.430172
LowVolume5_5,5,76,0.440673
LowVolume5_5,5,77,0.440673
LowVolume5_5,5,78,0.440673
LowVolume5_5,5,79,0.420473
LowVolume5_5,5,80,0.385354
