hm,universe,window,return_pct,sharpe,max_dd_pct,trades,win_rate_pct,pass,equity_final
5,Base5,0,312.38,7.5998,17.67,25,52.00,true,4.123770
8,Base5,0,437.01,10.4313,26.77,21,57.14,true,5.370060
10,Base5,0,672.43,13.2261,17.80,20,55.00,true,7.724277
12,Base5,0,567.57,12.0301,17.80,19,57.89,true,6.675680
15,Base5,0,536.55,14.2641,17.80,19,57.89,true,6.365451
18,Base5,0,631.84,14.4393,17.80,18,55.56,true,7.318401
20,Base5,0,646.44,14.4585,17.80,18,55.56,true,7.464414
22,Base5,0,601.02,13.8740,17.80,18,55.56,true,7.010152
25,Base5,0,601.02,13.8740,17.80,18,55.56,true,7.010152
30,Base5,0,601.02,13.8740,17.80,18,55.56,true,7.010152
35,Base5,0,601.02,13.8740,17.80,18,55.56,true,7.010152
40,Base5,0,601.02,13.8740,17.80,18,55.56,true,7.010152
45,Base5,0,601.02,13.8740,17.80,18,55.56,true,7.010152
50,Base5,0,601.02,13.8740,17.80,18,55.56,true,7.010152
60,Base5,0,601.02,13.8740,17.80,18,55.56,true,7.010152
75,Base5,0,601.02,13.8740,17.80,18,55.56,true,7.010152
90,Base5,0,601.02,13.8740,17.80,18,55.56,true,7.010152
120,Base5,0,601.02,13.8740,17.80,18,55.56,true,7.010152
180,Base5,0,601.02,13.8740,17.80,18,55.56,true,7.010152
5,Base5,1,669.62,5.4338,22.40,22,59.09,true,7.696174
8,Base5,1,543.58,4.7529,26.72,19,68.42,true,6.435760
10,Base5,1,557.36,4.6496,22.40,18,66.67,true,6.573602
12,Base5,1,368.68,3.9154,22.40,18,66.67,true,4.686791
15,Base5,1,371.30,3.8831,22.40,18,66.67,true,4.712971
18,Base5,1,386.34,3.9399,22.40,17,70.59,true,4.863405
20,Base5,1,386.34,3.9399,22.40,17,70.59,true,4.863405
22,Base5,1,386.34,3.9399,22.40,17,70.59,true,4.863405
25,Base5,1,386.34,3.9399,22.40,17,70.59,true,4.863405
30,Base5,1,386.34,3.9399,22.40,17,70.59,true,4.863405
35,Base5,1,386.34,3.9399,22.40,17,70.59,true,4.863405
40,Base5,1,386.34,3.9399,22.40,17,70.59,true,4.863405
45,Base5,1,386.34,3.9399,22.40,17,70.59,true,4.863405
50,Base5,1,386.34,3.9399,22.40,17,70.59,true,4.863405
60,Base5,1,386.34,3.9399,22.40,17,70.59,true,4.863405
75,Base5,1,386.34,3.9399,22.40,17,70.59,true,4.863405
90,Base5,1,386.34,3.9399,22.40,17,70.59,true,4.863405
120,Base5,1,386.34,3.9399,22.40,17,70.59,true,4.863405
180,Base5,1,386.34,3.9399,22.40,17,70.59,true,4.863405
5,Base5,2,64.75,3.9203,22.54,21,61.90,true,1.647492
8,Base5,2,-47.18,-2.0414,52.40,22,36.36,false,0.528196
10,Base5,2,2.52,0.9266,29.66,19,42.11,true,1.025228
12,Base5,2,73.71,3.1125,23.62,18,50.00,true,1.737082
15,Base5,2,-0.48,0.7020,32.82,18,44.44,false,0.995197
18,Base5,2,-41.28,-1.4989,50.22,19,36.84,false,0.587161
20,Base5,2,-19.71,-0.3770,32.82,18,38.89,false,0.802914
22,Base5,2,-4.93,0.4577,32.82,17,41.18,false,0.950689
25,Base5,2,9.39,1.4907,32.82,17,41.18,true,1.093871
30,Base5,2,3.97,1.0967,32.82,17,41.18,true,1.039724
35,Base5,2,3.97,1.0967,32.82,17,41.18,true,1.039724
40,Base5,2,3.97,1.0967,32.82,17,41.18,true,1.039724
45,Base5,2,3.97,1.0967,32.82,17,41.18,true,1.039724
50,Base5,2,3.97,1.0967,32.82,17,41.18,true,1.039724
60,Base5,2,3.97,1.0967,32.82,17,41.18,true,1.039724
75,Base5,2,3.97,1.0967,32.82,17,41.18,true,1.039724
90,Base5,2,3.97,1.0967,32.82,17,41.18,true,1.039724
120,Base5,2,3.97,1.0967,32.82,17,41.18,true,1.039724
180,Base5,2,3.97,1.0967,32.82,17,41.18,true,1.039724
5,Base5,3,67.72,3.5555,29.75,29,55.17,true,1.677219
8,Base5,3,99.72,4.5447,39.95,25,64.00,true,1.997245
10,Base5,3,22.69,2.2267,39.93,24,50.00,true,1.226918
12,Base5,3,140.06,6.1089,30.97,22,54.55,true,2.400625
15,Base5,3,113.87,5.7830,28.75,20,60.00,true,2.138726
18,Base5,3,110.56,5.7546,28.75,20,55.00,true,2.105603
20,Base5,3,113.29,5.4974,30.68,20,50.00,true,2.132869
22,Base5,3,68.53,4.3590,37.56,20,50.00,true,1.685287
25,Base5,3,102.99,5.2183,28.75,19,52.63,true,2.029882
30,Base5,3,116.72,6.0656,28.75,18,55.56,true,2.167210
35,Base5,3,116.72,6.0656,28.75,18,55.56,true,2.167210
40,Base5,3,116.72,6.0656,28.75,18,55.56,true,2.167210
45,Base5,3,116.72,6.0656,28.75,18,55.56,true,2.167210
50,Base5,3,116.72,6.0656,28.75,18,55.56,true,2.167210
60,Base5,3,116.72,6.0656,28.75,18,55.56,true,2.167210
75,Base5,3,116.72,6.0656,28.75,18,55.56,true,2.167210
90,Base5,3,116.72,6.0656,28.75,18,55.56,true,2.167210
120,Base5,3,116.72,6.0656,28.75,18,55.56,true,2.167210
180,Base5,3,116.72,6.0656,28.75,18,55.56,true,2.167210
5,Base5,4,52.87,5.7037,18.40,19,52.63,true,1.528696
8,Base5,4,66.68,5.3032,15.87,16,56.25,true,1.666785
10,Base5,4,124.21,10.1785,15.55,15,60.00,true,2.242103
12,Base5,4,95.90,10.9673,9.06,13,69.23,true,1.958999
15,Base5,4,95.82,10.1853,9.06,12,58.33,true,1.958210
18,Base5,4,64.24,7.1021,9.43,12,50.00,true,1.642419
20,Base5,4,69.71,8.2931,9.43,11,54.55,true,1.697097
22,Base5,4,71.01,8.3597,9.43,11,54.55,true,1.710061
25,Base5,4,44.08,6.0946,9.43,11,54.55,true,1.440752
30,Base5,4,56.70,6.2086,9.45,11,45.45,true,1.567016
35,Base5,4,52.98,7.0761,9.43,10,50.00,true,1.529777
40,Base5,4,52.98,7.0761,9.43,10,50.00,true,1.529777
45,Base5,4,52.98,7.0761,9.43,10,50.00,true,1.529777
50,Base5,4,52.98,7.0761,9.43,10,50.00,true,1.529777
60,Base5,4,52.98,7.0761,9.43,10,50.00,true,1.529777
75,Base5,4,52.98,7.0761,9.43,10,50.00,true,1.529777
90,Base5,4,52.98,7.0761,9.43,10,50.00,true,1.529777
120,Base5,4,52.98,7.0761,9.43,10,50.00,true,1.529777
180,Base5,4,52.98,7.0761,9.43,10,50.00,true,1.529777
5,Base5,5,40.86,4.0593,17.19,22,50.00,true,1.408630
8,Base5,5,5.37,1.0759,23.47,21,52.38,true,1.053704
10,Base5,5,3.36,1.0049,28.76,21,42.86,true,1.033648
12,Base5,5,6.60,1.3846,17.55,20,45.00,true,1.066033
15,Base5,5,42.21,4.3732,19.19,19,47.37,true,1.422085
18,Base5,5,31.63,3.5763,16.98,18,50.00,true,1.316286
20,Base5,5,27.14,3.1719,16.98,18,50.00,true,1.271365
22,Base5,5,27.14,3.1719,16.98,18,50.00,true,1.271365
25,Base5,5,27.14,3.1719,16.98,18,50.00,true,1.271365
30,Base5,5,27.14,3.1719,16.98,18,50.00,true,1.271365
35,Base5,5,27.14,3.1719,16.98,18,50.00,true,1.271365
40,Base5,5,27.14,3.1719,16.98,18,50.00,true,1.271365
45,Base5,5,27.14,3.1719,16.98,18,50.00,true,1.271365
50,Base5,5,27.14,3.1719,16.98,18,50.00,true,1.271365
60,Base5,5,27.14,3.1719,16.98,18,50.00,true,1.271365
75,Base5,5,27.14,3.1719,16.98,18,50.00,true,1.271365
90,Base5,5,27.14,3.1719,16.98,18,50.00,true,1.271365
120,Base5,5,27.14,3.1719,16.98,18,50.00,true,1.271365
180,Base5,5,27.14,3.1719,16.98,18,50.00,true,1.271365
5,NoDOGE,0,312.38,7.5998,17.67,25,52.00,true,4.123770
8,NoDOGE,0,437.01,10.4313,26.77,21,57.14,true,5.370060
10,NoDOGE,0,672.43,13.2261,17.80,20,55.00,true,7.724277
12,NoDOGE,0,567.57,12.0301,17.80,19,57.89,true,6.675680
15,NoDOGE,0,536.55,14.2641,17.80,19,57.89,true,6.365451
18,NoDOGE,0,631.84,14.4393,17.80,18,55.56,true,7.318401
20,NoDOGE,0,646.44,14.4585,17.80,18,55.56,true,7.464414
22,NoDOGE,0,601.02,13.8740,17.80,18,55.56,true,7.010152
25,NoDOGE,0,601.02,13.8740,17.80,18,55.56,true,7.010152
30,NoDOGE,0,601.02,13.8740,17.80,18,55.56,true,7.010152
35,NoDOGE,0,601.02,13.8740,17.80,18,55.56,true,7.010152
40,NoDOGE,0,601.02,13.8740,17.80,18,55.56,true,7.010152
45,NoDOGE,0,601.02,13.8740,17.80,18,55.56,true,7.010152
50,NoDOGE,0,601.02,13.8740,17.80,18,55.56,true,7.010152
60,NoDOGE,0,601.02,13.8740,17.80,18,55.56,true,7.010152
75,NoDOGE,0,601.02,13.8740,17.80,18,55.56,true,7.010152
90,NoDOGE,0,601.02,13.8740,17.80,18,55.56,true,7.010152
120,NoDOGE,0,601.02,13.8740,17.80,18,55.56,true,7.010152
180,NoDOGE,0,601.02,13.8740,17.80,18,55.56,true,7.010152
5,NoDOGE,1,96.26,8.5532,9.65,16,68.75,true,1.962557
8,NoDOGE,1,37.72,4.4086,19.07,13,53.85,true,1.377169
10,NoDOGE,1,66.33,8.5300,9.04,12,66.67,true,1.663315
12,NoDOGE,1,58.67,7.7526,9.04,12,66.67,true,1.586722
15,NoDOGE,1,57.76,7.7197,9.04,11,72.73,true,1.577598
18,NoDOGE,1,57.76,7.7197,9.04,11,72.73,true,1.577598
20,NoDOGE,1,57.76,7.7197,9.04,11,72.73,true,1.577598
22,NoDOGE,1,57.76,7.7197,9.04,11,72.73,true,1.577598
25,NoDOGE,1,57.76,7.7197,9.04,11,72.73,true,1.577598
30,NoDOGE,1,57.76,7.7197,9.04,11,72.73,true,1.577598
35,NoDOGE,1,57.76,7.7197,9.04,11,72.73,true,1.577598
40,NoDOGE,1,57.76,7.7197,9.04,11,72.73,true,1.577598
45,NoDOGE,1,57.76,7.7197,9.04,11,72.73,true,1.577598
50,NoDOGE,1,57.76,7.7197,9.04,11,72.73,true,1.577598
60,NoDOGE,1,57.76,7.7197,9.04,11,72.73,true,1.577598
75,NoDOGE,1,57.76,7.7197,9.04,11,72.73,true,1.577598
90,NoDOGE,1,57.76,7.7197,9.04,11,72.73,true,1.577598
120,NoDOGE,1,57.76,7.7197,9.04,11,72.73,true,1.577598
180,NoDOGE,1,57.76,7.7197,9.04,11,72.73,true,1.577598
5,NoDOGE,2,47.15,3.1006,35.82,23,60.87,true,1.471479
8,NoDOGE,2,-16.16,0.4459,46.67,22,40.91,false,0.838380
10,NoDOGE,2,33.00,2.6452,29.66,19,42.11,true,1.329975
12,NoDOGE,2,106.09,3.7361,23.62,18,50.00,true,2.060854
15,NoDOGE,2,9.84,1.4540,32.82,18,44.44,true,1.098397
18,NoDOGE,2,-31.44,-0.5533,47.34,19,36.84,false,0.685559
20,NoDOGE,2,-6.25,0.7144,32.82,18,38.89,false,0.937469
22,NoDOGE,2,4.93,1.2541,32.82,17,41.18,true,1.049274
25,NoDOGE,2,20.73,2.1289,32.82,17,41.18,true,1.207304
30,NoDOGE,2,14.75,1.7866,32.82,17,41.18,true,1.147541
35,NoDOGE,2,14.75,1.7866,32.82,17,41.18,true,1.147541
40,NoDOGE,2,14.75,1.7866,32.82,17,41.18,true,1.147541
45,NoDOGE,2,14.75,1.7866,32.82,17,41.18,true,1.147541
50,NoDOGE,2,14.75,1.7866,32.82,17,41.18,true,1.147541
60,NoDOGE,2,14.75,1.7866,32.82,17,41.18,true,1.147541
75,NoDOGE,2,14.75,1.7866,32.82,17,41.18,true,1.147541
90,NoDOGE,2,14.75,1.7866,32.82,17,41.18,true,1.147541
120,NoDOGE,2,14.75,1.7866,32.82,17,41.18,true,1.147541
180,NoDOGE,2,14.75,1.7866,32.82,17,41.18,true,1.147541
5,NoDOGE,3,106.85,4.6948,29.75,28,60.71,true,2.068520
8,NoDOGE,3,146.32,5.7799,30.97,24,70.83,true,2.463209
10,NoDOGE,3,51.32,3.2686,37.56,23,56.52,true,1.513162
12,NoDOGE,3,196.07,7.4466,18.63,21,61.90,true,2.960699
15,NoDOGE,3,163.77,7.2111,18.63,19,68.42,true,2.637698
18,NoDOGE,3,159.68,7.0875,26.94,19,63.16,true,2.596847
20,NoDOGE,3,163.05,6.6500,30.68,19,57.89,true,2.630475
22,NoDOGE,3,107.85,5.4942,37.56,19,57.89,true,2.078470
25,NoDOGE,3,150.35,6.4219,18.63,18,61.11,true,2.503460
30,NoDOGE,3,167.28,7.5222,18.63,17,64.71,true,2.672827
35,NoDOGE,3,167.28,7.5222,18.63,17,64.71,true,2.672827
40,NoDOGE,3,167.28,7.5222,18.63,17,64.71,true,2.672827
45,NoDOGE,3,167.28,7.5222,18.63,17,64.71,true,2.672827
50,NoDOGE,3,167.28,7.5222,18.63,17,64.71,true,2.672827
60,NoDOGE,3,167.28,7.5222,18.63,17,64.71,true,2.672827
75,NoDOGE,3,167.28,7.5222,18.63,17,64.71,true,2.672827
90,NoDOGE,3,167.28,7.5222,18.63,17,64.71,true,2.672827
120,NoDOGE,3,167.28,7.5222,18.63,17,64.71,true,2.672827
180,NoDOGE,3,167.28,7.5222,18.63,17,64.71,true,2.672827
5,NoDOGE,4,52.87,5.7037,18.40,19,52.63,true,1.528696
8,NoDOGE,4,66.68,5.3032,15.87,16,56.25,true,1.666785
10,NoDOGE,4,124.21,10.1785,15.55,15,60.00,true,2.242103
12,NoDOGE,4,95.90,10.9673,9.06,13,69.23,true,1.958999
15,NoDOGE,4,95.82,10.1853,9.06,12,58.33,true,1.958210
18,NoDOGE,4,64.24,7.1021,9.43,12,50.00,true,1.642419
20,NoDOGE,4,69.71,8.2931,9.43,11,54.55,true,1.697097
22,NoDOGE,4,71.01,8.3597,9.43,11,54.55,true,1.710061
25,NoDOGE,4,44.08,6.0946,9.43,11,54.55,true,1.440752
30,NoDOGE,4,56.70,6.2086,9.45,11,45.45,true,1.567016
35,NoDOGE,4,52.98,7.0761,9.43,10,50.00,true,1.529777
40,NoDOGE,4,52.98,7.0761,9.43,10,50.00,true,1.529777
45,NoDOGE,4,52.98,7.0761,9.43,10,50.00,true,1.529777
50,NoDOGE,4,52.98,7.0761,9.43,10,50.00,true,1.529777
60,NoDOGE,4,52.98,7.0761,9.43,10,50.00,true,1.529777
75,NoDOGE,4,52.98,7.0761,9.43,10,50.00,true,1.529777
90,NoDOGE,4,52.98,7.0761,9.43,10,50.00,true,1.529777
120,NoDOGE,4,52.98,7.0761,9.43,10,50.00,true,1.529777
180,NoDOGE,4,52.98,7.0761,9.43,10,50.00,true,1.529777
5,NoDOGE,5,34.99,3.8542,19.47,19,47.37,true,1.349866
8,NoDOGE,5,10.58,1.6452,19.84,18,50.00,true,1.105755
10,NoDOGE,5,11.46,1.9180,22.47,17,47.06,true,1.114556
12,NoDOGE,5,-3.22,0.4667,25.87,17,41.18,false,0.967785
15,NoDOGE,5,29.10,3.7126,27.35,16,43.75,true,1.291022
18,NoDOGE,5,19.50,2.8046,23.93,15,46.67,true,1.194974
20,NoDOGE,5,15.42,2.3698,23.93,15,46.67,true,1.154193
22,NoDOGE,5,15.42,2.3698,23.93,15,46.67,true,1.154193
25,NoDOGE,5,15.42,2.3698,23.93,15,46.67,true,1.154193
30,NoDOGE,5,15.42,2.3698,23.93,15,46.67,true,1.154193
35,NoDOGE,5,15.42,2.3698,23.93,15,46.67,true,1.154193
40,NoDOGE,5,15.42,2.3698,23.93,15,46.67,true,1.154193
45,NoDOGE,5,15.42,2.3698,23.93,15,46.67,true,1.154193
50,NoDOGE,5,15.42,2.3698,23.93,15,46.67,true,1.154193
60,NoDOGE,5,15.42,2.3698,23.93,15,46.67,true,1.154193
75,NoDOGE,5,15.42,2.3698,23.93,15,46.67,true,1.154193
90,NoDOGE,5,15.42,2.3698,23.93,15,46.67,true,1.154193
120,NoDOGE,5,15.42,2.3698,23.93,15,46.67,true,1.154193
180,NoDOGE,5,15.42,2.3698,23.93,15,46.67,true,1.154193
5,Legacy4,0,46.00,3.2468,23.19,27,51.85,true,1.460023
8,Legacy4,0,24.42,2.2921,21.86,25,48.00,true,1.244175
10,Legacy4,0,18.30,1.9141,23.05,24,50.00,true,1.183018
12,Legacy4,0,20.48,1.9824,23.20,24,50.00,true,1.204796
15,Legacy4,0,28.41,2.3941,21.86,23,52.17,true,1.284093
18,Legacy4,0,19.14,1.8180,21.86,23,52.17,true,1.191389
20,Legacy4,0,21.49,1.7144,21.86,23,52.17,true,1.214922
22,Legacy4,0,3.49,0.9488,21.86,22,50.00,true,1.034941
25,Legacy4,0,28.55,2.5765,21.86,22,45.45,true,1.285517
30,Legacy4,0,39.15,3.2607,21.86,22,45.45,true,1.391460
35,Legacy4,0,39.15,3.2607,21.86,22,45.45,true,1.391460
40,Legacy4,0,39.15,3.2607,21.86,22,45.45,true,1.391460
45,Legacy4,0,39.15,3.2607,21.86,22,45.45,true,1.391460
50,Legacy4,0,39.15,3.2607,21.86,22,45.45,true,1.391460
60,Legacy4,0,39.15,3.2607,21.86,22,45.45,true,1.391460
75,Legacy4,0,39.15,3.2607,21.86,22,45.45,true,1.391460
90,Legacy4,0,39.15,3.2607,21.86,22,45.45,true,1.391460
120,Legacy4,0,39.15,3.2607,21.86,22,45.45,true,1.391460
180,Legacy4,0,39.15,3.2607,21.86,22,45.45,true,1.391460
5,Legacy4,1,50.46,3.9904,14.12,24,54.17,true,1.504632
8,Legacy4,1,6.00,1.1617,29.14,19,52.63,true,1.059958
10,Legacy4,1,19.93,2.4893,13.50,18,55.56,true,1.199251
12,Legacy4,1,30.91,3.3377,16.95,18,55.56,true,1.309141
15,Legacy4,1,45.72,4.0187,20.76,16,62.50,true,1.457191
18,Legacy4,1,42.87,4.3567,16.02,15,66.67,true,1.428740
20,Legacy4,1,42.87,4.3567,16.02,15,66.67,true,1.428740
22,Legacy4,1,42.87,4.3567,16.02,15,66.67,true,1.428740
25,Legacy4,1,42.87,4.3567,16.02,15,66.67,true,1.428740
30,Legacy4,1,42.87,4.3567,16.02,15,66.67,true,1.428740
35,Legacy4,1,42.87,4.3567,16.02,15,66.67,true,1.428740
40,Legacy4,1,42.87,4.3567,16.02,15,66.67,true,1.428740
45,Legacy4,1,42.87,4.3567,16.02,15,66.67,true,1.428740
50,Legacy4,1,42.87,4.3567,16.02,15,66.67,true,1.428740
60,Legacy4,1,42.87,4.3567,16.02,15,66.67,true,1.428740
75,Legacy4,1,42.87,4.3567,16.02,15,66.67,true,1.428740
90,Legacy4,1,42.87,4.3567,16.02,15,66.67,true,1.428740
120,Legacy4,1,42.87,4.3567,16.02,15,66.67,true,1.428740
180,Legacy4,1,42.87,4.3567,16.02,15,66.67,true,1.428740
5,Legacy4,2,66.21,3.1225,29.24,19,63.16,true,1.662135
8,Legacy4,2,-16.69,-0.3421,30.56,18,44.44,false,0.833076
10,Legacy4,2,13.23,1.4789,19.77,17,41.18,true,1.132267
12,Legacy4,2,98.04,3.8920,19.77,15,53.33,true,1.980367
15,Legacy4,2,5.55,0.8549,22.10,15,46.67,true,1.055499
18,Legacy4,2,-24.95,-0.9682,30.44,15,40.00,false,0.750503
20,Legacy4,2,2.63,0.7205,22.10,14,42.86,true,1.026276
22,Legacy4,2,0.83,0.5612,22.10,14,42.86,true,1.008295
25,Legacy4,2,16.02,1.8006,22.10,14,42.86,true,1.160153
30,Legacy4,2,10.27,1.3284,22.10,14,42.86,true,1.102724
35,Legacy4,2,10.27,1.3284,22.10,14,42.86,true,1.102724
40,Legacy4,2,10.27,1.3284,22.10,14,42.86,true,1.102724
45,Legacy4,2,10.27,1.3284,22.10,14,42.86,true,1.102724
50,Legacy4,2,10.27,1.3284,22.10,14,42.86,true,1.102724
60,Legacy4,2,10.27,1.3284,22.10,14,42.86,true,1.102724
75,Legacy4,2,10.27,1.3284,22.10,14,42.86,true,1.102724
90,Legacy4,2,10.27,1.3284,22.10,14,42.86,true,1.102724
120,Legacy4,2,10.27,1.3284,22.10,14,42.86,true,1.102724
180,Legacy4,2,10.27,1.3284,22.10,14,42.86,true,1.102724
5,Legacy4,3,-20.85,-0.3313,44.70,28,42.86,false,0.791463
8,Legacy4,3,52.98,2.8418,41.97,22,63.64,true,1.529784
10,Legacy4,3,-4.85,1.1325,50.56,22,40.91,false,0.951469
12,Legacy4,3,48.16,2.9946,41.97,20,45.00,true,1.481638
15,Legacy4,3,28.59,2.3400,41.97,18,50.00,true,1.285937
18,Legacy4,3,36.54,2.7579,41.97,18,50.00,true,1.365387
20,Legacy4,3,30.70,2.8131,47.89,18,38.89,true,1.307020
22,Legacy4,3,27.71,2.8416,50.56,18,38.89,true,1.277090
25,Legacy4,3,30.26,2.7265,41.97,17,41.18,true,1.302631
30,Legacy4,3,39.08,2.9880,41.97,16,43.75,true,1.390759
35,Legacy4,3,39.08,2.9880,41.97,16,43.75,true,1.390759
40,Legacy4,3,39.08,2.9880,41.97,16,43.75,true,1.390759
45,Legacy4,3,39.08,2.9880,41.97,16,43.75,true,1.390759
50,Legacy4,3,39.08,2.9880,41.97,16,43.75,true,1.390759
60,Legacy4,3,39.08,2.9880,41.97,16,43.75,true,1.390759
75,Legacy4,3,39.08,2.9880,41.97,16,43.75,true,1.390759
90,Legacy4,3,39.08,2.9880,41.97,16,43.75,true,1.390759
120,Legacy4,3,39.08,2.9880,41.97,16,43.75,true,1.390759
180,Legacy4,3,39.08,2.9880,41.97,16,43.75,true,1.390759
5,Legacy4,4,-5.17,0.1565,28.29,20,45.00,false,0.948307
8,Legacy4,4,-7.49,0.0218,28.43,15,46.67,false,0.925098
10,Legacy4,4,3.07,1.1177,24.77,16,43.75,true,1.030685
12,Legacy4,4,-9.85,-0.2566,24.77,16,43.75,false,0.901535
15,Legacy4,4,5.69,1.3663,24.30,13,38.46,true,1.056890
18,Legacy4,4,0.80,0.8504,26.93,12,41.67,true,1.008046
20,Legacy4,4,-2.06,0.5436,26.93,12,41.67,false,0.979392
22,Legacy4,4,-0.65,0.6849,26.93,12,41.67,false,0.993530
25,Legacy4,4,-1.98,0.5389,26.93,12,41.67,false,0.980233
30,Legacy4,4,6.61,1.5927,28.40,12,33.33,true,1.066138
35,Legacy4,4,4.08,1.1508,26.93,11,36.36,true,1.040801
40,Legacy4,4,4.08,1.1508,26.93,11,36.36,true,1.040801
45,Legacy4,4,4.08,1.1508,26.93,11,36.36,true,1.040801
50,Legacy4,4,4.08,1.1508,26.93,11,36.36,true,1.040801
60,Legacy4,4,4.08,1.1508,26.93,11,36.36,true,1.040801
75,Legacy4,4,4.08,1.1508,26.93,11,36.36,true,1.040801
90,Legacy4,4,4.08,1.1508,26.93,11,36.36,true,1.040801
120,Legacy4,4,4.08,1.1508,26.93,11,36.36,true,1.040801
180,Legacy4,4,4.08,1.1508,26.93,11,36.36,true,1.040801
5,Legacy4,5,-19.97,-1.1020,36.16,21,33.33,false,0.800324
8,Legacy4,5,-7.25,-0.1877,30.23,18,44.44,false,0.927526
10,Legacy4,5,-23.42,-2.0675,31.19,18,38.89,false,0.765807
12,Legacy4,5,-27.59,-2.6571,34.94,18,33.33,false,0.724082
15,Legacy4,5,-18.39,-1.1890,30.59,18,33.33,false,0.816135
18,Legacy4,5,-17.13,-1.1260,30.23,17,35.29,false,0.828708
20,Legacy4,5,-19.96,-1.5245,30.23,17,35.29,false,0.800426
22,Legacy4,5,-19.96,-1.5245,30.23,17,35.29,false,0.800426
25,Legacy4,5,-19.96,-1.5245,30.23,17,35.29,false,0.800426
30,Legacy4,5,-19.96,-1.5245,30.23,17,35.29,false,0.800426
35,Legacy4,5,-19.96,-1.5245,30.23,17,35.29,false,0.800426
40,Legacy4,5,-19.96,-1.5245,30.23,17,35.29,false,0.800426
45,Legacy4,5,-19.96,-1.5245,30.23,17,35.29,false,0.800426
50,Legacy4,5,-19.96,-1.5245,30.23,17,35.29,false,0.800426
60,Legacy4,5,-19.96,-1.5245,30.23,17,35.29,false,0.800426
75,Legacy4,5,-19.96,-1.5245,30.23,17,35.29,false,0.800426
90,Legacy4,5,-19.96,-1.5245,30.23,17,35.29,false,0.800426
120,Legacy4,5,-19.96,-1.5245,30.23,17,35.29,false,0.800426
180,Legacy4,5,-19.96,-1.5245,30.23,17,35.29,false,0.800426
5,Legacy5BNB,0,56.65,3.5796,23.19,29,55.17,true,1.566536
8,Legacy5BNB,0,30.40,2.5745,27.77,26,46.15,true,1.304031
10,Legacy5BNB,0,51.57,3.5724,27.77,25,52.00,true,1.515707
12,Legacy5BNB,0,45.62,3.0979,29.02,23,56.52,true,1.456205
15,Legacy5BNB,0,26.87,2.2943,27.77,22,54.55,true,1.268735
18,Legacy5BNB,0,18.66,1.7975,27.77,22,54.55,true,1.186568
20,Legacy5BNB,0,18.66,1.7975,27.77,22,54.55,true,1.186568
22,Legacy5BNB,0,18.66,1.7975,27.77,22,54.55,true,1.186568
25,Legacy5BNB,0,18.66,1.7975,27.77,22,54.55,true,1.186568
30,Legacy5BNB,0,18.66,1.7975,27.77,22,54.55,true,1.186568
35,Legacy5BNB,0,18.66,1.7975,27.77,22,54.55,true,1.186568
40,Legacy5BNB,0,18.66,1.7975,27.77,22,54.55,true,1.186568
45,Legacy5BNB,0,18.66,1.7975,27.77,22,54.55,true,1.186568
50,Legacy5BNB,0,18.66,1.7975,27.77,22,54.55,true,1.186568
60,Legacy5BNB,0,18.66,1.7975,27.77,22,54.55,true,1.186568
75,Legacy5BNB,0,18.66,1.7975,27.77,22,54.55,true,1.186568
90,Legacy5BNB,0,18.66,1.7975,27.77,22,54.55,true,1.186568
120,Legacy5BNB,0,18.66,1.7975,27.77,22,54.55,true,1.186568
180,Legacy5BNB,0,18.66,1.7975,27.77,22,54.55,true,1.186568
5,Legacy5BNB,1,78.46,5.9627,13.74,20,55.00,true,1.784579
8,Legacy5BNB,1,39.28,5.1742,16.93,15,60.00,true,1.392822
10,Legacy5BNB,1,48.70,6.2246,12.77,14,71.43,true,1.486967
12,Legacy5BNB,1,52.91,6.3238,16.95,14,71.43,true,1.529058
15,Legacy5BNB,1,89.35,7.5260,20.76,14,71.43,true,1.893482
18,Legacy5BNB,1,97.02,10.1380,16.02,13,69.23,true,1.970191
20,Legacy5BNB,1,97.60,9.4791,16.02,13,69.23,true,1.976034
22,Legacy5BNB,1,113.26,11.5708,16.02,12,75.00,true,2.132564
25,Legacy5BNB,1,103.20,10.9349,16.02,12,75.00,true,2.032017
30,Legacy5BNB,1,103.20,10.9349,16.02,12,75.00,true,2.032017
35,Legacy5BNB,1,103.20,10.9349,16.02,12,75.00,true,2.032017
40,Legacy5BNB,1,103.20,10.9349,16.02,12,75.00,true,2.032017
45,Legacy5BNB,1,103.20,10.9349,16.02,12,75.00,true,2.032017
50,Legacy5BNB,1,103.20,10.9349,16.02,12,75.00,true,2.032017
60,Legacy5BNB,1,103.20,10.9349,16.02,12,75.00,true,2.032017
75,Legacy5BNB,1,103.20,10.9349,16.02,12,75.00,true,2.032017
90,Legacy5BNB,1,103.20,10.9349,16.02,12,75.00,true,2.032017
120,Legacy5BNB,1,103.20,10.9349,16.02,12,75.00,true,2.032017
180,Legacy5BNB,1,103.20,10.9349,16.02,12,75.00,true,2.032017
5,Legacy5BNB,2,-16.44,-0.6924,31.94,20,45.00,false,0.835574
8,Legacy5BNB,2,-32.50,-1.5313,34.72,19,36.84,false,0.674992
10,Legacy5BNB,2,-0.32,0.5270,19.77,18,38.89,false,0.996789
12,Legacy5BNB,2,77.48,3.3715,19.77,17,47.06,true,1.774833
15,Legacy5BNB,2,-5.40,0.1148,27.16,17,41.18,false,0.945953
18,Legacy5BNB,2,-32.74,-1.5000,34.95,17,35.29,false,0.672611
20,Legacy5BNB,2,-8.02,-0.0324,27.16,16,37.50,false,0.919763
22,Legacy5BNB,2,-9.64,-0.1823,27.16,16,37.50,false,0.903648
25,Legacy5BNB,2,3.97,1.0435,27.16,16,37.50,true,1.039745
30,Legacy5BNB,2,-1.17,0.5845,27.16,16,37.50,false,0.988277
35,Legacy5BNB,2,-1.17,0.5845,27.16,16,37.50,false,0.988277
40,Legacy5BNB,2,-1.17,0.5845,27.16,16,37.50,false,0.988277
45,Legacy5BNB,2,-1.17,0.5845,27.16,16,37.50,false,0.988277
50,Legacy5BNB,2,-1.17,0.5845,27.16,16,37.50,false,0.988277
60,Legacy5BNB,2,-1.17,0.5845,27.16,16,37.50,false,0.988277
75,Legacy5BNB,2,-1.17,0.5845,27.16,16,37.50,false,0.988277
90,Legacy5BNB,2,-1.17,0.5845,27.16,16,37.50,false,0.988277
120,Legacy5BNB,2,-1.17,0.5845,27.16,16,37.50,false,0.988277
180,Legacy5BNB,2,-1.17,0.5845,27.16,16,37.50,false,0.988277
5,Legacy5BNB,3,25.52,2.0399,44.70,25,48.00,true,1.255161
8,Legacy5BNB,3,220.38,5.5998,41.97,19,63.16,true,3.203771
10,Legacy5BNB,3,22.61,2.1688,50.56,19,47.37,true,1.226085
12,Legacy5BNB,3,33.99,2.4503,41.97,18,50.00,true,1.339887
15,Legacy5BNB,3,65.71,3.6026,41.97,15,60.00,true,1.657089
18,Legacy5BNB,3,242.94,6.7529,41.97,15,60.00,true,3.429407
20,Legacy5BNB,3,68.43,4.0501,47.89,15,46.67,true,1.684257
22,Legacy5BNB,3,64.57,3.9834,50.56,15,46.67,true,1.645689
25,Legacy5BNB,3,67.86,3.9048,41.97,14,50.00,true,1.678602
30,Legacy5BNB,3,79.22,4.2731,41.97,13,53.85,true,1.792165
35,Legacy5BNB,3,79.22,4.2731,41.97,13,53.85,true,1.792165
40,Legacy5BNB,3,79.22,4.2731,41.97,13,53.85,true,1.792165
45,Legacy5BNB,3,79.22,4.2731,41.97,13,53.85,true,1.792165
50,Legacy5BNB,3,79.22,4.2731,41.97,13,53.85,true,1.792165
60,Legacy5BNB,3,79.22,4.2731,41.97,13,53.85,true,1.792165
75,Legacy5BNB,3,79.22,4.2731,41.97,13,53.85,true,1.792165
90,Legacy5BNB,3,79.22,4.2731,41.97,13,53.85,true,1.792165
120,Legacy5BNB,3,79.22,4.2731,41.97,13,53.85,true,1.792165
180,Legacy5BNB,3,79.22,4.2731,41.97,13,53.85,true,1.792165
5,Legacy5BNB,4,-11.23,-0.4207,43.40,17,41.18,false,0.887732
8,Legacy5BNB,4,6.60,1.4614,36.24,15,46.67,true,1.065989
10,Legacy5BNB,4,3.59,1.1282,33.41,14,42.86,true,1.035877
12,Legacy5BNB,4,-2.92,0.5447,33.41,14,42.86,false,0.970773
15,Legacy5BNB,4,23.89,2.9537,33.41,12,41.67,true,1.238854
18,Legacy5BNB,4,-8.34,0.1007,38.58,12,33.33,false,0.916621
20,Legacy5BNB,4,-10.94,-0.2053,38.58,12,33.33,false,0.890565
22,Legacy5BNB,4,-10.40,-0.1202,39.09,12,33.33,false,0.896005
25,Legacy5BNB,4,3.27,1.0712,28.95,11,45.45,true,1.032655
30,Legacy5BNB,4,12.32,2.1176,35.67,11,36.36,true,1.123155
35,Legacy5BNB,4,9.65,1.7039,28.95,10,40.00,true,1.096463
40,Legacy5BNB,4,9.65,1.7039,28.95,10,40.00,true,1.096463
45,Legacy5BNB,4,9.65,1.7039,28.95,10,40.00,true,1.096463
50,Legacy5BNB,4,9.65,1.7039,28.95,10,40.00,true,1.096463
60,Legacy5BNB,4,9.65,1.7039,28.95,10,40.00,true,1.096463
75,Legacy5BNB,4,9.65,1.7039,28.95,10,40.00,true,1.096463
90,Legacy5BNB,4,9.65,1.7039,28.95,10,40.00,true,1.096463
120,Legacy5BNB,4,9.65,1.7039,28.95,10,40.00,true,1.096463
180,Legacy5BNB,4,9.65,1.7039,28.95,10,40.00,true,1.096463
5,Legacy5BNB,5,21.47,3.2153,18.15,18,44.44,true,1.214704
8,Legacy5BNB,5,1.02,0.7122,19.71,14,50.00,true,1.010179
10,Legacy5BNB,5,-6.91,-0.4846,19.71,15,46.67,false,0.930887
12,Legacy5BNB,5,-11.98,-1.2774,20.65,15,40.00,false,0.880168
15,Legacy5BNB,5,-0.79,0.6129,20.86,15,40.00,false,0.992065
18,Legacy5BNB,5,0.73,0.7550,19.71,14,42.86,true,1.007347
20,Legacy5BNB,5,-2.70,0.2104,19.71,14,42.86,false,0.972969
22,Legacy5BNB,5,-2.70,0.2104,19.71,14,42.86,false,0.972969
25,Legacy5BNB,5,-2.70,0.2104,19.71,14,42.86,false,0.972969
30,Legacy5BNB,5,-2.70,0.2104,19.71,14,42.86,false,0.972969
35,Legacy5BNB,5,-2.70,0.2104,19.71,14,42.86,false,0.972969
40,Legacy5BNB,5,-2.70,0.2104,19.71,14,42.86,false,0.972969
45,Legacy5BNB,5,-2.70,0.2104,19.71,14,42.86,false,0.972969
50,Legacy5BNB,5,-2.70,0.2104,19.71,14,42.86,false,0.972969
60,Legacy5BNB,5,-2.70,0.2104,19.71,14,42.86,false,0.972969
75,Legacy5BNB,5,-2.70,0.2104,19.71,14,42.86,false,0.972969
90,Legacy5BNB,5,-2.70,0.2104,19.71,14,42.86,false,0.972969
120,Legacy5BNB,5,-2.70,0.2104,19.71,14,42.86,false,0.972969
180,Legacy5BNB,5,-2.70,0.2104,19.71,14,42.86,false,0.972969
5,OldGuardNoBNB,0,86.33,4.3887,29.86,30,50.00,true,1.863315
8,OldGuardNoBNB,0,29.14,2.3330,34.74,28,46.43,true,1.291397
10,OldGuardNoBNB,0,58.44,3.3593,28.64,27,51.85,true,1.584417
12,OldGuardNoBNB,0,111.07,5.1602,30.77,26,53.85,true,2.110652
15,OldGuardNoBNB,0,72.00,4.2296,28.64,25,52.00,true,1.720022
18,OldGuardNoBNB,0,72.00,4.2296,28.64,25,52.00,true,1.720022
20,OldGuardNoBNB,0,72.00,4.2296,28.64,25,52.00,true,1.720022
22,OldGuardNoBNB,0,72.00,4.2296,28.64,25,52.00,true,1.720022
25,OldGuardNoBNB,0,72.00,4.2296,28.64,25,52.00,true,1.720022
30,OldGuardNoBNB,0,72.00,4.2296,28.64,25,52.00,true,1.720022
35,OldGuardNoBNB,0,72.00,4.2296,28.64,25,52.00,true,1.720022
40,OldGuardNoBNB,0,72.00,4.2296,28.64,25,52.00,true,1.720022
45,OldGuardNoBNB,0,72.00,4.2296,28.64,25,52.00,true,1.720022
50,OldGuardNoBNB,0,72.00,4.2296,28.64,25,52.00,true,1.720022
60,OldGuardNoBNB,0,72.00,4.2296,28.64,25,52.00,true,1.720022
75,OldGuardNoBNB,0,72.00,4.2296,28.64,25,52.00,true,1.720022
90,OldGuardNoBNB,0,72.00,4.2296,28.64,25,52.00,true,1.720022
120,OldGuardNoBNB,0,72.00,4.2296,28.64,25,52.00,true,1.720022
180,OldGuardNoBNB,0,72.00,4.2296,28.64,25,52.00,true,1.720022
5,OldGuardNoBNB,1,-14.27,-0.3588,29.99,25,48.00,false,0.857329
8,OldGuardNoBNB,1,21.26,1.7774,29.57,19,52.63,true,1.212566
10,OldGuardNoBNB,1,-8.12,-0.0385,29.57,20,50.00,false,0.918827
12,OldGuardNoBNB,1,-7.26,0.0796,29.57,20,50.00,false,0.927424
15,OldGuardNoBNB,1,-8.64,0.1127,29.57,19,47.37,false,0.913635
18,OldGuardNoBNB,1,1.78,0.7613,29.57,18,50.00,true,1.017757
20,OldGuardNoBNB,1,-3.38,0.3816,29.57,18,50.00,false,0.966182
22,OldGuardNoBNB,1,-3.38,0.3816,29.57,18,50.00,false,0.966182
25,OldGuardNoBNB,1,-3.38,0.3816,29.57,18,50.00,false,0.966182
30,OldGuardNoBNB,1,-3.38,0.3816,29.57,18,50.00,false,0.966182
35,OldGuardNoBNB,1,-3.38,0.3816,29.57,18,50.00,false,0.966182
40,OldGuardNoBNB,1,-3.38,0.3816,29.57,18,50.00,false,0.966182
45,OldGuardNoBNB,1,-3.38,0.3816,29.57,18,50.00,false,0.966182
50,OldGuardNoBNB,1,-3.38,0.3816,29.57,18,50.00,false,0.966182
60,OldGuardNoBNB,1,-3.38,0.3816,29.57,18,50.00,false,0.966182
75,OldGuardNoBNB,1,-3.38,0.3816,29.57,18,50.00,false,0.966182
90,OldGuardNoBNB,1,-3.38,0.3816,29.57,18,50.00,false,0.966182
120,OldGuardNoBNB,1,-3.38,0.3816,29.57,18,50.00,false,0.966182
180,OldGuardNoBNB,1,-3.38,0.3816,29.57,18,50.00,false,0.966182
5,OldGuardNoBNB,2,50.21,2.6107,29.24,19,63.16,true,1.502146
8,OldGuardNoBNB,2,-20.15,-0.5877,30.56,18,44.44,false,0.798462
10,OldGuardNoBNB,2,8.52,1.1651,19.77,17,41.18,true,1.085222
12,OldGuardNoBNB,2,89.81,3.7257,19.77,15,53.33,true,1.898084
15,OldGuardNoBNB,2,1.16,0.5432,22.10,15,46.67,true,1.011644
18,OldGuardNoBNB,2,-28.07,-1.2240,30.44,15,40.00,false,0.719320
20,OldGuardNoBNB,2,-1.64,0.3993,22.10,14,42.86,false,0.983635
22,OldGuardNoBNB,2,-3.36,0.2395,22.10,14,42.86,false,0.966401
25,OldGuardNoBNB,2,11.19,1.5073,22.10,14,42.86,true,1.111949
30,OldGuardNoBNB,2,5.69,1.0281,22.10,14,42.86,true,1.056907
35,OldGuardNoBNB,2,5.69,1.0281,22.10,14,42.86,true,1.056907
40,OldGuardNoBNB,2,5.69,1.0281,22.10,14,42.86,true,1.056907
45,OldGuardNoBNB,2,5.69,1.0281,22.10,14,42.86,true,1.056907
50,OldGuardNoBNB,2,5.69,1.0281,22.10,14,42.86,true,1.056907
60,OldGuardNoBNB,2,5.69,1.0281,22.10,14,42.86,true,1.056907
75,OldGuardNoBNB,2,5.69,1.0281,22.10,14,42.86,true,1.056907
90,OldGuardNoBNB,2,5.69,1.0281,22.10,14,42.86,true,1.056907
120,OldGuardNoBNB,2,5.69,1.0281,22.10,14,42.86,true,1.056907
180,OldGuardNoBNB,2,5.69,1.0281,22.10,14,42.86,true,1.056907
5,OldGuardNoBNB,3,-20.85,-0.3313,44.70,28,42.86,false,0.791463
8,OldGuardNoBNB,3,52.98,2.8418,41.97,22,63.64,true,1.529784
10,OldGuardNoBNB,3,-4.85,1.1325,50.56,22,40.91,false,0.951469
12,OldGuardNoBNB,3,48.16,2.9946,41.97,20,45.00,true,1.481638
15,OldGuardNoBNB,3,28.59,2.3400,41.97,18,50.00,true,1.285937
18,OldGuardNoBNB,3,36.54,2.7579,41.97,18,50.00,true,1.365387
20,OldGuardNoBNB,3,30.70,2.8131,47.89,18,38.89,true,1.307020
22,OldGuardNoBNB,3,27.71,2.8416,50.56,18,38.89,true,1.277090
25,OldGuardNoBNB,3,30.26,2.7265,41.97,17,41.18,true,1.302631
30,OldGuardNoBNB,3,39.08,2.9880,41.97,16,43.75,true,1.390759
35,OldGuardNoBNB,3,39.08,2.9880,41.97,16,43.75,true,1.390759
40,OldGuardNoBNB,3,39.08,2.9880,41.97,16,43.75,true,1.390759
45,OldGuardNoBNB,3,39.08,2.9880,41.97,16,43.75,true,1.390759
50,OldGuardNoBNB,3,39.08,2.9880,41.97,16,43.75,true,1.390759
60,OldGuardNoBNB,3,39.08,2.9880,41.97,16,43.75,true,1.390759
75,OldGuardNoBNB,3,39.08,2.9880,41.97,16,43.75,true,1.390759
90,OldGuardNoBNB,3,39.08,2.9880,41.97,16,43.75,true,1.390759
120,OldGuardNoBNB,3,39.08,2.9880,41.97,16,43.75,true,1.390759
180,OldGuardNoBNB,3,39.08,2.9880,41.97,16,43.75,true,1.390759
5,OldGuardNoBNB,4,-17.97,-1.0269,37.96,21,42.86,false,0.820347
8,OldGuardNoBNB,4,-19.97,-1.1050,38.09,16,43.75,false,0.800270
10,OldGuardNoBNB,4,-10.84,-0.0858,34.92,17,41.18,false,0.891609
12,OldGuardNoBNB,4,-22.01,-1.3790,34.92,17,41.18,false,0.779886
15,OldGuardNoBNB,4,-8.57,0.2333,34.52,14,35.71,false,0.914278
18,OldGuardNoBNB,4,-12.80,-0.3144,36.79,13,38.46,false,0.872025
20,OldGuardNoBNB,4,-15.28,-0.5970,36.79,13,38.46,false,0.847237
22,OldGuardNoBNB,4,-14.05,-0.4515,36.79,13,38.46,false,0.859467
25,OldGuardNoBNB,4,-15.20,-0.5745,36.79,13,38.46,false,0.847965
30,OldGuardNoBNB,4,-7.77,0.5240,38.06,13,30.77,false,0.922278
35,OldGuardNoBNB,4,-9.96,0.0133,36.79,12,33.33,false,0.900361
40,OldGuardNoBNB,4,-9.96,0.0133,36.79,12,33.33,false,0.900361
45,OldGuardNoBNB,4,-9.96,0.0133,36.79,12,33.33,false,0.900361
50,OldGuardNoBNB,4,-9.96,0.0133,36.79,12,33.33,false,0.900361
60,OldGuardNoBNB,4,-9.96,0.0133,36.79,12,33.33,false,0.900361
75,OldGuardNoBNB,4,-9.96,0.0133,36.79,12,33.33,false,0.900361
90,OldGuardNoBNB,4,-9.96,0.0133,36.79,12,33.33,false,0.900361
120,OldGuardNoBNB,4,-9.96,0.0133,36.79,12,33.33,false,0.900361
180,OldGuardNoBNB,4,-9.96,0.0133,36.79,12,33.33,false,0.900361
5,OldGuardNoBNB,5,30.03,1.7516,26.51,24,41.67,true,1.300268
8,OldGuardNoBNB,5,84.48,2.9513,16.17,20,55.00,true,1.844815
10,OldGuardNoBNB,5,41.30,1.9346,27.32,20,50.00,true,1.413036
12,OldGuardNoBNB,5,33.60,1.7267,29.18,20,45.00,true,1.336047
15,OldGuardNoBNB,5,50.59,2.2227,30.59,20,45.00,true,1.505901
18,OldGuardNoBNB,5,52.91,2.2625,27.32,19,47.37,true,1.529099
20,OldGuardNoBNB,5,47.69,2.0961,27.32,19,47.37,true,1.476915
22,OldGuardNoBNB,5,47.69,2.0961,27.32,19,47.37,true,1.476915
25,OldGuardNoBNB,5,47.69,2.0961,27.32,19,47.37,true,1.476915
30,OldGuardNoBNB,5,47.69,2.0961,27.32,19,47.37,true,1.476915
35,OldGuardNoBNB,5,47.69,2.0961,27.32,19,47.37,true,1.476915
40,OldGuardNoBNB,5,47.69,2.0961,27.32,19,47.37,true,1.476915
45,OldGuardNoBNB,5,47.69,2.0961,27.32,19,47.37,true,1.476915
50,OldGuardNoBNB,5,47.69,2.0961,27.32,19,47.37,true,1.476915
60,OldGuardNoBNB,5,47.69,2.0961,27.32,19,47.37,true,1.476915
75,OldGuardNoBNB,5,47.69,2.0961,27.32,19,47.37,true,1.476915
90,OldGuardNoBNB,5,47.69,2.0961,27.32,19,47.37,true,1.476915
120,OldGuardNoBNB,5,47.69,2.0961,27.32,19,47.37,true,1.476915
180,OldGuardNoBNB,5,47.69,2.0961,27.32,19,47.37,true,1.476915
5,LargeCaps5,0,356.96,7.9254,16.19,25,60.00,true,4.569584
8,LargeCaps5,0,514.08,10.8654,26.77,22,63.64,true,6.140829
10,LargeCaps5,0,890.30,14.2072,17.80,21,66.67,true,9.903019
12,LargeCaps5,0,468.79,10.4147,23.42,20,65.00,true,5.687862
15,LargeCaps5,0,400.90,11.4983,23.42,20,65.00,true,5.008994
18,LargeCaps5,0,475.89,11.7970,23.42,19,63.16,true,5.758873
20,LargeCaps5,0,487.38,11.8407,23.42,19,63.16,true,5.873771
22,LargeCaps5,0,451.63,11.3786,23.42,19,63.16,true,5.516311
25,LargeCaps5,0,451.63,11.3786,23.42,19,63.16,true,5.516311
30,LargeCaps5,0,451.63,11.3786,23.42,19,63.16,true,5.516311
35,LargeCaps5,0,451.63,11.3786,23.42,19,63.16,true,5.516311
40,LargeCaps5,0,451.63,11.3786,23.42,19,63.16,true,5.516311
45,LargeCaps5,0,451.63,11.3786,23.42,19,63.16,true,5.516311
50,LargeCaps5,0,451.63,11.3786,23.42,19,63.16,true,5.516311
60,LargeCaps5,0,451.63,11.3786,23.42,19,63.16,true,5.516311
75,LargeCaps5,0,451.63,11.3786,23.42,19,63.16,true,5.516311
90,LargeCaps5,0,451.63,11.3786,23.42,19,63.16,true,5.516311
120,LargeCaps5,0,451.63,11.3786,23.42,19,63.16,true,5.516311
180,LargeCaps5,0,451.63,11.3786,23.42,19,63.16,true,5.516311
5,LargeCaps5,1,96.26,8.5532,9.65,16,68.75,true,1.962557
8,LargeCaps5,1,37.72,4.4086,19.07,13,53.85,true,1.377169
10,LargeCaps5,1,66.33,8.5300,9.04,12,66.67,true,1.663315
12,LargeCaps5,1,58.67,7.7526,9.04,12,66.67,true,1.586722
15,LargeCaps5,1,57.76,7.7197,9.04,11,72.73,true,1.577598
18,LargeCaps5,1,57.76,7.7197,9.04,11,72.73,true,1.577598
20,LargeCaps5,1,57.76,7.7197,9.04,11,72.73,true,1.577598
22,LargeCaps5,1,57.76,7.7197,9.04,11,72.73,true,1.577598
25,LargeCaps5,1,57.76,7.7197,9.04,11,72.73,true,1.577598
30,LargeCaps5,1,57.76,7.7197,9.04,11,72.73,true,1.577598
35,LargeCaps5,1,57.76,7.7197,9.04,11,72.73,true,1.577598
40,LargeCaps5,1,57.76,7.7197,9.04,11,72.73,true,1.577598
45,LargeCaps5,1,57.76,7.7197,9.04,11,72.73,true,1.577598
50,LargeCaps5,1,57.76,7.7197,9.04,11,72.73,true,1.577598
60,LargeCaps5,1,57.76,7.7197,9.04,11,72.73,true,1.577598
75,LargeCaps5,1,57.76,7.7197,9.04,11,72.73,true,1.577598
90,LargeCaps5,1,57.76,7.7197,9.04,11,72.73,true,1.577598
120,LargeCaps5,1,57.76,7.7197,9.04,11,72.73,true,1.577598
180,LargeCaps5,1,57.76,7.7197,9.04,11,72.73,true,1.577598
5,LargeCaps5,2,32.83,2.4199,35.82,24,58.33,true,1.328300
8,LargeCaps5,2,-16.16,0.4459,46.67,22,40.91,false,0.838380
10,LargeCaps5,2,33.00,2.6452,29.66,19,42.11,true,1.329975
12,LargeCaps5,2,106.09,3.7361,23.62,18,50.00,true,2.060854
15,LargeCaps5,2,9.84,1.4540,32.82,18,44.44,true,1.098397
18,LargeCaps5,2,-31.44,-0.5533,47.34,19,36.84,false,0.685559
20,LargeCaps5,2,-6.25,0.7144,32.82,18,38.89,false,0.937469
22,LargeCaps5,2,4.93,1.2541,32.82,17,41.18,true,1.049274
25,LargeCaps5,2,20.73,2.1289,32.82,17,41.18,true,1.207304
30,LargeCaps5,2,14.75,1.7866,32.82,17,41.18,true,1.147541
35,LargeCaps5,2,14.75,1.7866,32.82,17,41.18,true,1.147541
40,LargeCaps5,2,14.75,1.7866,32.82,17,41.18,true,1.147541
45,LargeCaps5,2,14.75,1.7866,32.82,17,41.18,true,1.147541
50,LargeCaps5,2,14.75,1.7866,32.82,17,41.18,true,1.147541
60,LargeCaps5,2,14.75,1.7866,32.82,17,41.18,true,1.147541
75,LargeCaps5,2,14.75,1.7866,32.82,17,41.18,true,1.147541
90,LargeCaps5,2,14.75,1.7866,32.82,17,41.18,true,1.147541
120,LargeCaps5,2,14.75,1.7866,32.82,17,41.18,true,1.147541
180,LargeCaps5,2,14.75,1.7866,32.82,17,41.18,true,1.147541
5,LargeCaps5,3,102.43,4.7347,29.75,25,52.00,true,2.024334
8,LargeCaps5,3,578.64,8.4447,18.63,19,73.68,true,6.786382
10,LargeCaps5,3,59.26,3.9699,37.56,19,52.63,true,1.592568
12,LargeCaps5,3,118.68,5.1340,24.05,18,55.56,true,2.186787
15,LargeCaps5,3,177.61,9.0025,18.63,15,66.67,true,2.776115
18,LargeCaps5,3,432.72,10.4986,26.94,15,60.00,true,5.327158
20,LargeCaps5,3,176.85,7.9818,30.68,15,53.33,true,2.768512
22,LargeCaps5,3,118.75,6.6144,37.56,15,53.33,true,2.187540
25,LargeCaps5,3,163.48,7.7711,18.63,14,57.14,true,2.634833
30,LargeCaps5,3,181.31,9.4111,18.63,13,61.54,true,2.813088
35,LargeCaps5,3,181.31,9.4111,18.63,13,61.54,true,2.813088
40,LargeCaps5,3,181.31,9.4111,18.63,13,61.54,true,2.813088
45,LargeCaps5,3,181.31,9.4111,18.63,13,61.54,true,2.813088
50,LargeCaps5,3,181.31,9.4111,18.63,13,61.54,true,2.813088
60,LargeCaps5,3,181.31,9.4111,18.63,13,61.54,true,2.813088
75,LargeCaps5,3,181.31,9.4111,18.63,13,61.54,true,2.813088
90,LargeCaps5,3,181.31,9.4111,18.63,13,61.54,true,2.813088
120,LargeCaps5,3,181.31,9.4111,18.63,13,61.54,true,2.813088
180,LargeCaps5,3,181.31,9.4111,18.63,13,61.54,true,2.813088
5,LargeCaps5,4,52.24,5.4568,18.40,20,50.00,true,1.522380
8,LargeCaps5,4,54.62,4.5238,15.87,17,52.94,true,1.546155
10,LargeCaps5,4,117.82,9.4129,15.55,15,53.33,true,2.178195
12,LargeCaps5,4,76.47,8.4438,9.92,14,64.29,true,1.764747
15,LargeCaps5,4,95.82,10.1853,9.06,12,58.33,true,1.958210
18,LargeCaps5,4,64.24,7.1021,9.43,12,50.00,true,1.642419
20,LargeCaps5,4,69.71,8.2931,9.43,11,54.55,true,1.697097
22,LargeCaps5,4,71.01,8.3597,9.43,11,54.55,true,1.710061
25,LargeCaps5,4,44.08,6.0946,9.43,11,54.55,true,1.440752
30,LargeCaps5,4,56.70,6.2086,9.45,11,45.45,true,1.567016
35,LargeCaps5,4,52.98,7.0761,9.43,10,50.00,true,1.529777
40,LargeCaps5,4,52.98,7.0761,9.43,10,50.00,true,1.529777
45,LargeCaps5,4,52.98,7.0761,9.43,10,50.00,true,1.529777
50,LargeCaps5,4,52.98,7.0761,9.43,10,50.00,true,1.529777
60,LargeCaps5,4,52.98,7.0761,9.43,10,50.00,true,1.529777
75,LargeCaps5,4,52.98,7.0761,9.43,10,50.00,true,1.529777
90,LargeCaps5,4,52.98,7.0761,9.43,10,50.00,true,1.529777
120,LargeCaps5,4,52.98,7.0761,9.43,10,50.00,true,1.529777
180,LargeCaps5,4,52.98,7.0761,9.43,10,50.00,true,1.529777
5,LargeCaps5,5,28.85,3.3964,19.47,19,42.11,true,1.288501
8,LargeCaps5,5,5.55,1.2018,19.84,18,44.44,true,1.055488
10,LargeCaps5,5,6.39,1.4320,22.47,17,41.18,true,1.063888
12,LargeCaps5,5,-7.62,-0.0161,25.87,17,35.29,false,0.923789
15,LargeCaps5,5,23.23,3.2540,27.35,16,37.50,true,1.232332
18,LargeCaps5,5,14.07,2.3057,23.93,15,40.00,true,1.140651
20,LargeCaps5,5,10.17,1.8714,23.93,15,40.00,true,1.101723
22,LargeCaps5,5,10.17,1.8714,23.93,15,40.00,true,1.101723
25,LargeCaps5,5,10.17,1.8714,23.93,15,40.00,true,1.101723
30,LargeCaps5,5,10.17,1.8714,23.93,15,40.00,true,1.101723
35,LargeCaps5,5,10.17,1.8714,23.93,15,40.00,true,1.101723
40,LargeCaps5,5,10.17,1.8714,23.93,15,40.00,true,1.101723
45,LargeCaps5,5,10.17,1.8714,23.93,15,40.00,true,1.101723
50,LargeCaps5,5,10.17,1.8714,23.93,15,40.00,true,1.101723
60,LargeCaps5,5,10.17,1.8714,23.93,15,40.00,true,1.101723
75,LargeCaps5,5,10.17,1.8714,23.93,15,40.00,true,1.101723
90,LargeCaps5,5,10.17,1.8714,23.93,15,40.00,true,1.101723
120,LargeCaps5,5,10.17,1.8714,23.93,15,40.00,true,1.101723
180,LargeCaps5,5,10.17,1.8714,23.93,15,40.00,true,1.101723
5,Legacy3,0,0.90,0.7879,38.65,27,51.85,true,1.009046
8,Legacy3,0,0.42,0.8694,31.25,25,48.00,true,1.004208
10,Legacy3,0,-12.81,0.1527,36.42,25,48.00,false,0.871857
12,Legacy3,0,-0.24,0.8168,32.44,24,50.00,false,0.997632
15,Legacy3,0,4.79,1.0687,31.25,23,52.17,true,1.047870
18,Legacy3,0,0.41,0.7865,31.25,23,52.17,true,1.004119
20,Legacy3,0,3.45,0.8524,31.25,23,52.17,true,1.034522
22,Legacy3,0,-11.71,0.0203,31.25,23,52.17,false,0.882866
25,Legacy3,0,-14.48,-0.1673,32.96,22,50.00,false,0.855238
30,Legacy3,0,16.67,2.0433,31.25,22,45.45,true,1.166718
35,Legacy3,0,16.67,2.0433,31.25,22,45.45,true,1.166718
40,Legacy3,0,16.67,2.0433,31.25,22,45.45,true,1.166718
45,Legacy3,0,16.67,2.0433,31.25,22,45.45,true,1.166718
50,Legacy3,0,16.67,2.0433,31.25,22,45.45,true,1.166718
60,Legacy3,0,16.67,2.0433,31.25,22,45.45,true,1.166718
75,Legacy3,0,16.67,2.0433,31.25,22,45.45,true,1.166718
90,Legacy3,0,16.67,2.0433,31.25,22,45.45,true,1.166718
120,Legacy3,0,16.67,2.0433,31.25,22,45.45,true,1.166718
180,Legacy3,0,16.67,2.0433,31.25,22,45.45,true,1.166718
5,Legacy3,1,117.65,6.7763,11.03,25,60.00,true,2.176474
8,Legacy3,1,38.28,3.5524,24.01,20,55.00,true,1.382805
10,Legacy3,1,56.01,4.9262,25.03,19,52.63,true,1.560143
12,Legacy3,1,50.69,4.7782,25.03,18,55.56,true,1.506913
15,Legacy3,1,52.11,3.9822,17.18,17,58.82,true,1.521136
18,Legacy3,1,49.14,4.3232,17.18,16,62.50,true,1.491437
20,Legacy3,1,49.14,4.3232,17.18,16,62.50,true,1.491437
22,Legacy3,1,49.14,4.3232,17.18,16,62.50,true,1.491437
25,Legacy3,1,49.14,4.3232,17.18,16,62.50,true,1.491437
30,Legacy3,1,49.14,4.3232,17.18,16,62.50,true,1.491437
35,Legacy3,1,49.14,4.3232,17.18,16,62.50,true,1.491437
40,Legacy3,1,49.14,4.3232,17.18,16,62.50,true,1.491437
45,Legacy3,1,49.14,4.3232,17.18,16,62.50,true,1.491437
50,Legacy3,1,49.14,4.3232,17.18,16,62.50,true,1.491437
60,Legacy3,1,49.14,4.3232,17.18,16,62.50,true,1.491437
75,Legacy3,1,49.14,4.3232,17.18,16,62.50,true,1.491437
90,Legacy3,1,49.14,4.3232,17.18,16,62.50,true,1.491437
120,Legacy3,1,49.14,4.3232,17.18,16,62.50,true,1.491437
180,Legacy3,1,49.14,4.3232,17.18,16,62.50,true,1.491437
5,Legacy3,2,24.23,2.2975,29.60,22,40.91,true,1.242259
8,Legacy3,2,0.03,0.7764,36.25,21,28.57,true,1.000341
10,Legacy3,2,20.86,2.4189,40.15,21,28.57,true,1.208565
12,Legacy3,2,14.11,2.2151,40.15,20,25.00,true,1.141097
15,Legacy3,2,10.58,1.8856,40.15,20,25.00,true,1.105796
18,Legacy3,2,10.58,1.8856,40.15,20,25.00,true,1.105796
20,Legacy3,2,10.58,1.8856,40.15,20,25.00,true,1.105796
22,Legacy3,2,10.58,1.8856,40.15,20,25.00,true,1.105796
25,Legacy3,2,10.58,1.8856,40.15,20,25.00,true,1.105796
30,Legacy3,2,10.58,1.8856,40.15,20,25.00,true,1.105796
35,Legacy3,2,10.58,1.8856,40.15,20,25.00,true,1.105796
40,Legacy3,2,10.58,1.8856,40.15,20,25.00,true,1.105796
45,Legacy3,2,10.58,1.8856,40.15,20,25.00,true,1.105796
50,Legacy3,2,10.58,1.8856,40.15,20,25.00,true,1.105796
60,Legacy3,2,10.58,1.8856,40.15,20,25.00,true,1.105796
75,Legacy3,2,10.58,1.8856,40.15,20,25.00,true,1.105796
90,Legacy3,2,10.58,1.8856,40.15,20,25.00,true,1.105796
120,Legacy3,2,10.58,1.8856,40.15,20,25.00,true,1.105796
180,Legacy3,2,10.58,1.8856,40.15,20,25.00,true,1.105796
5,Legacy3,3,4.71,1.1532,31.32,24,45.83,true,1.047059
8,Legacy3,3,48.11,2.9300,28.68,20,65.00,true,1.481074
10,Legacy3,3,-9.04,1.2994,48.74,20,45.00,false,0.909596
12,Legacy3,3,16.39,2.0017,28.68,19,52.63,true,1.163866
15,Legacy3,3,55.93,3.4794,28.68,18,55.56,true,1.559283
18,Legacy3,3,32.79,2.5801,28.68,18,55.56,true,1.327936
20,Legacy3,3,32.79,2.5801,28.68,18,55.56,true,1.327936
22,Legacy3,3,32.79,2.5801,28.68,18,55.56,true,1.327936
25,Legacy3,3,32.79,2.5801,28.68,18,55.56,true,1.327936
30,Legacy3,3,32.79,2.5801,28.68,18,55.56,true,1.327936
35,Legacy3,3,32.79,2.5801,28.68,18,55.56,true,1.327936
40,Legacy3,3,32.79,2.5801,28.68,18,55.56,true,1.327936
45,Legacy3,3,32.79,2.5801,28.68,18,55.56,true,1.327936
50,Legacy3,3,32.79,2.5801,28.68,18,55.56,true,1.327936
60,Legacy3,3,32.79,2.5801,28.68,18,55.56,true,1.327936
75,Legacy3,3,32.79,2.5801,28.68,18,55.56,true,1.327936
90,Legacy3,3,32.79,2.5801,28.68,18,55.56,true,1.327936
120,Legacy3,3,32.79,2.5801,28.68,18,55.56,true,1.327936
180,Legacy3,3,32.79,2.5801,28.68,18,55.56,true,1.327936
5,Legacy3,4,-50.39,-3.8490,53.99,23,34.78,false,0.496118
8,Legacy3,4,-55.06,-3.9540,60.61,21,28.57,false,0.449410
10,Legacy3,4,-48.78,-2.9384,52.81,20,35.00,false,0.512190
12,Legacy3,4,-50.04,-3.2723,56.01,20,30.00,false,0.499591
15,Legacy3,4,-40.15,-1.9151,49.95,18,27.78,false,0.598534
18,Legacy3,4,-50.21,-3.0647,58.14,19,26.32,false,0.497897
20,Legacy3,4,-46.89,-2.8359,53.32,18,27.78,false,0.531086
22,Legacy3,4,-46.89,-2.8359,53.32,18,27.78,false,0.531086
25,Legacy3,4,-46.89,-2.8359,53.32,18,27.78,false,0.531086
30,Legacy3,4,-46.89,-2.8359,53.32,18,27.78,false,0.531086
35,Legacy3,4,-46.89,-2.8359,53.32,18,27.78,false,0.531086
40,Legacy3,4,-46.89,-2.8359,53.32,18,27.78,false,0.531086
45,Legacy3,4,-46.89,-2.8359,53.32,18,27.78,false,0.531086
50,Legacy3,4,-46.89,-2.8359,53.32,18,27.78,false,0.531086
60,Legacy3,4,-46.89,-2.8359,53.32,18,27.78,false,0.531086
75,Legacy3,4,-46.89,-2.8359,53.32,18,27.78,false,0.531086
90,Legacy3,4,-46.89,-2.8359,53.32,18,27.78,false,0.531086
120,Legacy3,4,-46.89,-2.8359,53.32,18,27.78,false,0.531086
180,Legacy3,4,-46.89,-2.8359,53.32,18,27.78,false,0.531086
5,Legacy3,5,-33.65,-3.1948,42.80,20,25.00,false,0.663473
8,Legacy3,5,-34.48,-3.5626,41.13,19,31.58,false,0.655187
10,Legacy3,5,-22.93,-2.4121,32.21,18,33.33,false,0.770712
12,Legacy3,5,-22.93,-2.4121,32.21,18,33.33,false,0.770712
15,Legacy3,5,-22.93,-2.4121,32.21,18,33.33,false,0.770712
18,Legacy3,5,-22.93,-2.4121,32.21,18,33.33,false,0.770712
20,Legacy3,5,-22.93,-2.4121,32.21,18,33.33,false,0.770712
22,Legacy3,5,-22.93,-2.4121,32.21,18,33.33,false,0.770712
25,Legacy3,5,-22.93,-2.4121,32.21,18,33.33,false,0.770712
30,Legacy3,5,-22.93,-2.4121,32.21,18,33.33,false,0.770712
35,Legacy3,5,-22.93,-2.4121,32.21,18,33.33,false,0.770712
40,Legacy3,5,-22.93,-2.4121,32.21,18,33.33,false,0.770712
45,Legacy3,5,-22.93,-2.4121,32.21,18,33.33,false,0.770712
50,Legacy3,5,-22.93,-2.4121,32.21,18,33.33,false,0.770712
60,Legacy3,5,-22.93,-2.4121,32.21,18,33.33,false,0.770712
75,Legacy3,5,-22.93,-2.4121,32.21,18,33.33,false,0.770712
90,Legacy3,5,-22.93,-2.4121,32.21,18,33.33,false,0.770712
120,Legacy3,5,-22.93,-2.4121,32.21,18,33.33,false,0.770712
180,Legacy3,5,-22.93,-2.4121,32.21,18,33.33,false,0.770712
5,LowVolume5,0,26.32,2.0958,41.10,29,51.72,true,1.263244
8,LowVolume5,0,6.62,1.3041,31.42,29,48.28,true,1.066206
10,LowVolume5,0,-2.74,0.8321,35.01,28,46.43,false,0.972581
12,LowVolume5,0,48.47,3.0236,33.55,27,48.15,true,1.484653
15,LowVolume5,0,13.47,1.5067,33.55,27,48.15,true,1.134747
18,LowVolume5,0,13.47,1.5067,33.55,27,48.15,true,1.134747
20,LowVolume5,0,13.47,1.5067,33.55,27,48.15,true,1.134747
22,LowVolume5,0,13.47,1.5067,33.55,27,48.15,true,1.134747
25,LowVolume5,0,13.47,1.5067,33.55,27,48.15,true,1.134747
30,LowVolume5,0,13.47,1.5067,33.55,27,48.15,true,1.134747
35,LowVolume5,0,13.47,1.5067,33.55,27,48.15,true,1.134747
40,LowVolume5,0,13.47,1.5067,33.55,27,48.15,true,1.134747
45,LowVolume5,0,13.47,1.5067,33.55,27,48.15,true,1.134747
50,LowVolume5,0,13.47,1.5067,33.55,27,48.15,true,1.134747
60,LowVolume5,0,13.47,1.5067,33.55,27,48.15,true,1.134747
75,LowVolume5,0,13.47,1.5067,33.55,27,48.15,true,1.134747
90,LowVolume5,0,13.47,1.5067,33.55,27,48.15,true,1.134747
120,LowVolume5,0,13.47,1.5067,33.55,27,48.15,true,1.134747
180,LowVolume5,0,13.47,1.5067,33.55,27,48.15,true,1.134747
5,LowVolume5,1,22.09,1.9521,23.51,27,37.04,true,1.220877
8,LowVolume5,1,59.03,3.8749,23.74,22,50.00,true,1.590281
10,LowVolume5,1,18.09,1.5015,27.39,20,60.00,true,1.180939
12,LowVolume5,1,31.01,2.3682,17.41,20,55.00,true,1.310135
15,LowVolume5,1,63.04,4.4065,11.66,17,58.82,true,1.630444
18,LowVolume5,1,72.40,4.9572,10.98,16,62.50,true,1.723963
20,LowVolume5,1,63.66,4.5039,10.98,16,62.50,true,1.636601
22,LowVolume5,1,63.66,4.5039,10.98,16,62.50,true,1.636601
25,LowVolume5,1,63.66,4.5039,10.98,16,62.50,true,1.636601
30,LowVolume5,1,63.66,4.5039,10.98,16,62.50,true,1.636601
35,LowVolume5,1,63.66,4.5039,10.98,16,62.50,true,1.636601
40,LowVolume5,1,63.66,4.5039,10.98,16,62.50,true,1.636601
45,LowVolume5,1,63.66,4.5039,10.98,16,62.50,true,1.636601
50,LowVolume5,1,63.66,4.5039,10.98,16,62.50,true,1.636601
60,LowVolume5,1,63.66,4.5039,10.98,16,62.50,true,1.636601
75,LowVolume5,1,63.66,4.5039,10.98,16,62.50,true,1.636601
90,LowVolume5,1,63.66,4.5039,10.98,16,62.50,true,1.636601
120,LowVolume5,1,63.66,4.5039,10.98,16,62.50,true,1.636601
180,LowVolume5,1,63.66,4.5039,10.98,16,62.50,true,1.636601
5,LowVolume5,2,74.15,2.8520,38.09,29,41.38,true,1.741543
8,LowVolume5,2,74.10,3.7703,34.05,25,40.00,true,1.741041
10,LowVolume5,2,71.91,3.6215,44.03,25,32.00,true,1.719058
12,LowVolume5,2,185.33,5.6118,28.16,24,41.67,true,2.853345
15,LowVolume5,2,87.92,4.0636,34.54,23,34.78,true,1.879214
18,LowVolume5,2,87.92,4.0636,34.54,23,34.78,true,1.879214
20,LowVolume5,2,87.92,4.0636,34.54,23,34.78,true,1.879214
22,LowVolume5,2,87.92,4.0636,34.54,23,34.78,true,1.879214
25,LowVolume5,2,87.92,4.0636,34.54,23,34.78,true,1.879214
30,LowVolume5,2,87.92,4.0636,34.54,23,34.78,true,1.879214
35,LowVolume5,2,87.92,4.0636,34.54,23,34.78,true,1.879214
40,LowVolume5,2,87.92,4.0636,34.54,23,34.78,true,1.879214
45,LowVolume5,2,87.92,4.0636,34.54,23,34.78,true,1.879214
50,LowVolume5,2,87.92,4.0636,34.54,23,34.78,true,1.879214
60,LowVolume5,2,87.92,4.0636,34.54,23,34.78,true,1.879214
75,LowVolume5,2,87.92,4.0636,34.54,23,34.78,true,1.879214
90,LowVolume5,2,87.92,4.0636,34.54,23,34.78,true,1.879214
120,LowVolume5,2,87.92,4.0636,34.54,23,34.78,true,1.879214
180,LowVolume5,2,87.92,4.0636,34.54,23,34.78,true,1.879214
5,LowVolume5,3,485.55,8.3829,33.88,28,60.71,true,5.855528
8,LowVolume5,3,352.53,7.3063,22.12,24,58.33,true,4.525348
10,LowVolume5,3,661.82,10.1288,33.75,22,59.09,true,7.618178
12,LowVolume5,3,620.78,12.2278,33.75,21,57.14,true,7.207843
15,LowVolume5,3,1017.53,16.4242,18.97,19,68.42,true,11.175347
18,LowVolume5,3,992.66,14.6670,18.97,18,66.67,true,10.926578
20,LowVolume5,3,724.77,13.1645,18.97,18,66.67,true,8.247665
22,LowVolume5,3,723.24,15.7832,18.97,17,70.59,true,8.232438
25,LowVolume5,3,723.24,15.7832,18.97,17,70.59,true,8.232438
30,LowVolume5,3,723.24,15.7832,18.97,17,70.59,true,8.232438
35,LowVolume5,3,723.24,15.7832,18.97,17,70.59,true,8.232438
40,LowVolume5,3,723.24,15.7832,18.97,17,70.59,true,8.232438
45,LowVolume5,3,723.24,15.7832,18.97,17,70.59,true,8.232438
50,LowVolume5,3,723.24,15.7832,18.97,17,70.59,true,8.232438
60,LowVolume5,3,723.24,15.7832,18.97,17,70.59,true,8.232438
75,LowVolume5,3,723.24,15.7832,18.97,17,70.59,true,8.232438
90,LowVolume5,3,723.24,15.7832,18.97,17,70.59,true,8.232438
120,LowVolume5,3,723.24,15.7832,18.97,17,70.59,true,8.232438
180,LowVolume5,3,723.24,15.7832,18.97,17,70.59,true,8.232438
5,LowVolume5,4,-53.38,-3.2738,59.22,27,29.63,false,0.466242
8,LowVolume5,4,-58.30,-3.5639,62.20,24,37.50,false,0.416999
10,LowVolume5,4,-66.73,-4.5441,69.93,24,29.17,false,0.332673
12,LowVolume5,4,-66.65,-4.4533,71.58,24,25.00,false,0.333457
15,LowVolume5,4,-63.30,-3.7296,71.78,24,25.00,false,0.367026
18,LowVolume5,4,-61.00,-3.5477,69.93,23,26.09,false,0.390040
20,LowVolume5,4,-63.04,-3.8701,69.93,23,26.09,false,0.369609
22,LowVolume5,4,-63.04,-3.8701,69.93,23,26.09,false,0.369609
25,LowVolume5,4,-63.04,-3.8701,69.93,23,26.09,false,0.369609
30,LowVolume5,4,-63.04,-3.8701,69.93,23,26.09,false,0.369609
35,LowVolume5,4,-63.04,-3.8701,69.93,23,26.09,false,0.369609
40,LowVolume5,4,-63.04,-3.8701,69.93,23,26.09,false,0.369609
45,LowVolume5,4,-63.04,-3.8701,69.93,23,26.09,false,0.369609
50,LowVolume5,4,-63.04,-3.8701,69.93,23,26.09,false,0.369609
60,LowVolume5,4,-63.04,-3.8701,69.93,23,26.09,false,0.369609
75,LowVolume5,4,-63.04,-3.8701,69.93,23,26.09,false,0.369609
90,LowVolume5,4,-63.04,-3.8701,69.93,23,26.09,false,0.369609
120,LowVolume5,4,-63.04,-3.8701,69.93,23,26.09,false,0.369609
180,LowVolume5,4,-63.04,-3.8701,69.93,23,26.09,false,0.369609
5,LowVolume5,5,-46.07,-1.4587,48.32,30,23.33,false,0.539347
8,LowVolume5,5,-24.45,-0.4065,41.31,27,33.33,false,0.755512
10,LowVolume5,5,-28.33,-0.5788,45.24,27,29.63,false,0.716746
12,LowVolume5,5,-37.27,-0.9903,49.12,27,25.93,false,0.627345
15,LowVolume5,5,-39.61,-1.1125,50.49,27,22.22,false,0.603863
18,LowVolume5,5,-39.61,-1.1125,50.49,27,22.22,false,0.603863
20,LowVolume5,5,-39.61,-1.1125,50.49,27,22.22,false,0.603863
22,LowVolume5,5,-39.61,-1.1125,50.49,27,22.22,false,0.603863
25,LowVolume5,5,-39.61,-1.1125,50.49,27,22.22,false,0.603863
30,LowVolume5,5,-39.61,-1.1125,50.49,27,22.22,false,0.603863
35,LowVolume5,5,-39.61,-1.1125,50.49,27,22.22,false,0.603863
40,LowVolume5,5,-39.61,-1.1125,50.49,27,22.22,false,0.603863
45,LowVolume5,5,-39.61,-1.1125,50.49,27,22.22,false,0.603863
50,LowVolume5,5,-39.61,-1.1125,50.49,27,22.22,false,0.603863
60,LowVolume5,5,-39.61,-1.1125,50.49,27,22.22,false,0.603863
75,LowVolume5,5,-39.61,-1.1125,50.49,27,22.22,false,0.603863
90,LowVolume5,5,-39.61,-1.1125,50.49,27,22.22,false,0.603863
120,LowVolume5,5,-39.61,-1.1125,50.49,27,22.22,false,0.603863
180,LowVolume5,5,-39.61,-1.1125,50.49,27,22.22,false,0.603863
5,OldGuard4,0,29.25,2.3065,34.43,29,48.28,true,1.292481
8,OldGuard4,0,42.60,2.8092,28.64,26,50.00,true,1.426030
10,OldGuard4,0,38.05,2.5833,28.64,26,50.00,true,1.380524
12,OldGuard4,0,91.61,4.5379,30.77,25,52.00,true,1.916080
15,OldGuard4,0,54.18,3.4154,28.64,24,54.17,true,1.541814
18,OldGuard4,0,54.18,3.4154,28.64,24,54.17,true,1.541814
20,OldGuard4,0,54.18,3.4154,28.64,24,54.17,true,1.541814
22,OldGuard4,0,54.18,3.4154,28.64,24,54.17,true,1.541814
25,OldGuard4,0,54.18,3.4154,28.64,24,54.17,true,1.541814
30,OldGuard4,0,54.18,3.4154,28.64,24,54.17,true,1.541814
35,OldGuard4,0,54.18,3.4154,28.64,24,54.17,true,1.541814
40,OldGuard4,0,54.18,3.4154,28.64,24,54.17,true,1.541814
45,OldGuard4,0,54.18,3.4154,28.64,24,54.17,true,1.541814
50,OldGuard4,0,54.18,3.4154,28.64,24,54.17,true,1.541814
60,OldGuard4,0,54.18,3.4154,28.64,24,54.17,true,1.541814
75,OldGuard4,0,54.18,3.4154,28.64,24,54.17,true,1.541814
90,OldGuard4,0,54.18,3.4154,28.64,24,54.17,true,1.541814
120,OldGuard4,0,54.18,3.4154,28.64,24,54.17,true,1.541814
180,OldGuard4,0,54.18,3.4154,28.64,24,54.17,true,1.541814
5,OldGuard4,1,-16.69,-0.6273,36.19,25,44.00,false,0.833060
8,OldGuard4,1,-7.96,0.0128,30.08,21,47.62,false,0.920402
10,OldGuard4,1,-27.14,-1.3827,42.23,21,42.86,false,0.728592
12,OldGuard4,1,-9.21,-0.2434,31.88,20,45.00,false,0.907924
15,OldGuard4,1,-8.90,-0.0646,37.27,19,42.11,false,0.910992
18,OldGuard4,1,-1.06,0.5168,36.31,18,44.44,false,0.989431
20,OldGuard4,1,-6.07,0.0723,36.31,18,44.44,false,0.939291
22,OldGuard4,1,-6.07,0.0723,36.31,18,44.44,false,0.939291
25,OldGuard4,1,-6.07,0.0723,36.31,18,44.44,false,0.939291
30,OldGuard4,1,-6.07,0.0723,36.31,18,44.44,false,0.939291
35,OldGuard4,1,-6.07,0.0723,36.31,18,44.44,false,0.939291
40,OldGuard4,1,-6.07,0.0723,36.31,18,44.44,false,0.939291
45,OldGuard4,1,-6.07,0.0723,36.31,18,44.44,false,0.939291
50,OldGuard4,1,-6.07,0.0723,36.31,18,44.44,false,0.939291
60,OldGuard4,1,-6.07,0.0723,36.31,18,44.44,false,0.939291
75,OldGuard4,1,-6.07,0.0723,36.31,18,44.44,false,0.939291
90,OldGuard4,1,-6.07,0.0723,36.31,18,44.44,false,0.939291
120,OldGuard4,1,-6.07,0.0723,36.31,18,44.44,false,0.939291
180,OldGuard4,1,-6.07,0.0723,36.31,18,44.44,false,0.939291
5,OldGuard4,2,22.69,2.2251,28.81,22,36.36,true,1.226885
8,OldGuard4,2,8.99,1.4786,30.62,20,35.00,true,1.089929
10,OldGuard4,2,35.95,3.2600,32.75,20,30.00,true,1.359521
12,OldGuard4,2,29.64,3.0810,32.08,19,31.58,true,1.296377
15,OldGuard4,2,10.53,1.8912,40.24,19,26.32,true,1.105332
18,OldGuard4,2,10.53,1.8912,40.24,19,26.32,true,1.105332
20,OldGuard4,2,10.53,1.8912,40.24,19,26.32,true,1.105332
22,OldGuard4,2,10.53,1.8912,40.24,19,26.32,true,1.105332
25,OldGuard4,2,10.53,1.8912,40.24,19,26.32,true,1.105332
30,OldGuard4,2,10.53,1.8912,40.24,19,26.32,true,1.105332
35,OldGuard4,2,10.53,1.8912,40.24,19,26.32,true,1.105332
40,OldGuard4,2,10.53,1.8912,40.24,19,26.32,true,1.105332
45,OldGuard4,2,10.53,1.8912,40.24,19,26.32,true,1.105332
50,OldGuard4,2,10.53,1.8912,40.24,19,26.32,true,1.105332
60,OldGuard4,2,10.53,1.8912,40.24,19,26.32,true,1.105332
75,OldGuard4,2,10.53,1.8912,40.24,19,26.32,true,1.105332
90,OldGuard4,2,10.53,1.8912,40.24,19,26.32,true,1.105332
120,OldGuard4,2,10.53,1.8912,40.24,19,26.32,true,1.105332
180,OldGuard4,2,10.53,1.8912,40.24,19,26.32,true,1.105332
5,OldGuard4,3,4.71,1.1532,31.32,24,45.83,true,1.047059
8,OldGuard4,3,48.11,2.9300,28.68,20,65.00,true,1.481074
10,OldGuard4,3,-9.04,1.2994,48.74,20,45.00,false,0.909596
12,OldGuard4,3,16.39,2.0017,28.68,19,52.63,true,1.163866
15,OldGuard4,3,55.93,3.4794,28.68,18,55.56,true,1.559283
18,OldGuard4,3,32.79,2.5801,28.68,18,55.56,true,1.327936
20,OldGuard4,3,32.79,2.5801,28.68,18,55.56,true,1.327936
22,OldGuard4,3,32.79,2.5801,28.68,18,55.56,true,1.327936
25,OldGuard4,3,32.79,2.5801,28.68,18,55.56,true,1.327936
30,OldGuard4,3,32.79,2.5801,28.68,18,55.56,true,1.327936
35,OldGuard4,3,32.79,2.5801,28.68,18,55.56,true,1.327936
40,OldGuard4,3,32.79,2.5801,28.68,18,55.56,true,1.327936
45,OldGuard4,3,32.79,2.5801,28.68,18,55.56,true,1.327936
50,OldGuard4,3,32.79,2.5801,28.68,18,55.56,true,1.327936
60,OldGuard4,3,32.79,2.5801,28.68,18,55.56,true,1.327936
75,OldGuard4,3,32.79,2.5801,28.68,18,55.56,true,1.327936
90,OldGuard4,3,32.79,2.5801,28.68,18,55.56,true,1.327936
120,OldGuard4,3,32.79,2.5801,28.68,18,55.56,true,1.327936
180,OldGuard4,3,32.79,2.5801,28.68,18,55.56,true,1.327936
5,OldGuard4,4,-54.23,-3.1689,62.61,28,32.14,false,0.457722
8,OldGuard4,4,-57.43,-4.8817,62.69,23,26.09,false,0.425679
10,OldGuard4,4,-59.96,-3.9947,63.12,23,30.43,false,0.400362
12,OldGuard4,4,-53.65,-3.0453,61.37,24,29.17,false,0.463455
15,OldGuard4,4,-53.21,-2.9982,60.88,21,23.81,false,0.467854
18,OldGuard4,4,-50.80,-2.7046,61.07,22,27.27,false,0.491988
20,OldGuard4,4,-50.73,-2.6691,61.07,22,27.27,false,0.492672
22,OldGuard4,4,-50.73,-2.6691,61.07,22,27.27,false,0.492672
25,OldGuard4,4,-50.73,-2.6691,61.07,22,27.27,false,0.492672
30,OldGuard4,4,-50.73,-2.6691,61.07,22,27.27,false,0.492672
35,OldGuard4,4,-50.73,-2.6691,61.07,22,27.27,false,0.492672
40,OldGuard4,4,-50.73,-2.6691,61.07,22,27.27,false,0.492672
45,OldGuard4,4,-50.73,-2.6691,61.07,22,27.27,false,0.492672
50,OldGuard4,4,-50.73,-2.6691,61.07,22,27.27,false,0.492672
60,OldGuard4,4,-50.73,-2.6691,61.07,22,27.27,false,0.492672
75,OldGuard4,4,-50.73,-2.6691,61.07,22,27.27,false,0.492672
90,OldGuard4,4,-50.73,-2.6691,61.07,22,27.27,false,0.492672
120,OldGuard4,4,-50.73,-2.6691,61.07,22,27.27,false,0.492672
180,OldGuard4,4,-50.73,-2.6691,61.07,22,27.27,false,0.492672
5,OldGuard4,5,11.51,1.1601,35.36,24,33.33,true,1.115075
8,OldGuard4,5,31.81,1.7863,39.14,22,40.91,true,1.318077
10,OldGuard4,5,43.84,2.0487,29.92,21,42.86,true,1.438385
12,OldGuard4,5,43.84,2.0487,29.92,21,42.86,true,1.438385
15,OldGuard4,5,43.84,2.0487,29.92,21,42.86,true,1.438385
18,OldGuard4,5,43.84,2.0487,29.92,21,42.86,true,1.438385
20,OldGuard4,5,43.84,2.0487,29.92,21,42.86,true,1.438385
22,OldGuard4,5,43.84,2.0487,29.92,21,42.86,true,1.438385
25,OldGuard4,5,43.84,2.0487,29.92,21,42.86,true,1.438385
30,OldGuard4,5,43.84,2.0487,29.92,21,42.86,true,1.438385
35,OldGuard4,5,43.84,2.0487,29.92,21,42.86,true,1.438385
40,OldGuard4,5,43.84,2.0487,29.92,21,42.86,true,1.438385
45,OldGuard4,5,43.84,2.0487,29.92,21,42.86,true,1.438385
50,OldGuard4,5,43.84,2.0487,29.92,21,42.86,true,1.438385
60,OldGuard4,5,43.84,2.0487,29.92,21,42.86,true,1.438385
75,OldGuard4,5,43.84,2.0487,29.92,21,42.86,true,1.438385
90,OldGuard4,5,43.84,2.0487,29.92,21,42.86,true,1.438385
120,OldGuard4,5,43.84,2.0487,29.92,21,42.86,true,1.438385
180,OldGuard4,5,43.84,2.0487,29.92,21,42.86,true,1.438385
