universe,window,size_mult,return_pct,sharpe,max_dd_pct,trades,pass
Base5,0,0.00,435.1401,15.387141,0.0000,7,1
Base5,0,0.05,439.5681,15.479626,0.4275,7,1
Base5,0,0.10,443.9385,15.570295,0.8551,7,1
Base5,0,0.15,448.2512,15.659082,1.2826,7,1
Base5,0,0.20,452.5062,15.745923,1.7101,7,1
Base5,0,0.25,456.7036,15.830756,2.1376,7,1
Base5,0,0.30,460.8433,15.913519,2.5652,7,1
Base5,0,0.35,464.9253,15.994153,2.9927,7,1
Base5,0,0.40,468.9497,16.072604,3.4202,7,1
Base5,0,0.45,472.9164,16.148817,3.8477,7,1
Base5,0,0.50,476.8254,16.222741,4.2753,7,1
Base5,0,0.55,480.6767,16.294328,4.7028,7,1
Base5,0,0.60,484.4704,16.363533,5.1303,7,1
Base5,0,0.65,488.2064,16.430313,5.5579,7,1
Base5,0,0.70,491.8847,16.494629,5.9854,7,1
Base5,0,0.75,495.5053,16.556446,6.4129,7,1
Base5,0,0.80,499.0683,16.615732,6.8404,7,1
Base5,0,0.85,502.5736,16.672457,7.2680,7,1
Base5,0,0.90,506.0213,16.726597,7.6955,7,1
Base5,0,0.95,509.4112,16.778129,8.1230,7,1
Base5,0,1.00,512.7435,16.827036,8.5506,7,1
Base5,1,0.00,332.4181,5.717776,42.4798,11,1
Base5,1,0.05,328.4475,5.706518,42.4798,11,1
Base5,1,0.10,324.4917,5.695256,42.7780,11,1
Base5,1,0.15,320.5507,5.683988,43.3093,11,1
Base5,1,0.20,316.6244,5.672714,43.8386,11,1
Base5,1,0.25,312.7129,5.661436,44.3658,11,1
Base5,1,0.30,308.8162,5.650152,44.8911,11,1
Base5,1,0.35,304.9341,5.638863,45.4144,11,1
Base5,1,0.40,301.0667,5.627569,45.9358,11,1
Base5,1,0.45,297.2140,5.616270,46.4551,11,1
Base5,1,0.50,293.3759,5.604966,46.9725,11,1
Base5,1,0.55,289.5524,5.593658,47.4879,11,1
Base5,1,0.60,285.7435,5.582344,48.0013,11,1
Base5,1,0.65,281.9491,5.571026,48.5128,11,1
Base5,1,0.70,278.1693,5.559703,49.0223,11,1
Base5,1,0.75,274.4041,5.548375,49.5299,11,1
Base5,1,0.80,270.6533,5.537043,50.0355,11,1
Base5,1,0.85,266.9169,5.525707,50.5392,11,1
Base5,1,0.90,263.1951,5.514366,51.0409,11,1
Base5,1,0.95,259.4876,5.503020,51.5407,11,1
Base5,1,1.00,255.7946,5.491671,52.0385,11,1
Base5,2,0.00,64.2943,12.486947,0.0000,10,1
Base5,2,0.05,67.8318,13.114169,1.9422,10,1
Base5,2,0.10,71.2562,13.529380,3.8665,10,1
Base5,2,0.15,74.5648,13.721583,5.7728,10,1
Base5,2,0.20,77.7550,13.709914,7.6611,10,1
Base5,2,0.25,80.8244,13.534115,9.5314,10,1
Base5,2,0.30,83.7704,13.241320,11.3838,10,1
Base5,2,0.35,86.5908,12.875492,13.2182,10,1
Base5,2,0.40,89.2832,12.471972,15.0347,10,1
Base5,2,0.45,91.8454,12.056310,16.8331,10,1
Base5,2,0.50,94.2752,11.645470,18.6137,10,1
Base5,2,0.55,96.5706,11.249823,20.3762,10,1
Base5,2,0.60,98.7296,10.875092,22.1208,10,1
Base5,2,0.65,100.7503,10.523914,23.8474,10,1
Base5,2,0.70,102.6307,10.196973,25.5560,10,1
Base5,2,0.75,104.3693,9.893782,27.2467,10,1
Base5,2,0.80,105.9642,9.613198,28.9194,10,1
Base5,2,0.85,107.4139,9.353742,30.5741,10,1
Base5,2,0.90,108.7169,9.113808,32.2109,10,1
Base5,2,0.95,109.8718,8.891779,33.8297,10,1
Base5,2,1.00,110.8773,8.686101,35.4305,10,1
Base5,3,0.00,108.9349,10.373229,3.9869,13,1
Base5,3,0.05,113.1757,10.659588,3.9869,13,1
Base5,3,0.10,117.1005,10.836480,4.6978,13,1
Base5,3,0.15,120.6953,10.903633,7.0466,13,1
Base5,3,0.20,123.9465,10.869935,9.3955,13,1
Base5,3,0.25,126.8411,10.750853,11.7444,13,1
Base5,3,0.30,129.3664,10.565064,14.0933,13,1
Base5,3,0.35,131.5102,10.331401,16.4421,13,1
Base5,3,0.40,133.2611,10.066755,18.7910,13,1
Base5,3,0.45,134.6077,9.785036,21.1399,13,1
Base5,3,0.50,135.5394,9.496954,23.4888,13,1
Base5,3,0.55,136.0462,9.210291,25.8377,13,1
Base5,3,0.60,136.1182,8.930396,28.1865,13,1
Base5,3,0.65,135.7464,8.660727,30.5354,13,1
Base5,3,0.70,134.9222,8.403331,32.8843,13,1
Base5,3,0.75,133.6372,8.159253,35.2332,13,1
Base5,3,0.80,131.8839,7.928837,37.5821,13,1
Base5,3,0.85,129.6552,7.711966,39.9309,13,1
Base5,3,0.90,126.9443,7.508226,42.2798,13,1
Base5,3,0.95,123.7451,7.317021,44.6287,13,1
Base5,3,1.00,120.0520,7.137657,46.9776,13,1
Base5,4,0.00,45.0536,9.532515,12.7662,8,1
Base5,4,0.05,45.0536,9.532515,12.7662,8,1
Base5,4,0.10,45.0536,9.532515,12.7662,8,1
Base5,4,0.15,45.0536,9.532515,12.7662,8,1
Base5,4,0.20,45.0536,9.532515,12.7662,8,1
Base5,4,0.25,45.0536,9.532515,12.7662,8,1
Base5,4,0.30,45.0536,9.532515,12.7662,8,1
Base5,4,0.35,45.0536,9.532515,12.7662,8,1
Base5,4,0.40,45.0536,9.532515,12.7662,8,1
Base5,4,0.45,45.0536,9.532515,12.7662,8,1
Base5,4,0.50,45.0536,9.532515,12.7662,8,1
Base5,4,0.55,45.0536,9.532515,12.7662,8,1
Base5,4,0.60,45.0536,9.532515,12.7662,8,1
Base5,4,0.65,45.0536,9.532515,12.7662,8,1
Base5,4,0.70,45.0536,9.532515,12.7662,8,1
Base5,4,0.75,45.0536,9.532515,12.7662,8,1
Base5,4,0.80,45.0536,9.532515,12.7662,8,1
Base5,4,0.85,45.0536,9.532515,12.7662,8,1
Base5,4,0.90,45.0536,9.532515,12.7662,8,1
Base5,4,0.95,45.0536,9.532515,12.7662,8,1
Base5,4,1.00,45.0536,9.532515,12.7662,8,1
Base5,5,0.00,29.1022,9.142006,5.0514,6,1
Base5,5,0.05,29.1022,9.142006,5.0514,6,1
Base5,5,0.10,29.1022,9.142006,5.0514,6,1
Base5,5,0.15,29.1022,9.142006,5.0514,6,1
Base5,5,0.20,29.1022,9.142006,5.0514,6,1
Base5,5,0.25,29.1022,9.142006,5.0514,6,1
Base5,5,0.30,29.1022,9.142006,5.0514,6,1
Base5,5,0.35,29.1022,9.142006,5.0514,6,1
Base5,5,0.40,29.1022,9.142006,5.0514,6,1
Base5,5,0.45,29.1022,9.142006,5.0514,6,1
Base5,5,0.50,29.1022,9.142006,5.0514,6,1
Base5,5,0.55,29.1022,9.142006,5.0514,6,1
Base5,5,0.60,29.1022,9.142006,5.0514,6,1
Base5,5,0.65,29.1022,9.142006,5.0514,6,1
Base5,5,0.70,29.1022,9.142006,5.0514,6,1
Base5,5,0.75,29.1022,9.142006,5.0514,6,1
Base5,5,0.80,29.1022,9.142006,5.0514,6,1
Base5,5,0.85,29.1022,9.142006,5.0514,6,1
Base5,5,0.90,29.1022,9.142006,5.0514,6,1
Base5,5,0.95,29.1022,9.142006,5.0514,6,1
Base5,5,1.00,29.1022,9.142006,5.0514,6,1
Base5,6,0.00,13.8751,3.954630,20.3209,8,1
Base5,6,0.05,14.7729,4.135172,20.3209,8,1
Base5,6,0.10,15.6682,4.312720,20.3209,8,1
Base5,6,0.15,16.5609,4.486826,20.3209,8,1
Base5,6,0.20,17.4508,4.657065,20.3209,8,1
Base5,6,0.25,18.3378,4.823043,20.3209,8,1
Base5,6,0.30,19.2220,4.984400,20.3209,8,1
Base5,6,0.35,20.1031,5.140813,20.3209,8,1
Base5,6,0.40,20.9811,5.292002,20.3209,8,1
Base5,6,0.45,21.8559,5.437728,20.3209,8,1
Base5,6,0.50,22.7274,5.577798,20.3209,8,1
Base5,6,0.55,23.5956,5.712062,20.3209,8,1
Base5,6,0.60,24.4603,5.840415,20.3209,8,1
Base5,6,0.65,25.3214,5.962794,20.3209,8,1
Base5,6,0.70,26.1789,6.079175,20.3209,8,1
Base5,6,0.75,27.0326,6.189574,20.3209,8,1
Base5,6,0.80,27.8826,6.294042,20.3209,8,1
Base5,6,0.85,28.7286,6.392658,20.3209,8,1
Base5,6,0.90,29.5706,6.485534,20.3209,8,1
Base5,6,0.95,30.4085,6.572802,20.3209,8,1
Base5,6,1.00,31.2423,6.654616,20.3209,8,1
NoDOGE,0,0.00,435.1401,15.387141,0.0000,7,1
NoDOGE,0,0.05,439.5681,15.479626,0.4275,7,1
NoDOGE,0,0.10,443.9385,15.570295,0.8551,7,1
NoDOGE,0,0.15,448.2512,15.659082,1.2826,7,1
NoDOGE,0,0.20,452.5062,15.745923,1.7101,7,1
NoDOGE,0,0.25,456.7036,15.830756,2.1376,7,1
NoDOGE,0,0.30,460.8433,15.913519,2.5652,7,1
NoDOGE,0,0.35,464.9253,15.994153,2.9927,7,1
NoDOGE,0,0.40,468.9497,16.072604,3.4202,7,1
NoDOGE,0,0.45,472.9164,16.148817,3.8477,7,1
NoDOGE,0,0.50,476.8254,16.222741,4.2753,7,1
NoDOGE,0,0.55,480.6767,16.294328,4.7028,7,1
NoDOGE,0,0.60,484.4704,16.363533,5.1303,7,1
NoDOGE,0,0.65,488.2064,16.430313,5.5579,7,1
NoDOGE,0,0.70,491.8847,16.494629,5.9854,7,1
NoDOGE,0,0.75,495.5053,16.556446,6.4129,7,1
NoDOGE,0,0.80,499.0683,16.615732,6.8404,7,1
NoDOGE,0,0.85,502.5736,16.672457,7.2680,7,1
NoDOGE,0,0.90,506.0213,16.726597,7.6955,7,1
NoDOGE,0,0.95,509.4112,16.778129,8.1230,7,1
NoDOGE,0,1.00,512.7435,16.827036,8.5506,7,1
NoDOGE,1,0.00,18.6450,9.536819,5.7345,8,1
NoDOGE,1,0.05,17.6654,8.987968,6.5129,8,1
NoDOGE,1,0.10,16.6879,8.433839,7.2895,8,1
NoDOGE,1,0.15,15.7127,7.879011,8.0643,8,1
NoDOGE,1,0.20,14.7398,7.327649,8.8373,8,1
NoDOGE,1,0.25,13.7691,6.783419,9.6085,8,1
NoDOGE,1,0.30,12.8006,6.249442,10.3780,8,1
NoDOGE,1,0.35,11.8344,5.728287,11.1457,8,1
NoDOGE,1,0.40,10.8704,5.221985,11.9116,8,1
NoDOGE,1,0.45,9.9087,4.732068,12.6757,8,1
NoDOGE,1,0.50,8.9492,4.259616,13.4380,8,1
NoDOGE,1,0.55,7.9919,3.805316,14.1986,8,1
NoDOGE,1,0.60,7.0369,3.369522,14.9574,8,1
NoDOGE,1,0.65,6.0841,2.952308,15.7144,8,1
NoDOGE,1,0.70,5.1336,2.553524,16.4696,8,1
NoDOGE,1,0.75,4.1853,2.172843,17.2230,8,1
NoDOGE,1,0.80,3.2392,1.809803,17.9747,8,1
NoDOGE,1,0.85,2.2954,1.463841,18.7245,8,1
NoDOGE,1,0.90,1.3539,1.134325,19.4726,8,1
NoDOGE,1,0.95,0.4145,0.820577,20.2190,8,1
NoDOGE,1,1.00,-0.5226,0.521893,20.9635,8,1
NoDOGE,2,0.00,30.9356,5.418675,20.3043,11,1
NoDOGE,2,0.05,33.7548,5.775591,20.3941,11,1
NoDOGE,2,0.10,36.4839,6.080730,20.4839,11,1
NoDOGE,2,0.15,39.1207,6.328763,20.5737,11,1
NoDOGE,2,0.20,41.6632,6.518766,20.6635,11,1
NoDOGE,2,0.25,44.1093,6.653714,20.7533,11,1
NoDOGE,2,0.30,46.4572,6.739398,20.8432,11,1
NoDOGE,2,0.35,48.7049,6.783163,20.9330,11,1
NoDOGE,2,0.40,50.8506,6.792790,21.0228,11,1
NoDOGE,2,0.45,52.8926,6.775684,21.1126,11,1
NoDOGE,2,0.50,54.8291,6.738410,21.2024,11,1
NoDOGE,2,0.55,56.6584,6.686491,21.2922,11,1
NoDOGE,2,0.60,58.3791,6.624401,22.1208,11,1
NoDOGE,2,0.65,59.9894,6.555655,23.8474,11,1
NoDOGE,2,0.70,61.4881,6.482948,25.5560,11,1
NoDOGE,2,0.75,62.8736,6.408306,27.2467,11,1
NoDOGE,2,0.80,64.1447,6.333219,28.9194,11,1
NoDOGE,2,0.85,65.3000,6.258761,30.5741,11,1
NoDOGE,2,0.90,66.3385,6.185691,32.2109,11,1
NoDOGE,2,0.95,67.2589,6.114524,33.8297,11,1
NoDOGE,2,1.00,68.0602,6.045598,35.4305,11,1
NoDOGE,3,0.00,108.9349,10.373229,3.9869,13,1
NoDOGE,3,0.05,113.1757,10.659588,3.9869,13,1
NoDOGE,3,0.10,117.1005,10.836480,4.6978,13,1
NoDOGE,3,0.15,120.6953,10.903633,7.0466,13,1
NoDOGE,3,0.20,123.9465,10.869935,9.3955,13,1
NoDOGE,3,0.25,126.8411,10.750853,11.7444,13,1
NoDOGE,3,0.30,129.3664,10.565064,14.0933,13,1
NoDOGE,3,0.35,131.5102,10.331401,16.4421,13,1
NoDOGE,3,0.40,133.2611,10.066755,18.7910,13,1
NoDOGE,3,0.45,134.6077,9.785036,21.1399,13,1
NoDOGE,3,0.50,135.5394,9.496954,23.4888,13,1
NoDOGE,3,0.55,136.0462,9.210291,25.8377,13,1
NoDOGE,3,0.60,136.1182,8.930396,28.1865,13,1
NoDOGE,3,0.65,135.7464,8.660727,30.5354,13,1
NoDOGE,3,0.70,134.9222,8.403331,32.8843,13,1
NoDOGE,3,0.75,133.6372,8.159253,35.2332,13,1
NoDOGE,3,0.80,131.8839,7.928837,37.5821,13,1
NoDOGE,3,0.85,129.6552,7.711966,39.9309,13,1
NoDOGE,3,0.90,126.9443,7.508226,42.2798,13,1
NoDOGE,3,0.95,123.7451,7.317021,44.6287,13,1
NoDOGE,3,1.00,120.0520,7.137657,46.9776,13,1
NoDOGE,4,0.00,45.0536,9.532515,12.7662,8,1
NoDOGE,4,0.05,45.0536,9.532515,12.7662,8,1
NoDOGE,4,0.10,45.0536,9.532515,12.7662,8,1
NoDOGE,4,0.15,45.0536,9.532515,12.7662,8,1
NoDOGE,4,0.20,45.0536,9.532515,12.7662,8,1
NoDOGE,4,0.25,45.0536,9.532515,12.7662,8,1
NoDOGE,4,0.30,45.0536,9.532515,12.7662,8,1
NoDOGE,4,0.35,45.0536,9.532515,12.7662,8,1
NoDOGE,4,0.40,45.0536,9.532515,12.7662,8,1
NoDOGE,4,0.45,45.0536,9.532515,12.7662,8,1
NoDOGE,4,0.50,45.0536,9.532515,12.7662,8,1
NoDOGE,4,0.55,45.0536,9.532515,12.7662,8,1
NoDOGE,4,0.60,45.0536,9.532515,12.7662,8,1
NoDOGE,4,0.65,45.0536,9.532515,12.7662,8,1
NoDOGE,4,0.70,45.0536,9.532515,12.7662,8,1
NoDOGE,4,0.75,45.0536,9.532515,12.7662,8,1
NoDOGE,4,0.80,45.0536,9.532515,12.7662,8,1
NoDOGE,4,0.85,45.0536,9.532515,12.7662,8,1
NoDOGE,4,0.90,45.0536,9.532515,12.7662,8,1
NoDOGE,4,0.95,45.0536,9.532515,12.7662,8,1
NoDOGE,4,1.00,45.0536,9.532515,12.7662,8,1
NoDOGE,5,0.00,29.1022,9.142006,5.0514,6,1
NoDOGE,5,0.05,29.1022,9.142006,5.0514,6,1
NoDOGE,5,0.10,29.1022,9.142006,5.0514,6,1
NoDOGE,5,0.15,29.1022,9.142006,5.0514,6,1
NoDOGE,5,0.20,29.1022,9.142006,5.0514,6,1
NoDOGE,5,0.25,29.1022,9.142006,5.0514,6,1
NoDOGE,5,0.30,29.1022,9.142006,5.0514,6,1
NoDOGE,5,0.35,29.1022,9.142006,5.0514,6,1
NoDOGE,5,0.40,29.1022,9.142006,5.0514,6,1
NoDOGE,5,0.45,29.1022,9.142006,5.0514,6,1
NoDOGE,5,0.50,29.1022,9.142006,5.0514,6,1
NoDOGE,5,0.55,29.1022,9.142006,5.0514,6,1
NoDOGE,5,0.60,29.1022,9.142006,5.0514,6,1
NoDOGE,5,0.65,29.1022,9.142006,5.0514,6,1
NoDOGE,5,0.70,29.1022,9.142006,5.0514,6,1
NoDOGE,5,0.75,29.1022,9.142006,5.0514,6,1
NoDOGE,5,0.80,29.1022,9.142006,5.0514,6,1
NoDOGE,5,0.85,29.1022,9.142006,5.0514,6,1
NoDOGE,5,0.90,29.1022,9.142006,5.0514,6,1
NoDOGE,5,0.95,29.1022,9.142006,5.0514,6,1
NoDOGE,5,1.00,29.1022,9.142006,5.0514,6,1
NoDOGE,6,0.00,43.9479,15.028646,0.0000,7,1
NoDOGE,6,0.05,45.0829,15.512037,0.3837,7,1
NoDOGE,6,0.10,46.2147,15.973193,0.7674,7,1
NoDOGE,6,0.15,47.3430,16.407518,1.1511,7,1
NoDOGE,6,0.20,48.4679,16.810702,1.5348,7,1
NoDOGE,6,0.25,49.5892,17.178896,1.9185,7,1
NoDOGE,6,0.30,50.7069,17.508877,2.3022,7,1
NoDOGE,6,0.35,51.8207,17.798175,2.6859,7,1
NoDOGE,6,0.40,52.9305,18.045164,3.0696,7,1
NoDOGE,6,0.45,54.0364,18.249108,3.4533,7,1
NoDOGE,6,0.50,55.1381,18.410150,3.8370,7,1
NoDOGE,6,0.55,56.2355,18.529258,4.2207,7,1
NoDOGE,6,0.60,57.3285,18.608132,4.6044,7,1
NoDOGE,6,0.65,58.4171,18.649075,4.9881,7,1
NoDOGE,6,0.70,59.5010,18.654860,5.3718,7,1
NoDOGE,6,0.75,60.5802,18.628583,5.7555,7,1
NoDOGE,6,0.80,61.6546,18.573527,6.1392,7,1
NoDOGE,6,0.85,62.7241,18.493043,6.5229,7,1
NoDOGE,6,0.90,63.7885,18.390438,6.9066,7,1
NoDOGE,6,0.95,64.8477,18.268903,7.2903,7,1
NoDOGE,6,1.00,65.9016,18.131445,7.6740,7,1
Legacy4,0,0.00,48.8960,10.146470,1.0877,7,1
Legacy4,0,0.05,51.3222,10.613824,1.0877,7,1
Legacy4,0,0.10,53.7702,11.082649,1.0877,7,1
Legacy4,0,0.15,56.2398,11.551756,1.0877,7,1
Legacy4,0,0.20,58.7312,12.019879,1.0877,7,1
Legacy4,0,0.25,61.2445,12.485697,1.0877,7,1
Legacy4,0,0.30,63.7795,12.947838,1.0877,7,1
Legacy4,0,0.35,66.3365,13.404900,1.0877,7,1
Legacy4,0,0.40,68.9155,13.855468,1.0877,7,1
Legacy4,0,0.45,71.5165,14.298128,1.0877,7,1
Legacy4,0,0.50,74.1395,14.731492,1.0877,7,1
Legacy4,0,0.55,76.7847,15.154213,1.0877,7,1
Legacy4,0,0.60,79.4521,15.565009,1.0877,7,1
Legacy4,0,0.65,82.1416,15.962677,1.0877,7,1
Legacy4,0,0.70,84.8535,16.346114,1.0877,7,1
Legacy4,0,0.75,87.5877,16.714331,1.0877,7,1
Legacy4,0,0.80,90.3442,17.066465,1.0877,7,1
Legacy4,0,0.85,93.1232,17.401791,1.0877,7,1
Legacy4,0,0.90,95.9247,17.719724,1.0877,7,1
Legacy4,0,0.95,98.7488,18.019829,1.0877,7,1
Legacy4,0,1.00,101.5954,18.301814,1.0877,7,1
Legacy4,1,0.00,17.6016,4.070522,17.3148,11,1
Legacy4,1,0.05,17.7538,4.096048,17.3148,11,1
Legacy4,1,0.10,17.8960,4.117382,17.3148,11,1
Legacy4,1,0.15,18.0283,4.134488,17.3148,11,1
Legacy4,1,0.20,18.1508,4.147373,17.3148,11,1
Legacy4,1,0.25,18.2635,4.156077,17.3148,11,1
Legacy4,1,0.30,18.3663,4.160679,17.3148,11,1
Legacy4,1,0.35,18.4594,4.161290,17.3148,11,1
Legacy4,1,0.40,18.5428,4.158050,17.3148,11,1
Legacy4,1,0.45,18.6165,4.151127,17.3148,11,1
Legacy4,1,0.50,18.6806,4.140710,17.3148,11,1
Legacy4,1,0.55,18.7350,4.127005,17.3148,11,1
Legacy4,1,0.60,18.7800,4.110232,17.3148,11,1
Legacy4,1,0.65,18.8153,4.090621,17.3148,11,1
Legacy4,1,0.70,18.8412,4.068406,17.3148,11,1
Legacy4,1,0.75,18.8577,4.043824,17.3148,11,1
Legacy4,1,0.80,18.8647,4.017108,17.3148,11,1
Legacy4,1,0.85,18.8623,3.988489,17.3148,11,1
Legacy4,1,0.90,18.8506,3.958189,17.8401,11,1
Legacy4,1,0.95,18.8296,3.926423,18.4077,11,1
Legacy4,1,1.00,18.7993,3.893394,18.9740,11,1
Legacy4,2,0.00,230.8550,9.985684,0.0000,10,1
Legacy4,2,0.05,276.1958,11.052052,0.1127,10,1
Legacy4,2,0.10,324.3728,12.053954,0.2254,10,1
Legacy4,2,0.15,375.4896,12.958932,0.3381,10,1
Legacy4,2,0.20,429.6515,13.741142,0.4508,10,1
Legacy4,2,0.25,486.9660,14.384910,0.5635,10,1
Legacy4,2,0.30,547.5425,14.886047,0.6762,10,1
Legacy4,2,0.35,611.4925,15.250761,0.7889,10,1
Legacy4,2,0.40,678.9295,15.492872,0.9016,10,1
Legacy4,2,0.45,749.9691,15.630462,1.0143,10,1
Legacy4,2,0.50,824.7288,15.682876,1.1270,10,1
Legacy4,2,0.55,903.3284,15.668567,1.2397,10,1
Legacy4,2,0.60,985.8896,15.603860,1.3524,10,1
Legacy4,2,0.65,1072.5362,15.502444,1.4651,10,1
Legacy4,2,0.70,1163.3940,15.375355,1.5778,10,1
Legacy4,2,0.75,1258.5913,15.231227,1.6905,10,1
Legacy4,2,0.80,1358.2580,15.076655,1.8032,10,1
Legacy4,2,0.85,1462.5264,14.916576,1.9159,10,1
Legacy4,2,0.90,1571.5310,14.754616,2.0286,10,1
Legacy4,2,0.95,1685.4081,14.593387,2.1413,10,1
Legacy4,2,1.00,1804.2964,14.434734,2.2540,10,1
Legacy4,3,0.00,62.3605,12.092587,0.0000,10,1
Legacy4,3,0.05,65.7904,12.636586,2.3489,10,1
Legacy4,3,0.10,68.9813,12.845811,4.6978,10,1
Legacy4,3,0.15,71.9217,12.746241,7.0466,10,1
Legacy4,3,0.20,74.6006,12.416076,9.3955,10,1
Legacy4,3,0.25,77.0072,11.946639,11.7444,10,1
Legacy4,3,0.30,79.1309,11.414209,14.0933,10,1
Legacy4,3,0.35,80.9617,10.870807,16.4421,10,1
Legacy4,3,0.40,82.4897,10.346881,18.7910,10,1
Legacy4,3,0.45,83.7056,9.857687,21.1399,10,1
Legacy4,3,0.50,84.6001,9.409112,23.4888,10,1
Legacy4,3,0.55,85.1645,9.001786,25.8377,10,1
Legacy4,3,0.60,85.3904,8.633664,28.1865,10,1
Legacy4,3,0.65,85.2696,8.301510,30.5354,10,1
Legacy4,3,0.70,84.7944,8.001718,32.8843,10,1
Legacy4,3,0.75,83.9574,7.730733,35.2332,10,1
Legacy4,3,0.80,82.7515,7.485249,37.5821,10,1
Legacy4,3,0.85,81.1701,7.262288,39.9309,10,1
Legacy4,3,0.90,79.2067,7.059215,42.2798,10,1
Legacy4,3,0.95,76.8554,6.873720,44.6287,10,1
Legacy4,3,1.00,74.1104,6.703790,46.9776,10,1
Legacy4,4,0.00,-10.3879,-1.975116,29.7852,6,0
Legacy4,4,0.05,-10.3879,-1.975116,29.7852,6,0
Legacy4,4,0.10,-10.3879,-1.975116,29.7852,6,0
Legacy4,4,0.15,-10.3879,-1.975116,29.7852,6,0
Legacy4,4,0.20,-10.3879,-1.975116,29.7852,6,0
Legacy4,4,0.25,-10.3879,-1.975116,29.7852,6,0
Legacy4,4,0.30,-10.3879,-1.975116,29.7852,6,0
Legacy4,4,0.35,-10.3879,-1.975116,29.7852,6,0
Legacy4,4,0.40,-10.3879,-1.975116,29.7852,6,0
Legacy4,4,0.45,-10.3879,-1.975116,29.7852,6,0
Legacy4,4,0.50,-10.3879,-1.975116,29.7852,6,0
Legacy4,4,0.55,-10.3879,-1.975116,29.7852,6,0
Legacy4,4,0.60,-10.3879,-1.975116,29.7852,6,0
Legacy4,4,0.65,-10.3879,-1.975116,29.7852,6,0
Legacy4,4,0.70,-10.3879,-1.975116,29.7852,6,0
Legacy4,4,0.75,-10.3879,-1.975116,29.7852,6,0
Legacy4,4,0.80,-10.3879,-1.975116,29.7852,6,0
Legacy4,4,0.85,-10.3879,-1.975116,29.7852,6,0
Legacy4,4,0.90,-10.3879,-1.975116,29.7852,6,0
Legacy4,4,0.95,-10.3879,-1.975116,29.7852,6,0
Legacy4,4,1.00,-10.3879,-1.975116,29.7852,6,0
Legacy4,5,0.00,79.3360,14.506944,5.0514,6,1
Legacy4,5,0.05,79.3360,14.506944,5.0514,6,1
Legacy4,5,0.10,79.3360,14.506944,5.0514,6,1
Legacy4,5,0.15,79.3360,14.506944,5.0514,6,1
Legacy4,5,0.20,79.3360,14.506944,5.0514,6,1
Legacy4,5,0.25,79.3360,14.506944,5.0514,6,1
Legacy4,5,0.30,79.3360,14.506944,5.0514,6,1
Legacy4,5,0.35,79.3360,14.506944,5.0514,6,1
Legacy4,5,0.40,79.3360,14.506944,5.0514,6,1
Legacy4,5,0.45,79.3360,14.506944,5.0514,6,1
Legacy4,5,0.50,79.3360,14.506944,5.0514,6,1
Legacy4,5,0.55,79.3360,14.506944,5.0514,6,1
Legacy4,5,0.60,79.3360,14.506944,5.0514,6,1
Legacy4,5,0.65,79.3360,14.506944,5.0514,6,1
Legacy4,5,0.70,79.3360,14.506944,5.0514,6,1
Legacy4,5,0.75,79.3360,14.506944,5.0514,6,1
Legacy4,5,0.80,79.3360,14.506944,5.0514,6,1
Legacy4,5,0.85,79.3360,14.506944,5.0514,6,1
Legacy4,5,0.90,79.3360,14.506944,5.0514,6,1
Legacy4,5,0.95,79.3360,14.506944,5.0514,6,1
Legacy4,5,1.00,79.3360,14.506944,5.0514,6,1
Legacy4,6,0.00,17.3353,4.330378,14.7911,9,1
Legacy4,6,0.05,18.4594,4.542649,14.7911,9,1
Legacy4,6,0.10,19.5882,4.753710,14.7911,9,1
Legacy4,6,0.15,20.7217,4.963258,14.7911,9,1
Legacy4,6,0.20,21.8600,5.170994,14.7911,9,1
Legacy4,6,0.25,23.0030,5.376624,14.7911,9,1
Legacy4,6,0.30,24.1508,5.579861,14.7911,9,1
Legacy4,6,0.35,25.3034,5.780428,14.7911,9,1
Legacy4,6,0.40,26.4606,5.978060,14.7911,9,1
Legacy4,6,0.45,27.6227,6.172505,14.7911,9,1
Legacy4,6,0.50,28.7894,6.363524,14.7911,9,1
Legacy4,6,0.55,29.9609,6.550897,14.7911,9,1
Legacy4,6,0.60,31.1372,6.734419,14.7911,9,1
Legacy4,6,0.65,32.3182,6.913905,14.7911,9,1
Legacy4,6,0.70,33.5040,7.089189,14.7911,9,1
Legacy4,6,0.75,34.6945,7.260123,14.7911,9,1
Legacy4,6,0.80,35.8897,7.426581,14.7911,9,1
Legacy4,6,0.85,37.0897,7.588456,14.7911,9,1
Legacy4,6,0.90,38.2944,7.745661,14.7911,9,1
Legacy4,6,0.95,39.5039,7.898128,14.7911,9,1
Legacy4,6,1.00,40.7181,8.045808,14.7911,9,1
Legacy5BNB,0,0.00,38.5453,9.047224,1.0877,6,1
Legacy5BNB,0,0.05,39.6652,9.282676,1.0877,6,1
Legacy5BNB,0,0.10,40.7871,9.517016,1.0877,6,1
Legacy5BNB,0,0.15,41.9113,9.749939,1.0877,6,1
Legacy5BNB,0,0.20,43.0377,9.981140,1.0877,6,1
Legacy5BNB,0,0.25,44.1662,10.210311,1.0877,6,1
Legacy5BNB,0,0.30,45.2969,10.437143,1.0877,6,1
Legacy5BNB,0,0.35,46.4297,10.661330,1.0877,6,1
Legacy5BNB,0,0.40,47.5647,10.882571,1.0877,6,1
Legacy5BNB,0,0.45,48.7019,11.100570,1.0877,6,1
Legacy5BNB,0,0.50,49.8413,11.315036,1.0877,6,1
Legacy5BNB,0,0.55,50.9829,11.525690,1.0877,6,1
Legacy5BNB,0,0.60,52.1266,11.732265,1.0877,6,1
Legacy5BNB,0,0.65,53.2725,11.934504,1.0877,6,1
Legacy5BNB,0,0.70,54.4205,12.132165,1.0877,6,1
Legacy5BNB,0,0.75,55.5708,12.325024,1.0877,6,1
Legacy5BNB,0,0.80,56.7232,12.512872,1.0877,6,1
Legacy5BNB,0,0.85,57.8778,12.695518,1.0877,6,1
Legacy5BNB,0,0.90,59.0345,12.872791,1.0877,6,1
Legacy5BNB,0,0.95,60.1934,13.044540,1.0877,6,1
Legacy5BNB,0,1.00,61.3545,13.210634,1.0877,6,1
Legacy5BNB,1,0.00,2.3610,1.351658,17.3148,10,1
Legacy5BNB,1,0.05,1.7082,1.182782,17.3148,10,1
Legacy5BNB,1,0.10,1.0569,1.013751,17.3148,10,1
Legacy5BNB,1,0.15,0.4070,0.844785,17.3148,10,1
Legacy5BNB,1,0.20,-0.2415,0.676102,17.3148,10,1
Legacy5BNB,1,0.25,-0.8886,0.507919,17.3148,10,1
Legacy5BNB,1,0.30,-1.5343,0.340444,17.3148,10,1
Legacy5BNB,1,0.35,-2.1786,0.173883,17.3148,10,1
Legacy5BNB,1,0.40,-2.8215,0.008431,17.3148,10,1
Legacy5BNB,1,0.45,-3.4630,-0.155723,17.3148,10,0
Legacy5BNB,1,0.50,-4.1031,-0.318399,17.3148,10,0
Legacy5BNB,1,0.55,-4.7418,-0.479429,17.3148,10,0
Legacy5BNB,1,0.60,-5.3790,-0.638653,17.3148,10,0
Legacy5BNB,1,0.65,-6.0149,-0.795924,17.3148,10,0
Legacy5BNB,1,0.70,-6.6494,-0.951105,17.3148,10,0
Legacy5BNB,1,0.75,-7.2824,-1.104073,17.3148,10,0
Legacy5BNB,1,0.80,-7.9141,-1.254714,17.3148,10,0
Legacy5BNB,1,0.85,-8.5443,-1.402929,17.3148,10,0
Legacy5BNB,1,0.90,-9.1732,-1.548627,17.8401,10,0
Legacy5BNB,1,0.95,-9.8006,-1.691732,18.4077,10,0
Legacy5BNB,1,1.00,-10.4266,-1.832177,18.9740,10,0
Legacy5BNB,2,0.00,230.8550,9.985684,0.0000,10,1
Legacy5BNB,2,0.05,276.1958,11.052052,0.1127,10,1
Legacy5BNB,2,0.10,324.3728,12.053954,0.2254,10,1
Legacy5BNB,2,0.15,375.4896,12.958932,0.3381,10,1
Legacy5BNB,2,0.20,429.6515,13.741142,0.4508,10,1
Legacy5BNB,2,0.25,486.9660,14.384910,0.5635,10,1
Legacy5BNB,2,0.30,547.5425,14.886047,0.6762,10,1
Legacy5BNB,2,0.35,611.4925,15.250761,0.7889,10,1
Legacy5BNB,2,0.40,678.9295,15.492872,0.9016,10,1
Legacy5BNB,2,0.45,749.9691,15.630462,1.0143,10,1
Legacy5BNB,2,0.50,824.7288,15.682876,1.1270,10,1
Legacy5BNB,2,0.55,903.3284,15.668567,1.2397,10,1
Legacy5BNB,2,0.60,985.8896,15.603860,1.3524,10,1
Legacy5BNB,2,0.65,1072.5362,15.502444,1.4651,10,1
Legacy5BNB,2,0.70,1163.3940,15.375355,1.5778,10,1
Legacy5BNB,2,0.75,1258.5913,15.231227,1.6905,10,1
Legacy5BNB,2,0.80,1358.2580,15.076655,1.8032,10,1
Legacy5BNB,2,0.85,1462.5264,14.916576,1.9159,10,1
Legacy5BNB,2,0.90,1571.5310,14.754616,2.0286,10,1
Legacy5BNB,2,0.95,1685.4081,14.593387,2.1413,10,1
Legacy5BNB,2,1.00,1804.2964,14.434734,2.2540,10,1
Legacy5BNB,3,0.00,62.3605,13.040252,0.0000,9,1
Legacy5BNB,3,0.05,62.0573,12.867249,2.3489,9,1
Legacy5BNB,3,0.10,61.5390,12.459857,4.6978,9,1
Legacy5BNB,3,0.15,60.8088,11.877627,7.0466,9,1
Legacy5BNB,3,0.20,59.8699,11.191421,9.3955,9,1
Legacy5BNB,3,0.25,58.7255,10.464242,11.7444,9,1
Legacy5BNB,3,0.30,57.3790,9.742122,14.0933,9,1
Legacy5BNB,3,0.35,55.8337,9.053667,16.4421,9,1
Legacy5BNB,3,0.40,54.0928,8.413778,18.7910,9,1
Legacy5BNB,3,0.45,52.1598,7.828129,21.1399,9,1
Legacy5BNB,3,0.50,50.0380,7.296846,23.4888,9,1
Legacy5BNB,3,0.55,47.7308,6.817066,25.8377,9,1
Legacy5BNB,3,0.60,45.2417,6.384539,28.1865,9,1
Legacy5BNB,3,0.65,42.5740,5.994564,30.5354,9,1
Legacy5BNB,3,0.70,39.7313,5.642499,32.8843,9,1
Legacy5BNB,3,0.75,36.7171,5.324013,35.2332,9,1
Legacy5BNB,3,0.80,33.5348,5.035187,37.5821,9,1
Legacy5BNB,3,0.85,30.1879,4.772545,39.9309,9,1
Legacy5BNB,3,0.90,26.6801,4.533035,42.2798,9,1
Legacy5BNB,3,0.95,23.0148,4.313991,44.6287,9,1
Legacy5BNB,3,1.00,19.1957,4.113095,46.9776,9,1
Legacy5BNB,4,0.00,19.1252,16.458143,3.3025,3,1
Legacy5BNB,4,0.05,19.1252,16.458143,3.3025,3,1
Legacy5BNB,4,0.10,19.1252,16.458143,3.3025,3,1
Legacy5BNB,4,0.15,19.1252,16.458143,3.3025,3,1
Legacy5BNB,4,0.20,19.1252,16.458143,3.3025,3,1
Legacy5BNB,4,0.25,19.1252,16.458143,3.3025,3,1
Legacy5BNB,4,0.30,19.1252,16.458143,3.3025,3,1
Legacy5BNB,4,0.35,19.1252,16.458143,3.3025,3,1
Legacy5BNB,4,0.40,19.1252,16.458143,3.3025,3,1
Legacy5BNB,4,0.45,19.1252,16.458143,3.3025,3,1
Legacy5BNB,4,0.50,19.1252,16.458143,3.3025,3,1
Legacy5BNB,4,0.55,19.1252,16.458143,3.3025,3,1
Legacy5BNB,4,0.60,19.1252,16.458143,3.3025,3,1
Legacy5BNB,4,0.65,19.1252,16.458143,3.3025,3,1
Legacy5BNB,4,0.70,19.1252,16.458143,3.3025,3,1
Legacy5BNB,4,0.75,19.1252,16.458143,3.3025,3,1
Legacy5BNB,4,0.80,19.1252,16.458143,3.3025,3,1
Legacy5BNB,4,0.85,19.1252,16.458143,3.3025,3,1
Legacy5BNB,4,0.90,19.1252,16.458143,3.3025,3,1
Legacy5BNB,4,0.95,19.1252,16.458143,3.3025,3,1
Legacy5BNB,4,1.00,19.1252,16.458143,3.3025,3,1
Legacy5BNB,5,0.00,31.8700,11.230275,5.0514,5,1
Legacy5BNB,5,0.05,31.8700,11.230275,5.0514,5,1
Legacy5BNB,5,0.10,31.8700,11.230275,5.0514,5,1
Legacy5BNB,5,0.15,31.8700,11.230275,5.0514,5,1
Legacy5BNB,5,0.20,31.8700,11.230275,5.0514,5,1
Legacy5BNB,5,0.25,31.8700,11.230275,5.0514,5,1
Legacy5BNB,5,0.30,31.8700,11.230275,5.0514,5,1
Legacy5BNB,5,0.35,31.8700,11.230275,5.0514,5,1
Legacy5BNB,5,0.40,31.8700,11.230275,5.0514,5,1
Legacy5BNB,5,0.45,31.8700,11.230275,5.0514,5,1
Legacy5BNB,5,0.50,31.8700,11.230275,5.0514,5,1
Legacy5BNB,5,0.55,31.8700,11.230275,5.0514,5,1
Legacy5BNB,5,0.60,31.8700,11.230275,5.0514,5,1
Legacy5BNB,5,0.65,31.8700,11.230275,5.0514,5,1
Legacy5BNB,5,0.70,31.8700,11.230275,5.0514,5,1
Legacy5BNB,5,0.75,31.8700,11.230275,5.0514,5,1
Legacy5BNB,5,0.80,31.8700,11.230275,5.0514,5,1
Legacy5BNB,5,0.85,31.8700,11.230275,5.0514,5,1
Legacy5BNB,5,0.90,31.8700,11.230275,5.0514,5,1
Legacy5BNB,5,0.95,31.8700,11.230275,5.0514,5,1
Legacy5BNB,5,1.00,31.8700,11.230275,5.0514,5,1
Legacy5BNB,6,0.00,17.3353,4.330378,14.7911,9,1
Legacy5BNB,6,0.05,18.4594,4.542649,14.7911,9,1
Legacy5BNB,6,0.10,19.5882,4.753710,14.7911,9,1
Legacy5BNB,6,0.15,20.7217,4.963258,14.7911,9,1
Legacy5BNB,6,0.20,21.8600,5.170994,14.7911,9,1
Legacy5BNB,6,0.25,23.0030,5.376624,14.7911,9,1
Legacy5BNB,6,0.30,24.1508,5.579861,14.7911,9,1
Legacy5BNB,6,0.35,25.3034,5.780428,14.7911,9,1
Legacy5BNB,6,0.40,26.4606,5.978060,14.7911,9,1
Legacy5BNB,6,0.45,27.6227,6.172505,14.7911,9,1
Legacy5BNB,6,0.50,28.7894,6.363524,14.7911,9,1
Legacy5BNB,6,0.55,29.9609,6.550897,14.7911,9,1
Legacy5BNB,6,0.60,31.1372,6.734419,14.7911,9,1
Legacy5BNB,6,0.65,32.3182,6.913905,14.7911,9,1
Legacy5BNB,6,0.70,33.5040,7.089189,14.7911,9,1
Legacy5BNB,6,0.75,34.6945,7.260123,14.7911,9,1
Legacy5BNB,6,0.80,35.8897,7.426581,14.7911,9,1
Legacy5BNB,6,0.85,37.0897,7.588456,14.7911,9,1
Legacy5BNB,6,0.90,38.2944,7.745661,14.7911,9,1
Legacy5BNB,6,0.95,39.5039,7.898128,14.7911,9,1
Legacy5BNB,6,1.00,40.7181,8.045808,14.7911,9,1
OldGuardNoBNB,0,0.00,59.6687,10.189985,1.0877,9,1
OldGuardNoBNB,0,0.05,59.3636,10.130559,1.2602,9,1
OldGuardNoBNB,0,0.10,59.0046,10.039964,2.5205,9,1
OldGuardNoBNB,0,0.15,58.5920,9.920078,3.7807,9,1
OldGuardNoBNB,0,0.20,58.1259,9.773486,5.0409,9,1
OldGuardNoBNB,0,0.25,57.6069,9.603308,6.3012,9,1
OldGuardNoBNB,0,0.30,57.0350,9.413003,7.5614,9,1
OldGuardNoBNB,0,0.35,56.4107,9.206181,8.8216,9,1
OldGuardNoBNB,0,0.40,55.7342,8.986426,10.0818,9,1
OldGuardNoBNB,0,0.45,55.0059,8.757159,11.3421,9,1
OldGuardNoBNB,0,0.50,54.2261,8.521535,12.6023,9,1
OldGuardNoBNB,0,0.55,53.3950,8.282372,13.8625,9,1
OldGuardNoBNB,0,0.60,52.5131,8.042120,15.1228,9,1
OldGuardNoBNB,0,0.65,51.5807,7.802852,16.3830,9,1
OldGuardNoBNB,0,0.70,50.5980,7.566279,17.6432,9,1
OldGuardNoBNB,0,0.75,49.5656,7.333777,18.9035,9,1
OldGuardNoBNB,0,0.80,48.4837,7.106418,20.1637,9,1
OldGuardNoBNB,0,0.85,47.3527,6.885009,21.4239,9,1
OldGuardNoBNB,0,0.90,46.1730,6.670134,22.6841,9,1
OldGuardNoBNB,0,0.95,44.9450,6.462186,23.9444,9,1
OldGuardNoBNB,0,1.00,43.6690,6.261402,25.2046,9,1
OldGuardNoBNB,1,0.00,-12.8591,-5.361576,18.1377,8,0
OldGuardNoBNB,1,0.05,-12.3067,-5.060703,18.2498,8,0
OldGuardNoBNB,1,0.10,-11.7560,-4.752278,18.3619,8,0
OldGuardNoBNB,1,0.15,-11.2072,-4.438729,18.4740,8,0
OldGuardNoBNB,1,0.20,-10.6603,-4.122457,18.5861,8,0
OldGuardNoBNB,1,0.25,-10.1152,-3.805763,18.6982,8,0
OldGuardNoBNB,1,0.30,-9.5719,-3.490786,18.8103,8,0
OldGuardNoBNB,1,0.35,-9.0305,-3.179452,18.9224,8,0
OldGuardNoBNB,1,0.40,-8.4909,-2.873444,19.0345,8,0
OldGuardNoBNB,1,0.45,-7.9532,-2.574185,19.1466,8,0
OldGuardNoBNB,1,0.50,-7.4173,-2.282839,19.2587,8,0
OldGuardNoBNB,1,0.55,-6.8833,-2.000317,19.3708,8,0
OldGuardNoBNB,1,0.60,-6.3511,-1.727296,19.4829,8,0
OldGuardNoBNB,1,0.65,-5.8207,-1.464242,19.5950,8,0
OldGuardNoBNB,1,0.70,-5.2922,-1.211437,19.7071,8,0
OldGuardNoBNB,1,0.75,-4.7655,-0.969004,19.8192,8,0
OldGuardNoBNB,1,0.80,-4.2407,-0.736933,19.9313,8,0
OldGuardNoBNB,1,0.85,-3.7177,-0.515107,20.0434,8,0
OldGuardNoBNB,1,0.90,-3.1965,-0.303325,20.1555,8,0
OldGuardNoBNB,1,0.95,-2.6772,-0.101317,20.2676,8,0
OldGuardNoBNB,1,1.00,-2.1597,0.091231,20.3797,8,1
OldGuardNoBNB,2,0.00,230.8550,9.985684,0.0000,10,1
OldGuardNoBNB,2,0.05,276.1958,11.052052,0.1127,10,1
OldGuardNoBNB,2,0.10,324.3728,12.053954,0.2254,10,1
OldGuardNoBNB,2,0.15,375.4896,12.958932,0.3381,10,1
OldGuardNoBNB,2,0.20,429.6515,13.741142,0.4508,10,1
OldGuardNoBNB,2,0.25,486.9660,14.384910,0.5635,10,1
OldGuardNoBNB,2,0.30,547.5425,14.886047,0.6762,10,1
OldGuardNoBNB,2,0.35,611.4925,15.250761,0.7889,10,1
OldGuardNoBNB,2,0.40,678.9295,15.492872,0.9016,10,1
OldGuardNoBNB,2,0.45,749.9691,15.630462,1.0143,10,1
OldGuardNoBNB,2,0.50,824.7288,15.682876,1.1270,10,1
OldGuardNoBNB,2,0.55,903.3284,15.668567,1.2397,10,1
OldGuardNoBNB,2,0.60,985.8896,15.603860,1.3524,10,1
OldGuardNoBNB,2,0.65,1072.5362,15.502444,1.4651,10,1
OldGuardNoBNB,2,0.70,1163.3940,15.375355,1.5778,10,1
OldGuardNoBNB,2,0.75,1258.5913,15.231227,1.6905,10,1
OldGuardNoBNB,2,0.80,1358.2580,15.076655,1.8032,10,1
OldGuardNoBNB,2,0.85,1462.5264,14.916576,1.9159,10,1
OldGuardNoBNB,2,0.90,1571.5310,14.754616,2.0286,10,1
OldGuardNoBNB,2,0.95,1685.4081,14.593387,2.1413,10,1
OldGuardNoBNB,2,1.00,1804.2964,14.434734,2.2540,10,1
OldGuardNoBNB,3,0.00,62.3605,12.092587,0.0000,10,1
OldGuardNoBNB,3,0.05,65.7904,12.636586,2.3489,10,1
OldGuardNoBNB,3,0.10,68.9813,12.845811,4.6978,10,1
OldGuardNoBNB,3,0.15,71.9217,12.746241,7.0466,10,1
OldGuardNoBNB,3,0.20,74.6006,12.416076,9.3955,10,1
OldGuardNoBNB,3,0.25,77.0072,11.946639,11.7444,10,1
OldGuardNoBNB,3,0.30,79.1309,11.414209,14.0933,10,1
OldGuardNoBNB,3,0.35,80.9617,10.870807,16.4421,10,1
OldGuardNoBNB,3,0.40,82.4897,10.346881,18.7910,10,1
OldGuardNoBNB,3,0.45,83.7056,9.857687,21.1399,10,1
OldGuardNoBNB,3,0.50,84.6001,9.409112,23.4888,10,1
OldGuardNoBNB,3,0.55,85.1645,9.001786,25.8377,10,1
OldGuardNoBNB,3,0.60,85.3904,8.633664,28.1865,10,1
OldGuardNoBNB,3,0.65,85.2696,8.301510,30.5354,10,1
OldGuardNoBNB,3,0.70,84.7944,8.001718,32.8843,10,1
OldGuardNoBNB,3,0.75,83.9574,7.730733,35.2332,10,1
OldGuardNoBNB,3,0.80,82.7515,7.485249,37.5821,10,1
OldGuardNoBNB,3,0.85,81.1701,7.262288,39.9309,10,1
OldGuardNoBNB,3,0.90,79.2067,7.059215,42.2798,10,1
OldGuardNoBNB,3,0.95,76.8554,6.873720,44.6287,10,1
OldGuardNoBNB,3,1.00,74.1104,6.703790,46.9776,10,1
OldGuardNoBNB,4,0.00,-11.4892,-2.151977,29.7852,7,0
OldGuardNoBNB,4,0.05,-11.4892,-2.151977,29.7852,7,0
OldGuardNoBNB,4,0.10,-11.4892,-2.151977,29.7852,7,0
OldGuardNoBNB,4,0.15,-11.4892,-2.151977,29.7852,7,0
OldGuardNoBNB,4,0.20,-11.4892,-2.151977,29.7852,7,0
OldGuardNoBNB,4,0.25,-11.4892,-2.151977,29.7852,7,0
OldGuardNoBNB,4,0.30,-11.4892,-2.151977,29.7852,7,0
OldGuardNoBNB,4,0.35,-11.4892,-2.151977,29.7852,7,0
OldGuardNoBNB,4,0.40,-11.4892,-2.151977,29.7852,7,0
OldGuardNoBNB,4,0.45,-11.4892,-2.151977,29.7852,7,0
OldGuardNoBNB,4,0.50,-11.4892,-2.151977,29.7852,7,0
OldGuardNoBNB,4,0.55,-11.4892,-2.151977,29.7852,7,0
OldGuardNoBNB,4,0.60,-11.4892,-2.151977,29.7852,7,0
OldGuardNoBNB,4,0.65,-11.4892,-2.151977,29.7852,7,0
OldGuardNoBNB,4,0.70,-11.4892,-2.151977,29.7852,7,0
OldGuardNoBNB,4,0.75,-11.4892,-2.151977,29.7852,7,0
OldGuardNoBNB,4,0.80,-11.4892,-2.151977,29.7852,7,0
OldGuardNoBNB,4,0.85,-11.4892,-2.151977,29.7852,7,0
OldGuardNoBNB,4,0.90,-11.4892,-2.151977,29.7852,7,0
OldGuardNoBNB,4,0.95,-11.4892,-2.151977,29.7852,7,0
OldGuardNoBNB,4,1.00,-11.4892,-2.151977,29.7852,7,0
OldGuardNoBNB,5,0.00,-9.5691,-0.099695,31.4242,6,0
OldGuardNoBNB,5,0.05,-9.5691,-0.099695,31.4242,6,0
OldGuardNoBNB,5,0.10,-9.5691,-0.099695,31.4242,6,0
OldGuardNoBNB,5,0.15,-9.5691,-0.099695,31.4242,6,0
OldGuardNoBNB,5,0.20,-9.5691,-0.099695,31.4242,6,0
OldGuardNoBNB,5,0.25,-9.5691,-0.099695,31.4242,6,0
OldGuardNoBNB,5,0.30,-9.5691,-0.099695,31.4242,6,0
OldGuardNoBNB,5,0.35,-9.5691,-0.099695,31.4242,6,0
OldGuardNoBNB,5,0.40,-9.5691,-0.099695,31.4242,6,0
OldGuardNoBNB,5,0.45,-9.5691,-0.099695,31.4242,6,0
OldGuardNoBNB,5,0.50,-9.5691,-0.099695,31.4242,6,0
OldGuardNoBNB,5,0.55,-9.5691,-0.099695,31.4242,6,0
OldGuardNoBNB,5,0.60,-9.5691,-0.099695,31.4242,6,0
OldGuardNoBNB,5,0.65,-9.5691,-0.099695,31.4242,6,0
OldGuardNoBNB,5,0.70,-9.5691,-0.099695,31.4242,6,0
OldGuardNoBNB,5,0.75,-9.5691,-0.099695,31.4242,6,0
OldGuardNoBNB,5,0.80,-9.5691,-0.099695,31.4242,6,0
OldGuardNoBNB,5,0.85,-9.5691,-0.099695,31.4242,6,0
OldGuardNoBNB,5,0.90,-9.5691,-0.099695,31.4242,6,0
OldGuardNoBNB,5,0.95,-9.5691,-0.099695,31.4242,6,0
OldGuardNoBNB,5,1.00,-9.5691,-0.099695,31.4242,6,0
OldGuardNoBNB,6,0.00,17.3353,4.330378,14.7911,9,1
OldGuardNoBNB,6,0.05,18.4594,4.542649,14.7911,9,1
OldGuardNoBNB,6,0.10,19.5882,4.753710,14.7911,9,1
OldGuardNoBNB,6,0.15,20.7217,4.963258,14.7911,9,1
OldGuardNoBNB,6,0.20,21.8600,5.170994,14.7911,9,1
OldGuardNoBNB,6,0.25,23.0030,5.376624,14.7911,9,1
OldGuardNoBNB,6,0.30,24.1508,5.579861,14.7911,9,1
OldGuardNoBNB,6,0.35,25.3034,5.780428,14.7911,9,1
OldGuardNoBNB,6,0.40,26.4606,5.978060,14.7911,9,1
OldGuardNoBNB,6,0.45,27.6227,6.172505,14.7911,9,1
OldGuardNoBNB,6,0.50,28.7894,6.363524,14.7911,9,1
OldGuardNoBNB,6,0.55,29.9609,6.550897,14.7911,9,1
OldGuardNoBNB,6,0.60,31.1372,6.734419,14.7911,9,1
OldGuardNoBNB,6,0.65,32.3182,6.913905,14.7911,9,1
OldGuardNoBNB,6,0.70,33.5040,7.089189,14.7911,9,1
OldGuardNoBNB,6,0.75,34.6945,7.260123,14.7911,9,1
OldGuardNoBNB,6,0.80,35.8897,7.426581,14.7911,9,1
OldGuardNoBNB,6,0.85,37.0897,7.588456,14.7911,9,1
OldGuardNoBNB,6,0.90,38.2944,7.745661,14.7911,9,1
OldGuardNoBNB,6,0.95,39.5039,7.898128,14.7911,9,1
OldGuardNoBNB,6,1.00,40.7181,8.045808,14.7911,9,1
LargeCaps5,0,0.00,397.9393,14.602026,0.2454,7,1
LargeCaps5,0,0.05,401.5013,14.677365,0.5382,7,1
LargeCaps5,0,0.10,404.9957,14.750749,1.0765,7,1
LargeCaps5,0,0.15,408.4225,14.822123,1.6147,7,1
LargeCaps5,0,0.20,411.7818,14.891433,2.1530,7,1
LargeCaps5,0,0.25,415.0735,14.958629,2.6912,7,1
LargeCaps5,0,0.30,418.2977,15.023663,3.2295,7,1
LargeCaps5,0,0.35,421.4543,15.086491,3.7677,7,1
LargeCaps5,0,0.40,424.5433,15.147070,4.3060,7,1
LargeCaps5,0,0.45,427.5648,15.205360,4.8442,7,1
LargeCaps5,0,0.50,430.5187,15.261326,5.3825,7,1
LargeCaps5,0,0.55,433.4050,15.314933,5.9207,7,1
LargeCaps5,0,0.60,436.2238,15.366153,6.4590,7,1
LargeCaps5,0,0.65,438.9751,15.414958,6.9972,7,1
LargeCaps5,0,0.70,441.6588,15.461326,7.5355,7,1
LargeCaps5,0,0.75,444.2749,15.505237,8.0737,7,1
LargeCaps5,0,0.80,446.8234,15.546674,8.6120,7,1
LargeCaps5,0,0.85,449.3044,15.585626,9.1502,7,1
LargeCaps5,0,0.90,451.7179,15.622082,9.6885,7,1
LargeCaps5,0,0.95,454.0637,15.656038,10.2267,7,1
LargeCaps5,0,1.00,456.3420,15.687491,10.7650,7,1
LargeCaps5,1,0.00,18.6450,9.536819,5.7345,8,1
LargeCaps5,1,0.05,17.6654,8.987968,6.5129,8,1
LargeCaps5,1,0.10,16.6879,8.433839,7.2895,8,1
LargeCaps5,1,0.15,15.7127,7.879011,8.0643,8,1
LargeCaps5,1,0.20,14.7398,7.327649,8.8373,8,1
LargeCaps5,1,0.25,13.7691,6.783419,9.6085,8,1
LargeCaps5,1,0.30,12.8006,6.249442,10.3780,8,1
LargeCaps5,1,0.35,11.8344,5.728287,11.1457,8,1
LargeCaps5,1,0.40,10.8704,5.221985,11.9116,8,1
LargeCaps5,1,0.45,9.9087,4.732068,12.6757,8,1
LargeCaps5,1,0.50,8.9492,4.259616,13.4380,8,1
LargeCaps5,1,0.55,7.9919,3.805316,14.1986,8,1
LargeCaps5,1,0.60,7.0369,3.369522,14.9574,8,1
LargeCaps5,1,0.65,6.0841,2.952308,15.7144,8,1
LargeCaps5,1,0.70,5.1336,2.553524,16.4696,8,1
LargeCaps5,1,0.75,4.1853,2.172843,17.2230,8,1
LargeCaps5,1,0.80,3.2392,1.809803,17.9747,8,1
LargeCaps5,1,0.85,2.2954,1.463841,18.7245,8,1
LargeCaps5,1,0.90,1.3539,1.134325,19.4726,8,1
LargeCaps5,1,0.95,0.4145,0.820577,20.2190,8,1
LargeCaps5,1,1.00,-0.5226,0.521893,20.9635,8,1
LargeCaps5,2,0.00,30.9356,5.418675,20.3043,11,1
LargeCaps5,2,0.05,33.7548,5.775591,20.3941,11,1
LargeCaps5,2,0.10,36.4839,6.080730,20.4839,11,1
LargeCaps5,2,0.15,39.1207,6.328763,20.5737,11,1
LargeCaps5,2,0.20,41.6632,6.518766,20.6635,11,1
LargeCaps5,2,0.25,44.1093,6.653714,20.7533,11,1
LargeCaps5,2,0.30,46.4572,6.739398,20.8432,11,1
LargeCaps5,2,0.35,48.7049,6.783163,20.9330,11,1
LargeCaps5,2,0.40,50.8506,6.792790,21.0228,11,1
LargeCaps5,2,0.45,52.8926,6.775684,21.1126,11,1
LargeCaps5,2,0.50,54.8291,6.738410,21.2024,11,1
LargeCaps5,2,0.55,56.6584,6.686491,21.2922,11,1
LargeCaps5,2,0.60,58.3791,6.624401,22.1208,11,1
LargeCaps5,2,0.65,59.9894,6.555655,23.8474,11,1
LargeCaps5,2,0.70,61.4881,6.482948,25.5560,11,1
LargeCaps5,2,0.75,62.8736,6.408306,27.2467,11,1
LargeCaps5,2,0.80,64.1447,6.333219,28.9194,11,1
LargeCaps5,2,0.85,65.3000,6.258761,30.5741,11,1
LargeCaps5,2,0.90,66.3385,6.185691,32.2109,11,1
LargeCaps5,2,0.95,67.2589,6.114524,33.8297,11,1
LargeCaps5,2,1.00,68.0602,6.045598,35.4305,11,1
LargeCaps5,3,0.00,109.7273,11.664307,3.9869,11,1
LargeCaps5,3,0.05,109.1659,11.580453,3.9869,11,1
LargeCaps5,3,0.10,108.3260,11.409564,4.6978,11,1
LargeCaps5,3,0.15,107.2125,11.161699,7.0466,11,1
LargeCaps5,3,0.20,105.8302,10.850761,9.3955,11,1
LargeCaps5,3,0.25,104.1839,10.492428,11.7444,11,1
LargeCaps5,3,0.30,102.2787,10.102239,14.0933,11,1
LargeCaps5,3,0.35,100.1193,9.694200,16.4421,11,1
LargeCaps5,3,0.40,97.7107,9.280003,18.7910,11,1
LargeCaps5,3,0.45,95.0580,8.868788,21.1399,11,1
LargeCaps5,3,0.50,92.1662,8.467267,23.4888,11,1
LargeCaps5,3,0.55,89.0403,8.080054,25.8377,11,1
LargeCaps5,3,0.60,85.6853,7.710063,28.1865,11,1
LargeCaps5,3,0.65,82.1065,7.358910,30.5354,11,1
LargeCaps5,3,0.70,78.3089,7.027249,32.8843,11,1
LargeCaps5,3,0.75,74.2977,6.715061,35.2332,11,1
LargeCaps5,3,0.80,70.0779,6.421872,37.5821,11,1
LargeCaps5,3,0.85,65.6550,6.146912,39.9309,11,1
LargeCaps5,3,0.90,61.0339,5.889243,42.2798,11,1
LargeCaps5,3,0.95,56.2200,5.647836,44.6287,11,1
LargeCaps5,3,1.00,51.2185,5.421633,46.9776,11,1
LargeCaps5,4,0.00,45.0536,9.532515,12.7662,8,1
LargeCaps5,4,0.05,45.0536,9.532515,12.7662,8,1
LargeCaps5,4,0.10,45.0536,9.532515,12.7662,8,1
LargeCaps5,4,0.15,45.0536,9.532515,12.7662,8,1
LargeCaps5,4,0.20,45.0536,9.532515,12.7662,8,1
LargeCaps5,4,0.25,45.0536,9.532515,12.7662,8,1
LargeCaps5,4,0.30,45.0536,9.532515,12.7662,8,1
LargeCaps5,4,0.35,45.0536,9.532515,12.7662,8,1
LargeCaps5,4,0.40,45.0536,9.532515,12.7662,8,1
LargeCaps5,4,0.45,45.0536,9.532515,12.7662,8,1
LargeCaps5,4,0.50,45.0536,9.532515,12.7662,8,1
LargeCaps5,4,0.55,45.0536,9.532515,12.7662,8,1
LargeCaps5,4,0.60,45.0536,9.532515,12.7662,8,1
LargeCaps5,4,0.65,45.0536,9.532515,12.7662,8,1
LargeCaps5,4,0.70,45.0536,9.532515,12.7662,8,1
LargeCaps5,4,0.75,45.0536,9.532515,12.7662,8,1
LargeCaps5,4,0.80,45.0536,9.532515,12.7662,8,1
LargeCaps5,4,0.85,45.0536,9.532515,12.7662,8,1
LargeCaps5,4,0.90,45.0536,9.532515,12.7662,8,1
LargeCaps5,4,0.95,45.0536,9.532515,12.7662,8,1
LargeCaps5,4,1.00,45.0536,9.532515,12.7662,8,1
LargeCaps5,5,0.00,29.1022,9.142006,5.0514,6,1
LargeCaps5,5,0.05,29.1022,9.142006,5.0514,6,1
LargeCaps5,5,0.10,29.1022,9.142006,5.0514,6,1
LargeCaps5,5,0.15,29.1022,9.142006,5.0514,6,1
LargeCaps5,5,0.20,29.1022,9.142006,5.0514,6,1
LargeCaps5,5,0.25,29.1022,9.142006,5.0514,6,1
LargeCaps5,5,0.30,29.1022,9.142006,5.0514,6,1
LargeCaps5,5,0.35,29.1022,9.142006,5.0514,6,1
LargeCaps5,5,0.40,29.1022,9.142006,5.0514,6,1
LargeCaps5,5,0.45,29.1022,9.142006,5.0514,6,1
LargeCaps5,5,0.50,29.1022,9.142006,5.0514,6,1
LargeCaps5,5,0.55,29.1022,9.142006,5.0514,6,1
LargeCaps5,5,0.60,29.1022,9.142006,5.0514,6,1
LargeCaps5,5,0.65,29.1022,9.142006,5.0514,6,1
LargeCaps5,5,0.70,29.1022,9.142006,5.0514,6,1
LargeCaps5,5,0.75,29.1022,9.142006,5.0514,6,1
LargeCaps5,5,0.80,29.1022,9.142006,5.0514,6,1
LargeCaps5,5,0.85,29.1022,9.142006,5.0514,6,1
LargeCaps5,5,0.90,29.1022,9.142006,5.0514,6,1
LargeCaps5,5,0.95,29.1022,9.142006,5.0514,6,1
LargeCaps5,5,1.00,29.1022,9.142006,5.0514,6,1
LargeCaps5,6,0.00,43.9479,15.028646,0.0000,7,1
LargeCaps5,6,0.05,45.0829,15.512037,0.3837,7,1
LargeCaps5,6,0.10,46.2147,15.973193,0.7674,7,1
LargeCaps5,6,0.15,47.3430,16.407518,1.1511,7,1
LargeCaps5,6,0.20,48.4679,16.810702,1.5348,7,1
LargeCaps5,6,0.25,49.5892,17.178896,1.9185,7,1
LargeCaps5,6,0.30,50.7069,17.508877,2.3022,7,1
LargeCaps5,6,0.35,51.8207,17.798175,2.6859,7,1
LargeCaps5,6,0.40,52.9305,18.045164,3.0696,7,1
LargeCaps5,6,0.45,54.0364,18.249108,3.4533,7,1
LargeCaps5,6,0.50,55.1381,18.410150,3.8370,7,1
LargeCaps5,6,0.55,56.2355,18.529258,4.2207,7,1
LargeCaps5,6,0.60,57.3285,18.608132,4.6044,7,1
LargeCaps5,6,0.65,58.4171,18.649075,4.9881,7,1
LargeCaps5,6,0.70,59.5010,18.654860,5.3718,7,1
LargeCaps5,6,0.75,60.5802,18.628583,5.7555,7,1
LargeCaps5,6,0.80,61.6546,18.573527,6.1392,7,1
LargeCaps5,6,0.85,62.7241,18.493043,6.5229,7,1
LargeCaps5,6,0.90,63.7885,18.390438,6.9066,7,1
LargeCaps5,6,0.95,64.8477,18.268903,7.2903,7,1
LargeCaps5,6,1.00,65.9016,18.131445,7.6740,7,1
Legacy3,0,0.00,46.7317,8.943985,2.5255,8,1
Legacy3,0,0.05,49.4653,9.405995,2.5255,8,1
Legacy3,0,0.10,52.2314,9.869710,2.5255,8,1
Legacy3,0,0.15,55.0301,10.334044,2.5255,8,1
Legacy3,0,0.20,57.8616,10.797848,2.5255,8,1
Legacy3,0,0.25,60.7261,11.259923,2.5255,8,1
Legacy3,0,0.30,63.6239,11.719031,2.5255,8,1
Legacy3,0,0.35,66.5551,12.173907,2.5255,8,1
Legacy3,0,0.40,69.5199,12.623274,2.5255,8,1
Legacy3,0,0.45,72.5185,13.065861,2.5255,8,1
Legacy3,0,0.50,75.5512,13.500414,2.5255,8,1
Legacy3,0,0.55,78.6181,13.925719,2.5255,8,1
Legacy3,0,0.60,81.7194,14.340612,2.5255,8,1
Legacy3,0,0.65,84.8553,14.744000,2.5255,8,1
Legacy3,0,0.70,88.0261,15.134870,2.5255,8,1
Legacy3,0,0.75,91.2320,15.512307,2.5255,8,1
Legacy3,0,0.80,94.4731,15.875500,2.5255,8,1
Legacy3,0,0.85,97.7496,16.223754,2.5255,8,1
Legacy3,0,0.90,101.0618,16.556492,2.5255,8,1
Legacy3,0,0.95,104.4099,16.873263,2.5255,8,1
Legacy3,0,1.00,107.7941,17.173738,2.5255,8,1
Legacy3,1,0.00,80.7268,9.779131,5.7345,11,1
Legacy3,1,0.05,80.9607,9.800978,6.3356,11,1
Legacy3,1,0.10,81.1793,9.817417,6.9354,11,1
Legacy3,1,0.15,81.3826,9.828431,7.5340,11,1
Legacy3,1,0.20,81.5709,9.834030,8.1312,11,1
Legacy3,1,0.25,81.7440,9.834250,8.7271,11,1
Legacy3,1,0.30,81.9020,9.829154,9.3218,11,1
Legacy3,1,0.35,82.0451,9.818827,9.9151,11,1
Legacy3,1,0.40,82.1732,9.803382,10.5071,11,1
Legacy3,1,0.45,82.2865,9.782949,11.0979,11,1
Legacy3,1,0.50,82.3850,9.757683,11.6874,11,1
Legacy3,1,0.55,82.4687,9.727753,12.2755,11,1
Legacy3,1,0.60,82.5377,9.693348,12.8624,11,1
Legacy3,1,0.65,82.5921,9.654667,13.4480,11,1
Legacy3,1,0.70,82.6318,9.611922,14.0323,11,1
Legacy3,1,0.75,82.6571,9.565336,14.6152,11,1
Legacy3,1,0.80,82.6679,9.515135,15.1969,11,1
Legacy3,1,0.85,82.6643,9.461554,15.7773,11,1
Legacy3,1,0.90,82.6463,9.404827,16.3564,11,1
Legacy3,1,0.95,82.6140,9.345191,16.9342,11,1
Legacy3,1,1.00,82.5675,9.282880,17.5108,11,1
Legacy3,2,0.00,96.1426,5.631689,22.8502,12,1
Legacy3,2,0.05,114.2801,6.152061,22.8502,12,1
Legacy3,2,0.10,132.0263,6.615616,22.8502,12,1
Legacy3,2,0.15,149.2938,7.012045,22.8502,12,1
Legacy3,2,0.20,165.9919,7.336699,22.8502,12,1
Legacy3,2,0.25,182.0271,7.590425,22.8502,12,1
Legacy3,2,0.30,197.3023,7.778435,22.8502,12,1
Legacy3,2,0.35,211.7177,7.908707,22.8502,12,1
Legacy3,2,0.40,225.1701,7.990439,24.4842,12,1
Legacy3,2,0.45,237.5531,8.032838,27.5448,12,1
Legacy3,2,0.50,248.7573,8.044354,30.6053,12,1
Legacy3,2,0.55,258.6701,8.032292,33.6658,12,1
Legacy3,2,0.60,267.1757,8.002711,36.7263,12,1
Legacy3,2,0.65,274.1551,7.960480,39.7869,12,1
Legacy3,2,0.70,279.4862,7.909423,42.8474,12,1
Legacy3,2,0.75,283.0438,7.852487,45.9079,12,1
Legacy3,2,0.80,284.6993,7.791911,48.9685,12,1
Legacy3,2,0.85,284.3211,7.729373,52.0290,12,1
Legacy3,2,0.90,281.7746,7.666113,55.0895,12,1
Legacy3,2,0.95,276.9217,7.603038,58.1501,12,1
Legacy3,2,1.00,269.6213,7.540796,61.2106,12,1
Legacy3,3,0.00,34.1291,6.298080,17.3881,10,1
Legacy3,3,0.05,37.3000,6.741477,19.0659,10,1
Legacy3,3,0.10,40.3862,7.117090,20.7215,10,1
Legacy3,3,0.15,43.3848,7.417111,22.3550,10,1
Legacy3,3,0.20,46.2932,7.640346,23.9665,10,1
Legacy3,3,0.25,49.1088,7.791416,25.5563,10,1
Legacy3,3,0.30,51.8291,7.878986,27.1244,10,1
Legacy3,3,0.35,54.4521,7.913747,28.6710,10,1
Legacy3,3,0.40,56.9756,7.906703,30.1963,10,1
Legacy3,3,0.45,59.3977,7.868017,31.7003,10,1
Legacy3,3,0.50,61.7165,7.806416,33.1832,10,1
Legacy3,3,0.55,63.9305,7.729009,34.6453,10,1
Legacy3,3,0.60,66.0382,7.641363,36.0865,10,1
Legacy3,3,0.65,68.0381,7.547706,37.5071,10,1
Legacy3,3,0.70,69.9291,7.451168,38.9071,10,1
Legacy3,3,0.75,71.7100,7.354008,40.2869,10,1
Legacy3,3,0.80,73.3799,7.257819,41.6464,10,1
Legacy3,3,0.85,74.9379,7.163694,42.9858,10,1
Legacy3,3,0.90,76.3834,7.072353,44.3053,10,1
Legacy3,3,0.95,77.7158,6.984246,45.6050,10,1
Legacy3,3,1.00,78.9345,6.899627,46.8851,10,1
Legacy3,4,0.00,-17.8440,-8.058538,25.6320,6,0
Legacy3,4,0.05,-17.8440,-8.058538,25.6320,6,0
Legacy3,4,0.10,-17.8440,-8.058538,25.6320,6,0
Legacy3,4,0.15,-17.8440,-8.058538,25.6320,6,0
Legacy3,4,0.20,-17.8440,-8.058538,25.6320,6,0
Legacy3,4,0.25,-17.8440,-8.058538,25.6320,6,0
Legacy3,4,0.30,-17.8440,-8.058538,25.6320,6,0
Legacy3,4,0.35,-17.8440,-8.058538,25.6320,6,0
Legacy3,4,0.40,-17.8440,-8.058538,25.6320,6,0
Legacy3,4,0.45,-17.8440,-8.058538,25.6320,6,0
Legacy3,4,0.50,-17.8440,-8.058538,25.6320,6,0
Legacy3,4,0.55,-17.8440,-8.058538,25.6320,6,0
Legacy3,4,0.60,-17.8440,-8.058538,25.6320,6,0
Legacy3,4,0.65,-17.8440,-8.058538,25.6320,6,0
Legacy3,4,0.70,-17.8440,-8.058538,25.6320,6,0
Legacy3,4,0.75,-17.8440,-8.058538,25.6320,6,0
Legacy3,4,0.80,-17.8440,-8.058538,25.6320,6,0
Legacy3,4,0.85,-17.8440,-8.058538,25.6320,6,0
Legacy3,4,0.90,-17.8440,-8.058538,25.6320,6,0
Legacy3,4,0.95,-17.8440,-8.058538,25.6320,6,0
Legacy3,4,1.00,-17.8440,-8.058538,25.6320,6,0
Legacy3,5,0.00,103.1166,16.069736,5.0514,7,1
Legacy3,5,0.05,103.1166,16.069736,5.0514,7,1
Legacy3,5,0.10,103.1166,16.069736,5.0514,7,1
Legacy3,5,0.15,103.1166,16.069736,5.0514,7,1
Legacy3,5,0.20,103.1166,16.069736,5.0514,7,1
Legacy3,5,0.25,103.1166,16.069736,5.0514,7,1
Legacy3,5,0.30,103.1166,16.069736,5.0514,7,1
Legacy3,5,0.35,103.1166,16.069736,5.0514,7,1
Legacy3,5,0.40,103.1166,16.069736,5.0514,7,1
Legacy3,5,0.45,103.1166,16.069736,5.0514,7,1
Legacy3,5,0.50,103.1166,16.069736,5.0514,7,1
Legacy3,5,0.55,103.1166,16.069736,5.0514,7,1
Legacy3,5,0.60,103.1166,16.069736,5.0514,7,1
Legacy3,5,0.65,103.1166,16.069736,5.0514,7,1
Legacy3,5,0.70,103.1166,16.069736,5.0514,7,1
Legacy3,5,0.75,103.1166,16.069736,5.0514,7,1
Legacy3,5,0.80,103.1166,16.069736,5.0514,7,1
Legacy3,5,0.85,103.1166,16.069736,5.0514,7,1
Legacy3,5,0.90,103.1166,16.069736,5.0514,7,1
Legacy3,5,0.95,103.1166,16.069736,5.0514,7,1
Legacy3,5,1.00,103.1166,16.069736,5.0514,7,1
Legacy3,6,0.00,-10.2473,-0.528194,34.8216,11,0
Legacy3,6,0.05,-9.6046,-0.419520,34.8216,11,0
Legacy3,6,0.10,-8.9597,-0.310850,34.8216,11,0
Legacy3,6,0.15,-8.3125,-0.202233,34.8216,11,0
Legacy3,6,0.20,-7.6630,-0.093716,34.8216,11,0
Legacy3,6,0.25,-7.0113,0.014653,34.8216,11,1
Legacy3,6,0.30,-6.3573,0.122827,34.8216,11,1
Legacy3,6,0.35,-5.7011,0.230760,34.8216,11,1
Legacy3,6,0.40,-5.0426,0.338404,34.8216,11,1
Legacy3,6,0.45,-4.3818,0.445716,34.8216,11,1
Legacy3,6,0.50,-3.7188,0.552649,34.8216,11,1
Legacy3,6,0.55,-3.0535,0.659161,34.8216,11,1
Legacy3,6,0.60,-2.3859,0.765209,34.8216,11,1
Legacy3,6,0.65,-1.7161,0.870751,34.8216,11,1
Legacy3,6,0.70,-1.0440,0.975747,34.8216,11,1
Legacy3,6,0.75,-0.3697,1.080157,34.8216,11,1
Legacy3,6,0.80,0.3069,1.183943,34.8216,11,1
Legacy3,6,0.85,0.9858,1.287067,34.8216,11,1
Legacy3,6,0.90,1.6669,1.389496,34.8216,11,1
Legacy3,6,0.95,2.3503,1.491194,34.8216,11,1
Legacy3,6,1.00,3.0360,1.592129,34.8216,11,1
LowVolume5,0,0.00,-21.9884,-2.629117,36.0694,9,0
LowVolume5,0,0.05,-21.6162,-2.544232,36.0694,9,0
LowVolume5,0,0.10,-21.2734,-2.453447,36.0694,9,0
LowVolume5,0,0.15,-20.9603,-2.357597,36.0694,9,0
LowVolume5,0,0.20,-20.6770,-2.257605,36.0694,9,0
LowVolume5,0,0.25,-20.4236,-2.154434,36.0694,9,0
LowVolume5,0,0.30,-20.2002,-2.049055,36.0694,9,0
LowVolume5,0,0.35,-20.0071,-1.942409,36.0694,9,0
LowVolume5,0,0.40,-19.8443,-1.835378,36.0694,9,0
LowVolume5,0,0.45,-19.7118,-1.728764,36.0694,9,0
LowVolume5,0,0.50,-19.6099,-1.623275,36.0694,9,0
LowVolume5,0,0.55,-19.5384,-1.519515,36.0694,9,0
LowVolume5,0,0.60,-19.4975,-1.417985,36.0694,9,0
LowVolume5,0,0.65,-19.4872,-1.319088,36.0694,9,0
LowVolume5,0,0.70,-19.5076,-1.223130,36.0694,9,0
LowVolume5,0,0.75,-19.5585,-1.130335,36.0694,9,0
LowVolume5,0,0.80,-19.6401,-1.040854,36.0694,9,0
LowVolume5,0,0.85,-19.7523,-0.954774,36.0694,9,0
LowVolume5,0,0.90,-19.8950,-0.872128,36.0694,9,0
LowVolume5,0,0.95,-20.0683,-0.792907,36.0694,9,0
LowVolume5,0,1.00,-20.2720,-0.717068,36.0694,9,0
LowVolume5,1,0.00,6.5621,2.137349,46.2484,11,1
LowVolume5,1,0.05,6.5385,2.135192,46.6720,11,1
LowVolume5,1,0.10,6.5050,2.132395,47.0940,11,1
LowVolume5,1,0.15,6.4618,2.128962,47.5145,11,1
LowVolume5,1,0.20,6.4090,2.124898,47.9334,11,1
LowVolume5,1,0.25,6.3464,2.120212,48.3508,11,1
LowVolume5,1,0.30,6.2744,2.114912,48.7666,11,1
LowVolume5,1,0.35,6.1928,2.109010,49.1809,11,1
LowVolume5,1,0.40,6.1018,2.102517,49.5936,11,1
LowVolume5,1,0.45,6.0015,2.095448,50.0048,11,1
LowVolume5,1,0.50,5.8920,2.087817,50.4144,11,1
LowVolume5,1,0.55,5.7732,2.079641,50.8225,11,1
LowVolume5,1,0.60,5.6453,2.070936,51.2290,11,1
LowVolume5,1,0.65,5.5083,2.061721,51.6339,11,1
LowVolume5,1,0.70,5.3624,2.052015,52.0373,11,1
LowVolume5,1,0.75,5.2075,2.041839,52.4392,11,1
LowVolume5,1,0.80,5.0438,2.031211,52.8395,11,1
LowVolume5,1,0.85,4.8714,2.020154,53.2382,11,1
LowVolume5,1,0.90,4.6902,2.008690,53.6354,11,1
LowVolume5,1,0.95,4.5004,1.996838,54.0310,11,1
LowVolume5,1,1.00,4.3021,1.984623,54.4251,11,1
LowVolume5,2,0.00,202.3172,7.746920,8.0783,12,1
LowVolume5,2,0.05,233.6197,8.318474,8.0783,12,1
LowVolume5,2,0.10,266.8811,8.880495,8.0783,12,1
LowVolume5,2,0.15,302.1444,9.428409,8.0783,12,1
LowVolume5,2,0.20,339.4503,9.957774,8.0783,12,1
LowVolume5,2,0.25,378.8376,10.464449,8.0783,12,1
LowVolume5,2,0.30,420.3428,10.944755,8.0783,12,1
LowVolume5,2,0.35,463.9998,11.395600,8.0783,12,1
LowVolume5,2,0.40,509.8403,11.814585,8.0783,12,1
LowVolume5,2,0.45,557.8935,12.200049,8.0783,12,1
LowVolume5,2,0.50,608.1859,12.551083,8.0783,12,1
LowVolume5,2,0.55,660.7416,12.867493,8.1895,12,1
LowVolume5,2,0.60,715.5818,13.149736,8.9340,12,1
LowVolume5,2,0.65,772.7249,13.398827,9.6785,12,1
LowVolume5,2,0.70,832.1866,13.616233,10.4230,12,1
LowVolume5,2,0.75,893.9798,13.803766,11.1675,12,1
LowVolume5,2,0.80,958.1143,13.963474,11.9120,12,1
LowVolume5,2,0.85,1024.5969,14.097546,12.6565,12,1
LowVolume5,2,0.90,1093.4314,14.208229,13.4009,12,1
LowVolume5,2,0.95,1164.6186,14.297761,14.1454,12,1
LowVolume5,2,1.00,1238.1560,14.368316,14.8899,12,1
LowVolume5,3,0.00,-40.5653,-6.939431,40.5653,10,0
LowVolume5,3,0.05,-37.3291,-5.954019,39.4852,10,0
LowVolume5,3,0.10,-34.0081,-4.971573,39.4374,10,0
LowVolume5,3,0.15,-30.6033,-4.014205,39.4374,10,0
LowVolume5,3,0.20,-27.1161,-3.098879,39.4374,10,0
LowVolume5,3,0.25,-23.5476,-2.237049,39.4374,10,0
LowVolume5,3,0.30,-19.8994,-1.435163,39.4374,10,0
LowVolume5,3,0.35,-16.1731,-0.695619,39.4374,10,0
LowVolume5,3,0.40,-12.3702,-0.017841,39.4374,10,0
LowVolume5,3,0.45,-8.4926,0.600732,39.4374,10,1
LowVolume5,3,0.50,-4.5421,1.163854,39.4374,10,1
LowVolume5,3,0.55,-0.5207,1.675875,39.4374,10,1
LowVolume5,3,0.60,3.5695,2.141332,39.4374,10,1
LowVolume5,3,0.65,7.7263,2.564688,39.4374,10,1
LowVolume5,3,0.70,11.9474,2.950170,39.4374,10,1
LowVolume5,3,0.75,16.2304,3.301691,39.4374,10,1
LowVolume5,3,0.80,20.5729,3.622810,39.4374,10,1
LowVolume5,3,0.85,24.9721,3.916730,39.4374,10,1
LowVolume5,3,0.90,29.4254,4.186312,39.4374,10,1
LowVolume5,3,0.95,33.9299,4.434102,39.4374,10,1
LowVolume5,3,1.00,38.4828,4.662352,39.4374,10,1
LowVolume5,4,0.00,-32.1253,-6.894929,32.1253,9,0
LowVolume5,4,0.05,-32.1253,-6.894929,32.1253,9,0
LowVolume5,4,0.10,-32.1253,-6.894929,32.1253,9,0
LowVolume5,4,0.15,-32.1253,-6.894929,32.1253,9,0
LowVolume5,4,0.20,-32.1253,-6.894929,32.1253,9,0
LowVolume5,4,0.25,-32.1253,-6.894929,32.1253,9,0
LowVolume5,4,0.30,-32.1253,-6.894929,32.1253,9,0
LowVolume5,4,0.35,-32.1253,-6.894929,32.1253,9,0
LowVolume5,4,0.40,-32.1253,-6.894929,32.1253,9,0
LowVolume5,4,0.45,-32.1253,-6.894929,32.1253,9,0
LowVolume5,4,0.50,-32.1253,-6.894929,32.1253,9,0
LowVolume5,4,0.55,-32.1253,-6.894929,32.1253,9,0
LowVolume5,4,0.60,-32.1253,-6.894929,32.1253,9,0
LowVolume5,4,0.65,-32.1253,-6.894929,32.1253,9,0
LowVolume5,4,0.70,-32.1253,-6.894929,32.1253,9,0
LowVolume5,4,0.75,-32.1253,-6.894929,32.1253,9,0
LowVolume5,4,0.80,-32.1253,-6.894929,32.1253,9,0
LowVolume5,4,0.85,-32.1253,-6.894929,32.1253,9,0
LowVolume5,4,0.90,-32.1253,-6.894929,32.1253,9,0
LowVolume5,4,0.95,-32.1253,-6.894929,32.1253,9,0
LowVolume5,4,1.00,-32.1253,-6.894929,32.1253,9,0
LowVolume5,5,0.00,-9.6897,0.529986,37.2521,9,1
LowVolume5,5,0.05,-9.6897,0.529986,37.2521,9,1
LowVolume5,5,0.10,-9.6897,0.529986,37.2521,9,1
LowVolume5,5,0.15,-9.6897,0.529986,37.2521,9,1
LowVolume5,5,0.20,-9.6897,0.529986,37.2521,9,1
LowVolume5,5,0.25,-9.6897,0.529986,37.2521,9,1
LowVolume5,5,0.30,-9.6897,0.529986,37.2521,9,1
LowVolume5,5,0.35,-9.6897,0.529986,37.2521,9,1
LowVolume5,5,0.40,-9.6897,0.529986,37.2521,9,1
LowVolume5,5,0.45,-9.6897,0.529986,37.2521,9,1
LowVolume5,5,0.50,-9.6897,0.529986,37.2521,9,1
LowVolume5,5,0.55,-9.6897,0.529986,37.2521,9,1
LowVolume5,5,0.60,-9.6897,0.529986,37.2521,9,1
LowVolume5,5,0.65,-9.6897,0.529986,37.2521,9,1
LowVolume5,5,0.70,-9.6897,0.529986,37.2521,9,1
LowVolume5,5,0.75,-9.6897,0.529986,37.2521,9,1
LowVolume5,5,0.80,-9.6897,0.529986,37.2521,9,1
LowVolume5,5,0.85,-9.6897,0.529986,37.2521,9,1
LowVolume5,5,0.90,-9.6897,0.529986,37.2521,9,1
LowVolume5,5,0.95,-9.6897,0.529986,37.2521,9,1
LowVolume5,5,1.00,-9.6897,0.529986,37.2521,9,1
LowVolume5,6,0.00,-5.8674,0.731032,46.7672,12,1
LowVolume5,6,0.05,-7.0632,0.601144,47.4434,12,1
LowVolume5,6,0.10,-8.2515,0.471244,48.1154,12,1
LowVolume5,6,0.15,-9.4322,0.341423,48.7831,12,1
LowVolume5,6,0.20,-10.6054,0.211770,49.4466,12,1
LowVolume5,6,0.25,-11.7710,0.082376,50.1057,12,1
LowVolume5,6,0.30,-12.9291,-0.046671,50.7606,12,0
LowVolume5,6,0.35,-14.0796,-0.175284,51.4113,12,0
LowVolume5,6,0.40,-15.2226,-0.303378,52.0576,12,0
LowVolume5,6,0.45,-16.3580,-0.430871,52.6997,12,0
LowVolume5,6,0.50,-17.4858,-0.557680,53.3375,12,0
LowVolume5,6,0.55,-18.6061,-0.683729,53.9711,12,0
LowVolume5,6,0.60,-19.7189,-0.808941,54.6003,12,0
LowVolume5,6,0.65,-20.8241,-0.933244,55.2253,12,0
LowVolume5,6,0.70,-21.9217,-1.056568,55.8461,12,0
LowVolume5,6,0.75,-23.0118,-1.178846,56.4625,12,0
LowVolume5,6,0.80,-24.0943,-1.300015,57.0747,12,0
LowVolume5,6,0.85,-25.1693,-1.420016,57.6826,12,0
LowVolume5,6,0.90,-26.2368,-1.538792,58.2863,12,0
LowVolume5,6,0.95,-27.2966,-1.656292,58.8856,12,0
LowVolume5,6,1.00,-28.3490,-1.772465,59.4807,12,0
OldGuard4,0,0.00,57.3479,9.812331,2.5255,9,1
OldGuard4,0,0.05,57.8966,9.887998,2.5255,9,1
OldGuard4,0,0.10,58.4031,9.938803,2.5255,9,1
OldGuard4,0,0.15,58.8664,9.964644,3.7807,9,1
OldGuard4,0,0.20,59.2857,9.965975,5.0409,9,1
OldGuard4,0,0.25,59.6603,9.943761,6.3012,9,1
OldGuard4,0,0.30,59.9894,9.899410,7.5614,9,1
OldGuard4,0,0.35,60.2720,9.834689,8.8216,9,1
OldGuard4,0,0.40,60.5073,9.751625,10.0818,9,1
OldGuard4,0,0.45,60.6947,9.652404,11.3421,9,1
OldGuard4,0,0.50,60.8331,9.539276,12.6023,9,1
OldGuard4,0,0.55,60.9218,9.414479,13.8625,9,1
OldGuard4,0,0.60,60.9599,9.280166,15.1228,9,1
OldGuard4,0,0.65,60.9466,9.138359,16.3830,9,1
OldGuard4,0,0.70,60.8811,8.990912,17.6432,9,1
OldGuard4,0,0.75,60.7625,8.839492,18.9035,9,1
OldGuard4,0,0.80,60.5899,8.685573,20.1637,9,1
OldGuard4,0,0.85,60.3625,8.530431,21.4239,9,1
OldGuard4,0,0.90,60.0795,8.375159,22.6841,9,1
OldGuard4,0,0.95,59.7400,8.220676,23.9444,9,1
OldGuard4,0,1.00,59.3431,8.067741,25.2046,9,1
OldGuard4,1,0.00,15.0840,3.773754,10.6175,11,1
OldGuard4,1,0.05,15.2329,3.801249,10.6175,11,1
OldGuard4,1,0.10,15.3721,3.824158,10.6175,11,1
OldGuard4,1,0.15,15.5016,3.842440,11.1186,11,1
OldGuard4,1,0.20,15.6214,3.856105,11.6926,11,1
OldGuard4,1,0.25,15.7316,3.865208,12.2655,11,1
OldGuard4,1,0.30,15.8323,3.869852,12.8371,11,1
OldGuard4,1,0.35,15.9234,3.870180,13.4074,11,1
OldGuard4,1,0.40,16.0050,3.866372,13.9765,11,1
OldGuard4,1,0.45,16.0771,3.858638,14.5443,11,1
OldGuard4,1,0.50,16.1398,3.847215,15.1109,11,1
OldGuard4,1,0.55,16.1931,3.832358,15.6763,11,1
OldGuard4,1,0.60,16.2371,3.814333,16.2404,11,1
OldGuard4,1,0.65,16.2717,3.793418,16.8033,11,1
OldGuard4,1,0.70,16.2970,3.769889,17.3649,11,1
OldGuard4,1,0.75,16.3131,3.744025,17.9253,11,1
OldGuard4,1,0.80,16.3200,3.716093,18.4845,11,1
OldGuard4,1,0.85,16.3177,3.686356,19.0424,11,1
OldGuard4,1,0.90,16.3062,3.655063,19.5990,11,1
OldGuard4,1,0.95,16.2857,3.622449,20.1544,11,1
OldGuard4,1,1.00,16.2561,3.588734,20.7086,11,1
OldGuard4,2,0.00,96.1426,5.631689,22.8502,12,1
OldGuard4,2,0.05,114.2801,6.152061,22.8502,12,1
OldGuard4,2,0.10,132.0263,6.615616,22.8502,12,1
OldGuard4,2,0.15,149.2938,7.012045,22.8502,12,1
OldGuard4,2,0.20,165.9919,7.336699,22.8502,12,1
OldGuard4,2,0.25,182.0271,7.590425,22.8502,12,1
OldGuard4,2,0.30,197.3023,7.778435,22.8502,12,1
OldGuard4,2,0.35,211.7177,7.908707,22.8502,12,1
OldGuard4,2,0.40,225.1701,7.990439,24.4842,12,1
OldGuard4,2,0.45,237.5531,8.032838,27.5448,12,1
OldGuard4,2,0.50,248.7573,8.044354,30.6053,12,1
OldGuard4,2,0.55,258.6701,8.032292,33.6658,12,1
OldGuard4,2,0.60,267.1757,8.002711,36.7263,12,1
OldGuard4,2,0.65,274.1551,7.960480,39.7869,12,1
OldGuard4,2,0.70,279.4862,7.909423,42.8474,12,1
OldGuard4,2,0.75,283.0438,7.852487,45.9079,12,1
OldGuard4,2,0.80,284.6993,7.791911,48.9685,12,1
OldGuard4,2,0.85,284.3211,7.729373,52.0290,12,1
OldGuard4,2,0.90,281.7746,7.666113,55.0895,12,1
OldGuard4,2,0.95,276.9217,7.603038,58.1501,12,1
OldGuard4,2,1.00,269.6213,7.540796,61.2106,12,1
OldGuard4,3,0.00,34.1291,6.298080,17.3881,10,1
OldGuard4,3,0.05,37.3000,6.741477,19.0659,10,1
OldGuard4,3,0.10,40.3862,7.117090,20.7215,10,1
OldGuard4,3,0.15,43.3848,7.417111,22.3550,10,1
OldGuard4,3,0.20,46.2932,7.640346,23.9665,10,1
OldGuard4,3,0.25,49.1088,7.791416,25.5563,10,1
OldGuard4,3,0.30,51.8291,7.878986,27.1244,10,1
OldGuard4,3,0.35,54.4521,7.913747,28.6710,10,1
OldGuard4,3,0.40,56.9756,7.906703,30.1963,10,1
OldGuard4,3,0.45,59.3977,7.868017,31.7003,10,1
OldGuard4,3,0.50,61.7165,7.806416,33.1832,10,1
OldGuard4,3,0.55,63.9305,7.729009,34.6453,10,1
OldGuard4,3,0.60,66.0382,7.641363,36.0865,10,1
OldGuard4,3,0.65,68.0381,7.547706,37.5071,10,1
OldGuard4,3,0.70,69.9291,7.451168,38.9071,10,1
OldGuard4,3,0.75,71.7100,7.354008,40.2869,10,1
OldGuard4,3,0.80,73.3799,7.257819,41.6464,10,1
OldGuard4,3,0.85,74.9379,7.163694,42.9858,10,1
OldGuard4,3,0.90,76.3834,7.072353,44.3053,10,1
OldGuard4,3,0.95,77.7158,6.984246,45.6050,10,1
OldGuard4,3,1.00,78.9345,6.899627,46.8851,10,1
OldGuard4,4,0.00,63.0101,7.652680,25.6320,8,1
OldGuard4,4,0.05,63.0101,7.652680,25.6320,8,1
OldGuard4,4,0.10,63.0101,7.652680,25.6320,8,1
OldGuard4,4,0.15,63.0101,7.652680,25.6320,8,1
OldGuard4,4,0.20,63.0101,7.652680,25.6320,8,1
OldGuard4,4,0.25,63.0101,7.652680,25.6320,8,1
OldGuard4,4,0.30,63.0101,7.652680,25.6320,8,1
OldGuard4,4,0.35,63.0101,7.652680,25.6320,8,1
OldGuard4,4,0.40,63.0101,7.652680,25.6320,8,1
OldGuard4,4,0.45,63.0101,7.652680,25.6320,8,1
OldGuard4,4,0.50,63.0101,7.652680,25.6320,8,1
OldGuard4,4,0.55,63.0101,7.652680,25.6320,8,1
OldGuard4,4,0.60,63.0101,7.652680,25.6320,8,1
OldGuard4,4,0.65,63.0101,7.652680,25.6320,8,1
OldGuard4,4,0.70,63.0101,7.652680,25.6320,8,1
OldGuard4,4,0.75,63.0101,7.652680,25.6320,8,1
OldGuard4,4,0.80,63.0101,7.652680,25.6320,8,1
OldGuard4,4,0.85,63.0101,7.652680,25.6320,8,1
OldGuard4,4,0.90,63.0101,7.652680,25.6320,8,1
OldGuard4,4,0.95,63.0101,7.652680,25.6320,8,1
OldGuard4,4,1.00,63.0101,7.652680,25.6320,8,1
OldGuard4,5,0.00,103.1166,16.069736,5.0514,7,1
OldGuard4,5,0.05,103.1166,16.069736,5.0514,7,1
OldGuard4,5,0.10,103.1166,16.069736,5.0514,7,1
OldGuard4,5,0.15,103.1166,16.069736,5.0514,7,1
OldGuard4,5,0.20,103.1166,16.069736,5.0514,7,1
OldGuard4,5,0.25,103.1166,16.069736,5.0514,7,1
OldGuard4,5,0.30,103.1166,16.069736,5.0514,7,1
OldGuard4,5,0.35,103.1166,16.069736,5.0514,7,1
OldGuard4,5,0.40,103.1166,16.069736,5.0514,7,1
OldGuard4,5,0.45,103.1166,16.069736,5.0514,7,1
OldGuard4,5,0.50,103.1166,16.069736,5.0514,7,1
OldGuard4,5,0.55,103.1166,16.069736,5.0514,7,1
OldGuard4,5,0.60,103.1166,16.069736,5.0514,7,1
OldGuard4,5,0.65,103.1166,16.069736,5.0514,7,1
OldGuard4,5,0.70,103.1166,16.069736,5.0514,7,1
OldGuard4,5,0.75,103.1166,16.069736,5.0514,7,1
OldGuard4,5,0.80,103.1166,16.069736,5.0514,7,1
OldGuard4,5,0.85,103.1166,16.069736,5.0514,7,1
OldGuard4,5,0.90,103.1166,16.069736,5.0514,7,1
OldGuard4,5,0.95,103.1166,16.069736,5.0514,7,1
OldGuard4,5,1.00,103.1166,16.069736,5.0514,7,1
OldGuard4,6,0.00,-10.2473,-0.528194,34.8216,11,0
OldGuard4,6,0.05,-9.7362,-0.441744,34.8216,11,0
OldGuard4,6,0.10,-9.2237,-0.355291,34.8216,11,0
OldGuard4,6,0.15,-8.7098,-0.268859,34.8216,11,0
OldGuard4,6,0.20,-8.1944,-0.182472,34.8216,11,0
OldGuard4,6,0.25,-7.6776,-0.096153,34.8216,11,0
OldGuard4,6,0.30,-7.1594,-0.009928,34.8216,11,0
OldGuard4,6,0.35,-6.6397,0.076181,34.8216,11,1
OldGuard4,6,0.40,-6.1186,0.162150,34.8216,11,1
OldGuard4,6,0.45,-5.5961,0.247956,34.8216,11,1
OldGuard4,6,0.50,-5.0721,0.333575,34.8216,11,1
OldGuard4,6,0.55,-4.5467,0.418984,34.8216,11,1
OldGuard4,6,0.60,-4.0199,0.504162,34.8216,11,1
OldGuard4,6,0.65,-3.4916,0.589086,34.8216,11,1
OldGuard4,6,0.70,-2.9619,0.673734,34.8216,11,1
OldGuard4,6,0.75,-2.4308,0.758084,34.8216,11,1
OldGuard4,6,0.80,-1.8983,0.842117,34.8216,11,1
OldGuard4,6,0.85,-1.3643,0.925812,34.8216,11,1
OldGuard4,6,0.90,-0.8288,1.009147,34.8216,11,1
OldGuard4,6,0.95,-0.2920,1.092105,34.8216,11,1
OldGuard4,6,1.00,0.2463,1.174665,34.8216,11,1
