symbol,entry_bar,exit_bar,entry_date,exit_date,bars_held,entry_price,exit_price,size,pct_ret,equity_mult,exit_reason,hedge_active
BTCUSDT,307,311,2021-06-14 00:00:00,2021-06-18 00:00:00,4,40516.29000000,35819.84000000,0.133333,-0.1166220899,0.9844503880,TURTLE_ATR,true
BTCUSDT,349,350,2021-07-26 00:00:00,2021-07-27 00:00:00,1,37237.60000000,39457.87000000,0.333333,0.0587770513,1.0195923504,TURTLE_ATR,false
BTCUSDT,353,357,2021-07-30 00:00:00,2021-08-03 00:00:00,4,42206.37000000,38207.05000000,0.333333,-0.0954802182,0.9681732606,TURTLE_ATR,false
ETHUSDT,351,358,2021-07-28 00:00:00,2021-08-04 00:00:00,7,2300.90000000,2724.78000000,0.333333,0.1832765646,1.0610921882,TURTLE_ATR,false
XRPUSDT,351,363,2021-07-28 00:00:00,2021-08-09 00:00:00,12,0.73270000,0.81700000,0.333333,0.1141622237,1.0380540746,HOLD_MAX,false
ADAUSDT,357,364,2021-08-03 00:00:00,2021-08-10 00:00:00,7,1.36960000,1.67800000,0.333333,0.2241954854,1.0747318285,TURTLE_ATR,false
XRPUSDT,365,366,2021-08-11 00:00:00,2021-08-12 00:00:00,1,1.01050000,0.96600000,0.333333,-0.0448020693,0.9850659769,TURTLE_ATR,false
ADAUSDT,366,367,2021-08-12 00:00:00,2021-08-13 00:00:00,1,1.83240000,2.13860000,0.333333,0.1661699433,1.0553899811,TURTLE_ATR,false
SOLUSDT,364,369,2021-08-10 00:00:00,2021-08-15 00:00:00,5,40.64000000,53.53100000,0.333333,0.3161464646,1.1053821549,TURTLE_ATR,false
XRPUSDT,368,370,2021-08-14 00:00:00,2021-08-16 00:00:00,2,1.27910000,1.18550000,0.333333,-0.0739176146,0.9753607951,TURTLE_ATR,false
ETHUSDT,359,371,2021-08-05 00:00:00,2021-08-17 00:00:00,12,2826.99000000,3011.72000000,0.333333,0.0644931844,1.0214977281,HOLD_MAX,false
DOGEUSDT,369,371,2021-08-15 00:00:00,2021-08-17 00:00:00,2,0.33984000,0.29933000,0.333333,-0.1199075102,0.9600308299,TURTLE_ATR,false
SOLUSDT,371,372,2021-08-17 00:00:00,2021-08-18 00:00:00,1,64.12300000,72.66300000,0.333333,0.1322753590,1.0440917863,TURTLE_ATR,false
SOLUSDT,373,378,2021-08-19 00:00:00,2021-08-24 00:00:00,5,72.76400000,70.52700000,0.333333,-0.0315183201,0.9894938933,TURTLE_ATR,false
ADAUSDT,373,378,2021-08-19 00:00:00,2021-08-24 00:00:00,5,2.44110000,2.71870000,0.333333,0.1128286058,1.0376095353,TURTLE_ATR,false
SOLUSDT,381,384,2021-08-27 00:00:00,2021-08-30 00:00:00,3,87.98000000,110.25000000,0.333333,0.2521236107,1.0840412036,TURTLE_ATR,false
BTCUSDT,374,386,2021-08-20 00:00:00,2021-09-01 00:00:00,12,49322.47000000,48810.52000000,0.333333,-0.0111710302,0.9962763233,HOLD_MAX,false
ADAUSDT,381,392,2021-08-27 00:00:00,2021-09-07 00:00:00,11,2.94600000,2.51400000,0.333333,-0.1473219266,0.9508926911,TURTLE_ATR,false
SOLUSDT,392,393,2021-09-07 00:00:00,2021-09-08 00:00:00,1,173.46000000,191.02000000,0.333333,0.1003530791,1.0334510264,TURTLE_ATR,false
DOGEUSDT,421,422,2021-10-06 00:00:00,2021-10-07 00:00:00,1,0.25410000,0.24280000,0.133333,-0.0452347986,0.9939686935,TURTLE_ATR,true
XRPUSDT,424,427,2021-10-09 00:00:00,2021-10-12 00:00:00,3,1.16040000,1.10180000,0.133333,-0.0512591241,0.9931654501,TURTLE_ATR,true
BTCUSDT,419,430,2021-10-04 00:00:00,2021-10-15 00:00:00,11,49224.94000000,61672.42000000,0.333333,0.2518674841,1.0839558280,TURTLE_ATR,false
ETHUSDT,421,433,2021-10-06 00:00:00,2021-10-18 00:00:00,12,3574.89000000,3744.96000000,0.133333,0.0467357681,1.0062314357,HOLD_MAX,true
BTCUSDT,435,437,2021-10-20 00:00:00,2021-10-22 00:00:00,2,66001.41000000,60688.22000000,0.133333,-0.0812364639,0.9891684715,TURTLE_ATR,true
ETHUSDT,435,437,2021-10-20 00:00:00,2021-10-22 00:00:00,2,4161.15000000,3972.20000000,0.133333,-0.0461714885,0.9938438015,TURTLE_ATR,true
SOLUSDT,435,439,2021-10-20 00:00:00,2021-10-24 00:00:00,4,176.72000000,202.14000000,0.133333,0.1429286592,1.0190571546,TURTLE_ATR,true
SOLUSDT,440,442,2021-10-25 00:00:00,2021-10-27 00:00:00,2,209.70000000,184.49000000,0.133333,-0.1209229041,0.9838769461,TURTLE_ATR,true
ETHUSDT,438,450,2021-10-23 00:00:00,2021-11-04 00:00:00,12,4167.12000000,4532.32000000,0.133333,0.0867687021,1.0115691603,HOLD_MAX,true
XRPUSDT,449,452,2021-11-03 00:00:00,2021-11-06 00:00:00,3,1.21010000,1.15100000,0.133333,-0.0495995635,0.9933867249,TURTLE_ATR,true
SOLUSDT,448,456,2021-11-02 00:00:00,2021-11-10 00:00:00,8,220.82000000,233.09000000,0.133333,0.0547215042,1.0072962006,TURTLE_ATR,true
XRPUSDT,499,504,2021-12-23 00:00:00,2021-12-28 00:00:00,5,0.99410000,0.85150000,0.133333,-0.1441313023,0.9807824930,TURTLE_ATR,true
ADAUSDT,524,525,2022-01-17 00:00:00,2022-01-18 00:00:00,1,1.60300000,1.45800000,0.333333,-0.0911827409,0.9696057530,TURTLE_ATR,false
XRPUSDT,545,546,2022-02-07 00:00:00,2022-02-08 00:00:00,1,0.83140000,0.87630000,0.133333,0.0531624252,1.0070883234,TURTLE_ATR,true
DOGEUSDT,545,549,2022-02-07 00:00:00,2022-02-11 00:00:00,4,0.16530000,0.14460000,0.133333,-0.1259263990,0.9832098135,TURTLE_ATR,true
ETHUSDT,547,551,2022-02-09 00:00:00,2022-02-13 00:00:00,4,3243.94000000,2871.13000000,0.133333,-0.1156328371,0.9845822884,TURTLE_ATR,true
BTCUSDT,544,552,2022-02-06 00:00:00,2022-02-14 00:00:00,8,42380.87000000,42535.94000000,0.133333,0.0028563560,1.0003808475,TURTLE_ATR,true
ADAUSDT,588,589,2022-03-22 00:00:00,2022-03-23 00:00:00,1,0.97500000,1.10800000,0.133333,0.1355014917,1.0180668656,TURTLE_ATR,true
XRPUSDT,587,595,2022-03-21 00:00:00,2022-03-29 00:00:00,8,0.83730000,0.85770000,0.133333,0.0235448637,1.0031393152,TURTLE_ATR,true
SOLUSDT,597,598,2022-03-31 00:00:00,2022-04-01 00:00:00,1,122.77000000,134.52000000,0.133333,0.0948312049,1.0126441607,TURTLE_ATR,true
ETHUSDT,588,600,2022-03-22 00:00:00,2022-04-03 00:00:00,12,2969.64000000,3521.91000000,0.133333,0.1850236387,1.0246698185,HOLD_MAX,true
DOGEUSDT,600,602,2022-04-03 00:00:00,2022-04-05 00:00:00,2,0.14660000,0.17270000,0.333333,0.1770934191,1.0590311397,TURTLE_ATR,false
SOLUSDT,600,603,2022-04-03 00:00:00,2022-04-06 00:00:00,3,136.90000000,112.95000000,0.333333,-0.1756049954,0.9414650015,TURTLE_ATR,false
ADAUSDT,601,603,2022-04-04 00:00:00,2022-04-06 00:00:00,2,1.21200000,1.05200000,0.133333,-0.1327073131,0.9823056916,TURTLE_ATR,true
ADAUSDT,658,661,2022-05-31 00:00:00,2022-06-03 00:00:00,3,0.62680000,0.56000000,0.333333,-0.1072875253,0.9642374916,TURTLE_ATR,false
ADAUSDT,666,669,2022-06-08 00:00:00,2022-06-11 00:00:00,3,0.64080000,0.55400000,0.333333,-0.1361470393,0.9546176536,TURTLE_ATR,false
BTCUSDT,695,699,2022-07-07 00:00:00,2022-07-11 00:00:00,4,21624.98000000,19963.61000000,0.333333,-0.0775646730,0.9741451090,TURTLE_ATR,false
ETHUSDT,704,706,2022-07-16 00:00:00,2022-07-18 00:00:00,2,1355.85000000,1581.04000000,0.333333,0.1651551969,1.0550517323,TURTLE_ATR,false
SOLUSDT,704,709,2022-07-16 00:00:00,2022-07-21 00:00:00,5,39.58000000,43.11000000,0.333333,0.0883154570,1.0294384857,TURTLE_ATR,false
BTCUSDT,706,713,2022-07-18 00:00:00,2022-07-25 00:00:00,7,22432.58000000,21310.90000000,0.333333,-0.0507619678,0.9830793441,TURTLE_ATR,false
XRPUSDT,706,713,2022-07-18 00:00:00,2022-07-25 00:00:00,7,0.36530000,0.33620000,0.333333,-0.0803965301,0.9732011566,TURTLE_ATR,false
ADAUSDT,711,714,2022-07-23 00:00:00,2022-07-26 00:00:00,3,0.51700000,0.46770000,0.333333,-0.0960812580,0.9679729140,TURTLE_ATR,false
XRPUSDT,716,718,2022-07-28 00:00:00,2022-07-30 00:00:00,2,0.37390000,0.38790000,0.333333,0.0366135439,1.0122045146,TURTLE_ATR,false
ETHUSDT,715,727,2022-07-27 00:00:00,2022-08-08 00:00:00,12,1635.74000000,1777.05000000,0.333333,0.0855202712,1.0285067571,HOLD_MAX,false
BTCUSDT,716,728,2022-07-28 00:00:00,2022-08-09 00:00:00,12,23842.93000000,23149.95000000,0.333333,-0.0298408188,0.9900530604,HOLD_MAX,false
ADAUSDT,718,730,2022-07-30 00:00:00,2022-08-11 00:00:00,12,0.52630000,0.53030000,0.333333,0.0067944701,1.0022648234,HOLD_MAX,false
BTCUSDT,729,737,2022-08-10 00:00:00,2022-08-18 00:00:00,8,23954.05000000,23191.20000000,0.333333,-0.0326206024,0.9891264659,TURTLE_ATR,false
ETHUSDT,729,738,2022-08-10 00:00:00,2022-08-19 00:00:00,9,1853.57000000,1609.01000000,0.333333,-0.1326341564,0.9557886145,TURTLE_ATR,false
BTCUSDT,760,763,2022-09-10 00:00:00,2022-09-13 00:00:00,3,21648.34000000,20173.57000000,0.333333,-0.0688691328,0.9770436224,TURTLE_ATR,false
ETHUSDT,759,763,2022-09-09 00:00:00,2022-09-13 00:00:00,4,1718.23000000,1574.40000000,0.333333,-0.0844409750,0.9718530083,TURTLE_ATR,false
XRPUSDT,759,765,2022-09-09 00:00:00,2022-09-15 00:00:00,6,0.35680000,0.32610000,0.333333,-0.0867734745,0.9710755085,TURTLE_ATR,false
XRPUSDT,769,770,2022-09-19 00:00:00,2022-09-20 00:00:00,1,0.38480000,0.41400000,0.333333,0.0750232132,1.0250077377,TURTLE_ATR,false
DOGEUSDT,784,790,2022-10-04 00:00:00,2022-10-10 00:00:00,6,0.06584000,0.05938000,0.333333,-0.0988378646,0.9670540451,TURTLE_ATR,false
BTCUSDT,784,793,2022-10-04 00:00:00,2022-10-13 00:00:00,9,20337.82000000,19375.13000000,0.333333,-0.0480967924,0.9839677359,TURTLE_ATR,false
ETHUSDT,805,806,2022-10-25 00:00:00,2022-10-26 00:00:00,1,1459.74000000,1566.10000000,0.333333,0.0720043439,1.0240014480,TURTLE_ATR,false
DOGEUSDT,806,807,2022-10-26 00:00:00,2022-10-27 00:00:00,1,0.07265000,0.07689000,0.333333,0.0575156586,1.0191718862,TURTLE_ATR,false
DOGEUSDT,808,809,2022-10-28 00:00:00,2022-10-29 00:00:00,1,0.08387000,0.12176000,0.333333,0.4506096453,1.1502032151,TURTLE_ATR,false
ETHUSDT,809,813,2022-10-29 00:00:00,2022-11-02 00:00:00,4,1619.55000000,1518.34000000,0.333333,-0.0632423737,0.9789192088,TURTLE_ATR,false
SOLUSDT,810,813,2022-10-30 00:00:00,2022-11-02 00:00:00,3,32.94000000,30.80000000,0.333333,-0.0657143336,0.9780952221,TURTLE_ATR,false
SOLUSDT,815,816,2022-11-04 00:00:00,2022-11-05 00:00:00,1,33.74000000,36.90000000,0.333333,0.0927828039,1.0309276013,TURTLE_ATR,false
BTCUSDT,806,818,2022-10-26 00:00:00,2022-11-07 00:00:00,12,20771.59000000,20591.13000000,0.333333,-0.0094805606,0.9968398131,HOLD_MAX,false
ETHUSDT,815,819,2022-11-04 00:00:00,2022-11-08 00:00:00,4,1644.78000000,1334.77000000,0.333333,-0.1891300898,0.9369566367,TURTLE_ATR,false
ADAUSDT,816,819,2022-11-05 00:00:00,2022-11-08 00:00:00,3,0.42640000,0.37220000,0.333333,-0.1278087264,0.9573970912,TURTLE_ATR,false
DOGEUSDT,840,848,2022-11-29 00:00:00,2022-12-07 00:00:00,8,0.10146000,0.09575000,0.333333,-0.0570330118,0.9809889961,TURTLE_ATR,false
ETHUSDT,843,855,2022-12-02 00:00:00,2022-12-14 00:00:00,12,1295.59000000,1307.44000000,0.333333,0.0083394177,1.0027798059,HOLD_MAX,false
BTCUSDT,854,856,2022-12-13 00:00:00,2022-12-15 00:00:00,2,17774.70000000,17356.34000000,0.333333,-0.0243176830,0.9918941057,TURTLE_ATR,false
ADAUSDT,882,885,2023-01-10 00:00:00,2023-01-13 00:00:00,3,0.32220000,0.34560000,0.333333,0.0717679409,1.0239226470,TURTLE_ATR,false
SOLUSDT,883,886,2023-01-11 00:00:00,2023-01-14 00:00:00,3,16.36000000,24.24000000,0.333333,0.4804777356,1.1601592452,TURTLE_ATR,false
DOGEUSDT,882,886,2023-01-10 00:00:00,2023-01-14 00:00:00,4,0.07782000,0.08729000,0.333333,0.1207940879,1.0402646960,TURTLE_ATR,false
ADAUSDT,886,887,2023-01-14 00:00:00,2023-01-15 00:00:00,1,0.35250000,0.35070000,0.333333,-0.0059019796,0.9980326735,TURTLE_ATR,false
BTCUSDT,886,888,2023-01-14 00:00:00,2023-01-16 00:00:00,2,20954.92000000,21185.65000000,0.333333,0.0102022941,1.0034007647,TURTLE_ATR,false
ETHUSDT,892,896,2023-01-20 00:00:00,2023-01-24 00:00:00,4,1658.52000000,1555.97000000,0.333333,-0.0625824701,0.9791391766,TURTLE_ATR,false
BTCUSDT,892,897,2023-01-20 00:00:00,2023-01-25 00:00:00,5,22667.21000000,23060.94000000,0.333333,0.0165564542,1.0055188181,TURTLE_ATR,false
SOLUSDT,892,904,2023-01-20 00:00:00,2023-02-01 00:00:00,12,25.51000000,25.00000000,0.333333,-0.0207758527,0.9930747158,HOLD_MAX,false
ADAUSDT,898,910,2023-01-26 00:00:00,2023-02-07 00:00:00,12,0.37960000,0.39890000,0.333333,0.0500026544,1.0166675515,HOLD_MAX,false
BTCUSDT,901,912,2023-01-29 00:00:00,2023-02-09 00:00:00,11,23742.30000000,21796.35000000,0.333333,-0.0826954469,0.9724348510,TURTLE_ATR,false
ETHUSDT,910,912,2023-02-07 00:00:00,2023-02-09 00:00:00,2,1671.03000000,1545.35000000,0.133333,-0.0759506327,0.9898732490,TURTLE_ATR,true
BTCUSDT,918,919,2023-02-15 00:00:00,2023-02-16 00:00:00,1,24324.05000000,23517.72000000,0.133333,-0.0339226672,0.9954769777,TURTLE_ATR,true
BTCUSDT,920,927,2023-02-17 00:00:00,2023-02-24 00:00:00,7,24569.97000000,23185.29000000,0.133333,-0.0571112140,0.9923851715,TURTLE_ATR,true
ETHUSDT,918,927,2023-02-15 00:00:00,2023-02-24 00:00:00,9,1674.92000000,1607.80000000,0.133333,-0.0408411899,0.9945545080,TURTLE_ATR,true
ADAUSDT,918,927,2023-02-15 00:00:00,2023-02-24 00:00:00,9,0.41900000,0.36580000,0.133333,-0.1276671193,0.9829777174,TURTLE_ATR,true
BTCUSDT,945,946,2023-03-14 00:00:00,2023-03-15 00:00:00,1,24670.41000000,24285.66000000,0.133333,-0.0163828149,0.9978156247,TURTLE_ATR,true
ETHUSDT,944,946,2023-03-13 00:00:00,2023-03-15 00:00:00,2,1673.45000000,1649.96000000,0.133333,-0.0148253251,0.9980232900,TURTLE_ATR,true
BTCUSDT,947,948,2023-03-16 00:00:00,2023-03-17 00:00:00,1,24998.78000000,27395.13000000,0.133333,0.0949823415,1.0126643122,TURTLE_ATR,true
XRPUSDT,952,953,2023-03-21 00:00:00,2023-03-22 00:00:00,1,0.46960000,0.42130000,0.133333,-0.1035709226,0.9861905437,TURTLE_ATR,true
ETHUSDT,948,960,2023-03-17 00:00:00,2023-03-29 00:00:00,12,1789.27000000,1793.07000000,0.133333,0.0013223927,1.0001763190,HOLD_MAX,true
BTCUSDT,950,962,2023-03-19 00:00:00,2023-03-31 00:00:00,12,27972.87000000,28465.36000000,0.133333,0.0167922282,1.0022389638,HOLD_MAX,true
XRPUSDT,960,963,2023-03-29 00:00:00,2023-04-01 00:00:00,3,0.54250000,0.50950000,0.133333,-0.0615805291,0.9917892628,TURTLE_ATR,true
DOGEUSDT,954,965,2023-03-23 00:00:00,2023-04-03 00:00:00,11,0.07736000,0.09600000,0.133333,0.2399590319,1.0319945376,TURTLE_ATR,true
ETHUSDT,962,974,2023-03-31 00:00:00,2023-04-12 00:00:00,12,1821.52000000,1917.39000000,0.133333,0.0517900991,1.0069053465,HOLD_MAX,true
SOLUSDT,1025,1028,2023-06-02 00:00:00,2023-06-05 00:00:00,3,21.26000000,20.00000000,0.133333,-0.0600185138,0.9919975315,TURTLE_ATR,true
XRPUSDT,1025,1028,2023-06-02 00:00:00,2023-06-05 00:00:00,3,0.52440000,0.50900000,0.133333,-0.0301430915,0.9959809211,TURTLE_ATR,true
XRPUSDT,1032,1033,2023-06-09 00:00:00,2023-06-10 00:00:00,1,0.53800000,0.50670000,0.133333,-0.0589315946,0.9921424540,TURTLE_ATR,true
BTCUSDT,1043,1044,2023-06-20 00:00:00,2023-06-21 00:00:00,1,28307.99000000,29993.89000000,0.133333,0.0587083181,1.0078277757,TURTLE_ATR,true
SOLUSDT,1052,1053,2023-06-29 00:00:00,2023-06-30 00:00:00,1,17.99000000,18.86000000,0.133333,0.0475218473,1.0063362463,TURTLE_ATR,true
DOGEUSDT,1054,1058,2023-07-01 00:00:00,2023-07-05 00:00:00,4,0.06851000,0.06701000,0.133333,-0.0226767854,0.9969764286,TURTLE_ATR,true
ETHUSDT,1048,1060,2023-06-25 00:00:00,2023-07-07 00:00:00,12,1898.80000000,1870.91000000,0.133333,-0.0154761584,0.9979365122,HOLD_MAX,true
SOLUSDT,1055,1060,2023-07-02 00:00:00,2023-07-07 00:00:00,5,19.45000000,21.50000000,0.133333,0.1045144924,1.0139352657,TURTLE_ATR,true
SOLUSDT,1061,1066,2023-07-08 00:00:00,2023-07-13 00:00:00,5,21.81000000,26.01000000,0.133333,0.1916185383,1.0255491384,TURTLE_ATR,true
XRPUSDT,1066,1067,2023-07-13 00:00:00,2023-07-14 00:00:00,1,0.81530000,0.71790000,0.133333,-0.1201693737,0.9839774168,TURTLE_ATR,true
BTCUSDT,1066,1069,2023-07-13 00:00:00,2023-07-16 00:00:00,3,31454.23000000,30231.99000000,0.133333,-0.0396263371,0.9947164884,TURTLE_ATR,true
ETHUSDT,1066,1070,2023-07-13 00:00:00,2023-07-17 00:00:00,4,2004.49000000,1911.20000000,0.133333,-0.0473029791,0.9936929361,TURTLE_ATR,true
SOLUSDT,1068,1071,2023-07-15 00:00:00,2023-07-18 00:00:00,3,27.46000000,25.54000000,0.133333,-0.0706636501,0.9905781800,TURTLE_ATR,true
XRPUSDT,1148,1154,2023-10-03 00:00:00,2023-10-09 00:00:00,6,0.53900000,0.50270000,0.333333,-0.0680927629,0.9773024124,TURTLE_ATR,false
BTCUSDT,1161,1162,2023-10-16 00:00:00,2023-10-17 00:00:00,1,28500.78000000,28395.91000000,0.333333,-0.0044762861,0.9985079046,TURTLE_ATR,false
SOLUSDT,1161,1164,2023-10-16 00:00:00,2023-10-19 00:00:00,3,23.95000000,24.93000000,0.333333,0.0400861785,1.0133620595,TURTLE_ATR,false
BTCUSDT,1164,1165,2023-10-19 00:00:00,2023-10-20 00:00:00,1,28713.71000000,29669.04000000,0.333333,0.0324445799,1.0108148600,TURTLE_ATR,false
SOLUSDT,1165,1166,2023-10-20 00:00:00,2023-10-21 00:00:00,1,27.03000000,29.32000000,0.333333,0.0838532512,1.0279510837,TURTLE_ATR,false
BTCUSDT,1166,1168,2023-10-21 00:00:00,2023-10-23 00:00:00,2,29909.80000000,33069.99000000,0.333333,0.1047731709,1.0349243903,TURTLE_ATR,false
XRPUSDT,1168,1169,2023-10-23 00:00:00,2023-10-24 00:00:00,1,0.54750000,0.55880000,0.133333,0.0198230845,1.0026430779,TURTLE_ATR,true
SOLUSDT,1168,1170,2023-10-23 00:00:00,2023-10-25 00:00:00,2,31.88000000,32.44000000,0.133333,0.0167521448,1.0022336193,TURTLE_ATR,true
DOGEUSDT,1170,1171,2023-10-25 00:00:00,2023-10-26 00:00:00,1,0.06832000,0.07185000,0.133333,0.0508276198,1.0067770160,TURTLE_ATR,true
ETHUSDT,1168,1172,2023-10-23 00:00:00,2023-10-27 00:00:00,4,1765.46000000,1779.40000000,0.133333,0.0070899648,1.0009453286,TURTLE_ATR,true
XRPUSDT,1175,1176,2023-10-30 00:00:00,2023-10-31 00:00:00,1,0.57800000,0.59960000,0.133333,0.0365406778,1.0048720904,TURTLE_ATR,true
ADAUSDT,1170,1176,2023-10-25 00:00:00,2023-10-31 00:00:00,6,0.28080000,0.29300000,0.133333,0.0426128694,1.0056817159,TURTLE_ATR,true
SOLUSDT,1174,1177,2023-10-29 00:00:00,2023-11-01 00:00:00,3,32.83000000,41.15000000,0.133333,0.2524244034,1.0336565871,TURTLE_ATR,true
ADAUSDT,1177,1178,2023-11-01 00:00:00,2023-11-02 00:00:00,1,0.30710000,0.32300000,0.133333,0.0509335829,1.0067911444,TURTLE_ATR,true
XRPUSDT,1179,1182,2023-11-03 00:00:00,2023-11-06 00:00:00,3,0.61210000,0.71480000,0.133333,0.1668491891,1.0222465585,TURTLE_ATR,true
ADAUSDT,1179,1182,2023-11-03 00:00:00,2023-11-06 00:00:00,3,0.32920000,0.36240000,0.133333,0.0999702185,1.0133293625,TURTLE_ATR,true
ETHUSDT,1177,1185,2023-11-01 00:00:00,2023-11-09 00:00:00,8,1846.99000000,2121.32000000,0.133333,0.1476096907,1.0196812921,TURTLE_ATR,true
DOGEUSDT,1182,1185,2023-11-06 00:00:00,2023-11-09 00:00:00,3,0.07637000,0.07357000,0.133333,-0.0374339723,0.9950088037,TURTLE_ATR,true
SOLUSDT,1185,1186,2023-11-09 00:00:00,2023-11-10 00:00:00,1,45.29000000,56.67000000,0.133333,0.2502689805,1.0333691974,TURTLE_ATR,true
ADAUSDT,1185,1189,2023-11-09 00:00:00,2023-11-13 00:00:00,4,0.36840000,0.35680000,0.133333,-0.0322620138,0.9956983982,TURTLE_ATR,true
BTCUSDT,1184,1190,2023-11-08 00:00:00,2023-11-14 00:00:00,6,35624.72000000,35551.19000000,0.133333,-0.0028620458,0.9996183939,TURTLE_ATR,true
DOGEUSDT,1187,1190,2023-11-11 00:00:00,2023-11-14 00:00:00,3,0.07849000,0.07244000,0.133333,-0.0778179237,0.9896242768,TURTLE_ATR,true
SOLUSDT,1190,1191,2023-11-14 00:00:00,2023-11-15 00:00:00,1,56.81000000,65.43000000,0.133333,0.1508128310,1.0201083775,TURTLE_ATR,true
DOGEUSDT,1192,1195,2023-11-16 00:00:00,2023-11-19 00:00:00,3,0.07947000,0.08046000,0.133333,0.0116478890,1.0015530519,TURTLE_ATR,true
BTCUSDT,1191,1203,2023-11-15 00:00:00,2023-11-27 00:00:00,12,37858.20000000,37242.70000000,0.133333,-0.0170447155,0.9977273713,HOLD_MAX,true
BTCUSDT,1207,1211,2023-12-01 00:00:00,2023-12-05 00:00:00,4,38682.52000000,44073.32000000,0.133333,0.1384489801,1.0184598640,TURTLE_ATR,true
ADAUSDT,1199,1211,2023-11-23 00:00:00,2023-12-05 00:00:00,12,0.38730000,0.42570000,0.133333,0.0982689806,1.0131025307,HOLD_MAX,true
DOGEUSDT,1211,1212,2023-12-05 00:00:00,2023-12-06 00:00:00,1,0.09435000,0.09493000,0.133333,0.0053427278,1.0007123637,TURTLE_ATR,true
ADAUSDT,1212,1214,2023-12-06 00:00:00,2023-12-08 00:00:00,2,0.44290000,0.54540000,0.133333,0.2304444671,1.0307259289,TURTLE_ATR,true
ETHUSDT,1207,1217,2023-12-01 00:00:00,2023-12-11 00:00:00,10,2087.24000000,2225.12000000,0.133333,0.0652060212,1.0086941362,TURTLE_ATR,true
SOLUSDT,1213,1217,2023-12-07 00:00:00,2023-12-11 00:00:00,4,67.74000000,70.25000000,0.133333,0.0362241286,1.0048298838,TURTLE_ATR,true
ADAUSDT,1219,1222,2023-12-13 00:00:00,2023-12-16 00:00:00,3,0.66750000,0.60780000,0.133333,-0.0901663604,0.9879778186,TURTLE_ATR,true
SOLUSDT,1220,1224,2023-12-14 00:00:00,2023-12-18 00:00:00,4,75.68000000,74.42000000,0.133333,-0.0174354148,0.9976752780,TURTLE_ATR,true
SOLUSDT,1226,1227,2023-12-20 00:00:00,2023-12-21 00:00:00,1,82.21000000,93.84000000,0.133333,0.1405541664,1.0187405555,TURTLE_ATR,true
SOLUSDT,1228,1229,2023-12-22 00:00:00,2023-12-23 00:00:00,1,97.90000000,107.88000000,0.133333,0.1010595557,1.0134746074,TURTLE_ATR,true
SOLUSDT,1231,1232,2023-12-25 00:00:00,2023-12-26 00:00:00,1,120.91000000,112.49000000,0.133333,-0.0703825657,0.9906156579,TURTLE_ATR,true
BTCUSDT,1238,1240,2024-01-01 00:00:00,2024-01-03 00:00:00,2,44179.55000000,42845.23000000,0.133333,-0.0309777370,0.9958696351,TURTLE_ATR,true
ETHUSDT,1233,1240,2023-12-27 00:00:00,2024-01-03 00:00:00,7,2378.35000000,2209.72000000,0.133333,-0.0716450771,0.9904473231,TURTLE_ATR,true
BTCUSDT,1245,1249,2024-01-08 00:00:00,2024-01-12 00:00:00,4,46951.04000000,42782.73000000,0.133333,-0.0895086136,0.9880655182,TURTLE_ATR,true
ETHUSDT,1247,1249,2024-01-10 00:00:00,2024-01-12 00:00:00,2,2584.38000000,2522.54000000,0.133333,-0.0247089148,0.9967054780,TURTLE_ATR,true
BTCUSDT,1275,1277,2024-02-07 00:00:00,2024-02-09 00:00:00,2,44349.60000000,47132.77000000,0.133333,0.0619053804,1.0082540507,TURTLE_ATR,true
ETHUSDT,1279,1280,2024-02-11 00:00:00,2024-02-12 00:00:00,1,2507.21000000,2659.99000000,0.133333,0.0600878502,1.0080117134,TURTLE_ATR,true
SOLUSDT,1282,1285,2024-02-14 00:00:00,2024-02-17 00:00:00,3,116.97000000,108.92000000,0.133333,-0.0695657105,0.9907245719,TURTLE_ATR,true
ADAUSDT,1285,1289,2024-02-17 00:00:00,2024-02-21 00:00:00,4,0.60960000,0.59880000,0.133333,-0.0185020480,0.9975330603,TURTLE_ATR,true
BTCUSDT,1279,1291,2024-02-11 00:00:00,2024-02-23 00:00:00,12,48299.99000000,50744.15000000,0.133333,0.0497635903,1.0066351454,HOLD_MAX,true
ETHUSDT,1282,1294,2024-02-14 00:00:00,2024-02-26 00:00:00,12,2774.81000000,3175.94000000,0.133333,0.1436459664,1.0191527955,HOLD_MAX,true
BTCUSDT,1294,1296,2024-02-26 00:00:00,2024-02-28 00:00:00,2,54476.47000000,62432.10000000,0.133333,0.1451214495,1.0193495266,TURTLE_ATR,true
ETHUSDT,1295,1296,2024-02-27 00:00:00,2024-02-28 00:00:00,1,3242.36000000,3383.10000000,0.133333,0.0425722628,1.0056763017,TURTLE_ATR,true
XRPUSDT,1295,1296,2024-02-27 00:00:00,2024-02-28 00:00:00,1,0.58610000,0.57500000,0.133333,-0.0197232828,0.9973702290,TURTLE_ATR,true
SOLUSDT,1296,1297,2024-02-28 00:00:00,2024-02-29 00:00:00,1,119.03000000,125.68000000,0.133333,0.0550239116,1.0073365216,TURTLE_ATR,true
DOGEUSDT,1296,1297,2024-02-28 00:00:00,2024-02-29 00:00:00,1,0.11585000,0.11732000,0.133333,0.0118789946,1.0015838660,TURTLE_ATR,true
XRPUSDT,1297,1300,2024-02-29 00:00:00,2024-03-03 00:00:00,3,0.58670000,0.62710000,0.133333,0.0680049780,1.0090673304,TURTLE_ATR,true
DOGEUSDT,1300,1301,2024-03-03 00:00:00,2024-03-04 00:00:00,1,0.15347000,0.18196000,0.133333,0.1846907552,1.0246254340,TURTLE_ATR,true
SOLUSDT,1298,1302,2024-03-01 00:00:00,2024-03-05 00:00:00,4,129.43000000,125.31000000,0.133333,-0.0326061030,0.9956525196,TURTLE_ATR,true
ADAUSDT,1297,1302,2024-02-29 00:00:00,2024-03-05 00:00:00,5,0.65470000,0.69230000,0.133333,0.0565852779,1.0075447037,TURTLE_ATR,true
BTCUSDT,1306,1312,2024-03-09 00:00:00,2024-03-15 00:00:00,6,68313.27000000,69499.85000000,0.133333,0.0165561150,1.0022074820,TURTLE_ATR,true
ETHUSDT,1303,1312,2024-03-06 00:00:00,2024-03-15 00:00:00,9,3818.59000000,3742.19000000,0.133333,-0.0207910655,0.9972278579,TURTLE_ATR,true
SOLUSDT,1304,1312,2024-03-07 00:00:00,2024-03-15 00:00:00,8,143.82000000,183.95000000,0.133333,0.2780065279,1.0370675371,TURTLE_ATR,true
SOLUSDT,1314,1316,2024-03-17 00:00:00,2024-03-19 00:00:00,2,201.86000000,169.82000000,0.133333,-0.1593966198,0.9787471174,TURTLE_ATR,true
DOGEUSDT,1323,1330,2024-03-26 00:00:00,2024-04-02 00:00:00,7,0.18230000,0.18248000,0.133333,0.0001869137,1.0000249218,TURTLE_ATR,true
SOLUSDT,1328,1333,2024-03-31 00:00:00,2024-04-05 00:00:00,5,202.45000000,174.37000000,0.133333,-0.1393896776,0.9814147097,TURTLE_ATR,true
BTCUSDT,1336,1340,2024-04-08 00:00:00,2024-04-12 00:00:00,4,71620.00000000,67116.52000000,0.133333,-0.0636295971,0.9915160537,TURTLE_ATR,true
ETHUSDT,1336,1340,2024-04-08 00:00:00,2024-04-12 00:00:00,4,3694.61000000,3237.43000000,0.133333,-0.1244431505,0.9834075799,TURTLE_ATR,true
BTCUSDT,1373,1378,2024-05-15 00:00:00,2024-05-20 00:00:00,5,66206.50000000,71446.62000000,0.133333,0.0782851466,1.0104380195,TURTLE_ATR,true
SOLUSDT,1373,1381,2024-05-15 00:00:00,2024-05-23 00:00:00,8,158.52000000,176.16000000,0.133333,0.1103906658,1.0147187554,TURTLE_ATR,true
DOGEUSDT,1383,1395,2024-05-25 00:00:00,2024-06-06 00:00:00,12,0.17402000,0.16016000,0.133333,-0.0803820065,0.9892823991,HOLD_MAX,true
XRPUSDT,1432,1433,2024-07-13 00:00:00,2024-07-14 00:00:00,1,0.52570000,0.52050000,0.133333,-0.0106833432,0.9985755542,TURTLE_ATR,true
ADAUSDT,1432,1442,2024-07-13 00:00:00,2024-07-23 00:00:00,10,0.44160000,0.41000000,0.133333,-0.0723004277,0.9903599430,TURTLE_ATR,true
ETHUSDT,1434,1444,2024-07-15 00:00:00,2024-07-25 00:00:00,10,3483.39000000,3175.48000000,0.133333,-0.0891227707,0.9881169639,TURTLE_ATR,true
SOLUSDT,1434,1446,2024-07-15 00:00:00,2024-07-27 00:00:00,12,159.38000000,183.92000000,0.133333,0.1530488319,1.0204065109,HOLD_MAX,true
XRPUSDT,1449,1451,2024-07-30 00:00:00,2024-08-01 00:00:00,2,0.62770000,0.59640000,0.133333,-0.0506243894,0.9932500814,TURTLE_ATR,true
BTCUSDT,1473,1477,2024-08-23 00:00:00,2024-08-27 00:00:00,4,64037.24000000,59415.00000000,0.133333,-0.0729224588,0.9902770055,TURTLE_ATR,true
DOGEUSDT,1473,1477,2024-08-23 00:00:00,2024-08-27 00:00:00,4,0.11293000,0.09891000,0.133333,-0.1248481038,0.9833535862,TURTLE_ATR,true
ADAUSDT,1472,1477,2024-08-22 00:00:00,2024-08-27 00:00:00,5,0.37630000,0.35030000,0.133333,-0.0698382353,0.9906882353,TURTLE_ATR,true
BTCUSDT,1499,1511,2024-09-18 00:00:00,2024-09-30 00:00:00,12,61759.99000000,63327.59000000,0.133333,0.0245621508,1.0032749534,HOLD_MAX,true
SOLUSDT,1500,1512,2024-09-19 00:00:00,2024-10-01 00:00:00,12,142.89000000,145.13000000,0.133333,0.0148641782,1.0019818904,HOLD_MAX,true
BTCUSDT,1525,1534,2024-10-14 00:00:00,2024-10-23 00:00:00,9,66083.99000000,66668.65000000,0.333333,0.0080404710,1.0026801570,TURTLE_ATR,false
DOGEUSDT,1528,1534,2024-10-17 00:00:00,2024-10-23 00:00:00,6,0.12967000,0.13997000,0.333333,0.0785692047,1.0261897349,TURTLE_ATR,false
SOLUSDT,1533,1536,2024-10-22 00:00:00,2024-10-25 00:00:00,3,167.59000000,164.90000000,0.333333,-0.0168379214,0.9943873595,TURTLE_ATR,false
DOGEUSDT,1540,1542,2024-10-29 00:00:00,2024-10-31 00:00:00,2,0.17586000,0.16164000,0.333333,-0.0815947930,0.9728017357,TURTLE_ATR,false
BTCUSDT,1540,1543,2024-10-29 00:00:00,2024-11-01 00:00:00,3,72736.42000000,69496.01000000,0.333333,-0.0453140886,0.9848953038,TURTLE_ATR,false
SOLUSDT,1540,1543,2024-10-29 00:00:00,2024-11-01 00:00:00,3,179.42000000,166.10000000,0.333333,-0.0749795278,0.9750068241,TURTLE_ATR,false
DOGEUSDT,1548,1549,2024-11-06 00:00:00,2024-11-07 00:00:00,1,0.19646000,0.19324000,0.333333,-0.0171766781,0.9942744406,TURTLE_ATR,false
ADAUSDT,1549,1550,2024-11-07 00:00:00,2024-11-08 00:00:00,1,0.40650000,0.44470000,0.333333,0.0930981113,1.0310327038,TURTLE_ATR,false
BTCUSDT,1548,1552,2024-11-06 00:00:00,2024-11-10 00:00:00,4,75571.99000000,80370.01000000,0.333333,0.0626389447,1.0208796482,TURTLE_ATR,false
ETHUSDT,1551,1553,2024-11-09 00:00:00,2024-11-11 00:00:00,2,3126.21000000,3371.59000000,0.333333,0.0776287602,1.0258762534,TURTLE_ATR,false
XRPUSDT,1552,1553,2024-11-10 00:00:00,2024-11-11 00:00:00,1,0.58840000,0.62070000,0.333333,0.0540510512,1.0180170171,TURTLE_ATR,false
DOGEUSDT,1553,1554,2024-11-11 00:00:00,2024-11-12 00:00:00,1,0.35136000,0.37985000,0.133333,0.0802204050,1.0106960540,TURTLE_ATR,true
ADAUSDT,1553,1554,2024-11-11 00:00:00,2024-11-12 00:00:00,1,0.61320000,0.57090000,0.133333,-0.0697269038,0.9907030795,TURTLE_ATR,true
SOLUSDT,1548,1555,2024-11-06 00:00:00,2024-11-13 00:00:00,7,186.59000000,215.13000000,0.333333,0.1520336825,1.0506778942,TURTLE_ATR,false
BTCUSDT,1555,1556,2024-11-13 00:00:00,2024-11-14 00:00:00,1,90375.20000000,87325.59000000,0.133333,-0.0345165769,0.9953977897,TURTLE_ATR,true
DOGEUSDT,1555,1556,2024-11-13 00:00:00,2024-11-14 00:00:00,1,0.39903000,0.36254000,0.133333,-0.0921733104,0.9877102253,TURTLE_ATR,true
XRPUSDT,1556,1557,2024-11-14 00:00:00,2024-11-15 00:00:00,1,0.77360000,0.89220000,0.133333,0.1523869253,1.0203182567,TURTLE_ATR,true
ADAUSDT,1557,1558,2024-11-15 00:00:00,2024-11-16 00:00:00,1,0.70710000,0.74160000,0.133333,0.0479521386,1.0063936185,TURTLE_ATR,true
XRPUSDT,1558,1559,2024-11-16 00:00:00,2024-11-17 00:00:00,1,1.12090000,1.05430000,0.133333,-0.0601687062,0.9919775058,TURTLE_ATR,true
SOLUSDT,1559,1563,2024-11-17 00:00:00,2024-11-21 00:00:00,4,237.47000000,256.37000000,0.133333,0.0787256748,1.0104967566,TURTLE_ATR,true
XRPUSDT,1563,1564,2024-11-21 00:00:00,2024-11-22 00:00:00,1,1.24700000,1.47260000,0.133333,0.1799698405,1.0239959787,TURTLE_ATR,true
ADAUSDT,1562,1564,2024-11-20 00:00:00,2024-11-22 00:00:00,2,0.80030000,1.01750000,0.133333,0.2703815138,1.0360508685,TURTLE_ATR,true
DOGEUSDT,1564,1567,2024-11-22 00:00:00,2024-11-25 00:00:00,3,0.41277000,0.39264000,0.133333,-0.0495287603,0.9933961653,TURTLE_ATR,true
BTCUSDT,1557,1568,2024-11-15 00:00:00,2024-11-26 00:00:00,11,91032.07000000,91965.16000000,0.133333,0.0094422470,1.0012589663,TURTLE_ATR,true
XRPUSDT,1570,1573,2024-11-28 00:00:00,2024-12-01 00:00:00,3,1.54210000,2.29370000,0.133333,0.4861978949,1.0648263860,TURTLE_ATR,true
ETHUSDT,1565,1577,2024-11-23 00:00:00,2024-12-05 00:00:00,12,3393.91000000,3785.20000000,0.133333,0.1143999254,1.0152533234,HOLD_MAX,true
ETHUSDT,1578,1581,2024-12-06 00:00:00,2024-12-09 00:00:00,3,3998.87000000,3712.00000000,0.133333,-0.0724800788,0.9903359895,TURTLE_ATR,true
DOGEUSDT,1573,1581,2024-12-01 00:00:00,2024-12-09 00:00:00,8,0.44045000,0.41403000,0.133333,-0.0607358192,0.9919018908,TURTLE_ATR,true
ADAUSDT,1571,1581,2024-11-29 00:00:00,2024-12-09 00:00:00,10,1.07550000,1.00340000,0.133333,-0.0677846574,0.9909620457,TURTLE_ATR,true
BTCUSDT,1583,1591,2024-12-11 00:00:00,2024-12-19 00:00:00,8,101125.00000000,97461.86000000,0.133333,-0.0369945939,0.9950673875,TURTLE_ATR,true
XRPUSDT,1614,1618,2025-01-11 00:00:00,2025-01-15 00:00:00,4,2.57640000,3.14290000,0.133333,0.2189049392,1.0291873252,TURTLE_ATR,true
SOLUSDT,1620,1621,2025-01-17 00:00:00,2025-01-18 00:00:00,1,219.51000000,261.97000000,0.133333,0.1924764603,1.0256635280,TURTLE_ATR,true
XRPUSDT,1619,1622,2025-01-16 00:00:00,2025-01-19 00:00:00,3,3.24510000,2.95870000,0.133333,-0.0889852435,0.9881353009,TURTLE_ATR,true
BTCUSDT,1620,1623,2025-01-17 00:00:00,2025-01-20 00:00:00,3,104077.48000000,102260.01000000,0.133333,-0.0182483790,0.9975668828,TURTLE_ATR,true
BTCUSDT,1624,1630,2025-01-21 00:00:00,2025-01-27 00:00:00,6,106143.82000000,102082.83000000,0.133333,-0.0390284014,0.9947962131,TURTLE_ATR,true
XRPUSDT,1664,1665,2025-03-02 00:00:00,2025-03-03 00:00:00,1,2.93960000,2.38730000,0.133333,-0.1885321392,0.9748623814,TURTLE_ATR,true
ADAUSDT,1664,1665,2025-03-02 00:00:00,2025-03-03 00:00:00,1,1.13500000,0.85780000,0.133333,-0.2448334499,0.9673555400,TURTLE_ATR,true
SOLUSDT,1710,1722,2025-04-17 00:00:00,2025-04-29 00:00:00,12,134.83000000,146.31000000,0.133333,0.0842764874,1.0112368650,HOLD_MAX,true
DOGEUSDT,1715,1723,2025-04-22 00:00:00,2025-04-30 00:00:00,8,0.17863000,0.17224000,0.133333,-0.0365433405,0.9951275546,TURTLE_ATR,true
BTCUSDT,1714,1726,2025-04-21 00:00:00,2025-05-03 00:00:00,12,87516.23000000,95856.42000000,0.133333,0.0944228919,1.0125897189,HOLD_MAX,true
BTCUSDT,1730,1731,2025-05-07 00:00:00,2025-05-08 00:00:00,1,97030.50000000,103261.60000000,0.133333,0.0633669181,1.0084489224,TURTLE_ATR,true
ETHUSDT,1731,1732,2025-05-08 00:00:00,2025-05-09 00:00:00,1,2207.39000000,2345.04000000,0.133333,0.0615091661,1.0082012221,TURTLE_ATR,true
XRPUSDT,1731,1735,2025-05-08 00:00:00,2025-05-12 00:00:00,4,2.32720000,2.54390000,0.133333,0.0922420478,1.0122989397,TURTLE_ATR,true
SOLUSDT,1731,1736,2025-05-08 00:00:00,2025-05-13 00:00:00,5,164.46000000,183.75000000,0.133333,0.1163994818,1.0155199309,TURTLE_ATR,true
XRPUSDT,1736,1738,2025-05-13 00:00:00,2025-05-15 00:00:00,2,2.58290000,2.38560000,0.133333,-0.0771256018,0.9897165864,TURTLE_ATR,true
ETHUSDT,1736,1740,2025-05-13 00:00:00,2025-05-17 00:00:00,4,2679.71000000,2475.08000000,0.133333,-0.0771013551,0.9897198193,TURTLE_ATR,true
BTCUSDT,1741,1752,2025-05-18 00:00:00,2025-05-29 00:00:00,11,106454.26000000,105589.75000000,0.333333,-0.0089141386,0.9970286205,TURTLE_ATR,false
ETHUSDT,1764,1767,2025-06-10 00:00:00,2025-06-13 00:00:00,3,2816.40000000,2579.19000000,0.133333,-0.0849568694,0.9886724174,TURTLE_ATR,true
BTCUSDT,1786,1794,2025-07-02 00:00:00,2025-07-10 00:00:00,8,108849.60000000,116010.00000000,0.333333,0.0649302258,1.0216434086,TURTLE_ATR,false
BTCUSDT,1798,1799,2025-07-14 00:00:00,2025-07-15 00:00:00,1,119841.18000000,117758.09000000,0.333333,-0.0181678685,0.9939440438,TURTLE_ATR,false
ETHUSDT,1799,1800,2025-07-15 00:00:00,2025-07-16 00:00:00,1,3137.89000000,3371.35000000,0.333333,0.0735411370,1.0245137123,TURTLE_ATR,false
XRPUSDT,1798,1801,2025-07-14 00:00:00,2025-07-17 00:00:00,3,2.95820000,3.48140000,0.333333,0.1759231944,1.0586410648,TURTLE_ATR,false
ADAUSDT,1799,1801,2025-07-15 00:00:00,2025-07-17 00:00:00,2,0.74660000,0.82160000,0.333333,0.0995753855,1.0331917952,TURTLE_ATR,false
DOGEUSDT,1800,1802,2025-07-16 00:00:00,2025-07-18 00:00:00,2,0.21270000,0.23580000,0.333333,0.1077171388,1.0359057129,TURTLE_ATR,false
DOGEUSDT,1803,1804,2025-07-19 00:00:00,2025-07-20 00:00:00,1,0.24143000,0.27375000,0.333333,0.1329622978,1.0443207659,TURTLE_ATR,false
SOLUSDT,1802,1805,2025-07-18 00:00:00,2025-07-21 00:00:00,3,177.28000000,195.72000000,0.333333,0.1031333856,1.0343777952,TURTLE_ATR,false
SOLUSDT,1806,1807,2025-07-22 00:00:00,2025-07-23 00:00:00,1,205.70000000,189.40000000,0.333333,-0.0799779262,0.9733406913,TURTLE_ATR,false
ADAUSDT,1803,1807,2025-07-19 00:00:00,2025-07-23 00:00:00,4,0.82980000,0.81600000,0.333333,-0.0174168944,0.9941943685,TURTLE_ATR,false
BTCUSDT,1806,1816,2025-07-22 00:00:00,2025-08-01 00:00:00,10,119954.42000000,113297.93000000,0.333333,-0.0562471321,0.9812509560,TURTLE_ATR,false
ETHUSDT,1811,1816,2025-07-27 00:00:00,2025-08-01 00:00:00,5,3872.10000000,3488.20000000,0.333333,-0.0998655624,0.9667114792,TURTLE_ATR,false
ETHUSDT,1822,1827,2025-08-07 00:00:00,2025-08-12 00:00:00,5,3910.31000000,4590.52000000,0.333333,0.1730141734,1.0576713911,TURTLE_ATR,false
BTCUSDT,1827,1829,2025-08-12 00:00:00,2025-08-14 00:00:00,2,120134.08000000,118295.09000000,0.333333,-0.0160952515,0.9946349162,TURTLE_ATR,false
SOLUSDT,1827,1829,2025-08-12 00:00:00,2025-08-14 00:00:00,2,191.78000000,192.47000000,0.333333,0.0027953153,1.0009317718,TURTLE_ATR,false
ADAUSDT,1827,1829,2025-08-12 00:00:00,2025-08-14 00:00:00,2,0.84110000,0.92580000,0.333333,0.0998212533,1.0332737511,TURTLE_ATR,false
ADAUSDT,1830,1834,2025-08-15 00:00:00,2025-08-19 00:00:00,4,0.94530000,0.84640000,0.133333,-0.1053388863,0.9859548152,TURTLE_ATR,true
ETHUSDT,1837,1840,2025-08-22 00:00:00,2025-08-25 00:00:00,3,4832.07000000,4376.18000000,0.133333,-0.0950709622,0.9873238717,TURTLE_ATR,true
SOLUSDT,1838,1840,2025-08-23 00:00:00,2025-08-25 00:00:00,2,204.14000000,187.20000000,0.133333,-0.0837155879,0.9888379216,TURTLE_ATR,true
SOLUSDT,1843,1855,2025-08-28 00:00:00,2025-09-09 00:00:00,12,214.43000000,217.21000000,0.133333,0.0121545562,1.0016206075,HOLD_MAX,true
DOGEUSDT,1854,1859,2025-09-08 00:00:00,2025-09-13 00:00:00,5,0.24164000,0.28938000,0.133333,0.1966089578,1.0262145277,TURTLE_ATR,true
BTCUSDT,1858,1868,2025-09-12 00:00:00,2025-09-22 00:00:00,10,116029.42000000,112650.99000000,0.133333,-0.0298934077,0.9960142123,TURTLE_ATR,true
SOLUSDT,1856,1868,2025-09-10 00:00:00,2025-09-22 00:00:00,12,224.07000000,220.38000000,0.133333,-0.0172545790,0.9976993895,HOLD_MAX,true
BTCUSDT,1877,1883,2025-10-01 00:00:00,2025-10-07 00:00:00,6,118594.99000000,121332.95000000,0.333333,0.0222684993,1.0074228331,TURTLE_ATR,false
ETHUSDT,1882,1885,2025-10-06 00:00:00,2025-10-09 00:00:00,3,4684.01000000,4368.09000000,0.333333,-0.0681922273,0.9772692576,TURTLE_ATR,false
ADAUSDT,1946,1948,2025-12-09 00:00:00,2025-12-11 00:00:00,2,0.46970000,0.42550000,0.133333,-0.0948270468,0.9873563938,TURTLE_ATR,true
BTCUSDT,1981,1987,2026-01-13 00:00:00,2026-01-19 00:00:00,6,95414.00000000,92631.00000000,0.133333,-0.0299439827,0.9960074690,TURTLE_ATR,true
ETHUSDT,1981,1987,2026-01-13 00:00:00,2026-01-19 00:00:00,6,3325.82000000,3189.55000000,0.133333,-0.0417402685,0.9944346309,TURTLE_ATR,true
SOLUSDT,1981,1987,2026-01-13 00:00:00,2026-01-19 00:00:00,6,145.51000000,133.44000000,0.133333,-0.0836829724,0.9888422703,TURTLE_ATR,true
SOLUSDT,2024,2027,2026-02-25 00:00:00,2026-02-28 00:00:00,3,88.06000000,84.35000000,0.133333,-0.0428963550,0.9942804860,TURTLE_ATR,true
ADAUSDT,2024,2027,2026-02-25 00:00:00,2026-02-28 00:00:00,3,0.29710000,0.28100000,0.133333,-0.0549468533,0.9926737529,TURTLE_ATR,true
BTCUSDT,2031,2034,2026-03-04 00:00:00,2026-03-07 00:00:00,3,72666.77000000,67262.91000000,0.133333,-0.0751051521,0.9899859797,TURTLE_ATR,true
ETHUSDT,2031,2034,2026-03-04 00:00:00,2026-03-07 00:00:00,3,2127.28000000,1969.59000000,0.133333,-0.0748679262,0.9900176098,TURTLE_ATR,true
SOLUSDT,2031,2034,2026-03-04 00:00:00,2026-03-07 00:00:00,3,90.85000000,83.22000000,0.133333,-0.0847171093,0.9887043854,TURTLE_ATR,true
BTCUSDT,2042,2046,2026-03-15 00:00:00,2026-03-19 00:00:00,4,72815.24000000,69930.00000000,0.133333,-0.0403921161,0.9946143845,TURTLE_ATR,true
ETHUSDT,2042,2046,2026-03-15 00:00:00,2026-03-19 00:00:00,4,2178.30000000,2137.81000000,0.133333,-0.0193727054,0.9974169726,TURTLE_ATR,true
SOLUSDT,2042,2049,2026-03-15 00:00:00,2026-03-22 00:00:00,7,92.30000000,86.20000000,0.133333,-0.0668356709,0.9910885772,TURTLE_ATR,true
BTCUSDT,2080,2092,2026-04-22 00:00:00,2026-05-04 00:00:00,12,78178.23000000,79861.01000000,0.333333,0.0207080249,1.0069026750,HOLD_MAX,false
DOGEUSDT,2087,2094,2026-04-29 00:00:00,2026-05-06 00:00:00,7,0.10408000,0.11285000,0.333333,0.0833950432,1.0277983477,FINAL_LIQUIDATION,false
