fc,pass_count,total_windows,pass_pct,avg_sharpe,avg_return_pct,avg_max_dd_pct,total_trades,win_rate_pct
0,28,54,51.85,2.1124,13.14,58.66,1558,43.00
1,28,54,51.85,2.1124,13.14,58.66,1558,43.00
2,27,54,50.00,1.6239,5.59,63.14,1429,42.62
3,27,54,50.00,1.2654,6.14,58.64,1360,42.06
4,28,54,51.85,0.5954,-2.50,64.73,1308,40.60
5,28,54,51.85,0.3661,-4.57,66.12,1249,40.11
6,24,54,44.44,1.3267,3.69,58.59,1165,42.40
7,26,54,48.15,1.5157,6.31,51.04,1131,40.23
8,28,54,51.85,1.7062,6.24,52.64,1106,40.87
9,29,54,53.70,2.9764,14.24,47.89,1063,44.03
10,29,54,53.70,3.0507,15.78,44.27,1028,44.55
11,31,54,57.41,2.4200,9.09,47.75,1011,43.52
12,31,54,57.41,2.4213,9.49,47.58,999,43.74
13,31,54,57.41,1.8574,5.50,48.62,983,42.93
14,29,54,53.70,1.8277,5.57,49.12,970,42.99
15,31,54,57.41,1.6116,5.07,49.18,953,43.13
16,26,54,48.15,0.8455,2.92,50.42,945,40.85
17,29,54,53.70,0.9388,3.27,48.86,910,41.21
18,29,54,53.70,0.7993,2.51,50.13,896,40.96
19,27,54,50.00,0.7228,2.89,48.99,886,40.52
20,28,54,51.85,0.8326,4.15,48.81,886,40.52
21,28,54,51.85,0.3464,1.43,48.90,886,39.50
22,25,54,46.30,0.5790,3.73,48.29,854,39.46
23,25,54,46.30,0.5647,5.89,45.83,842,39.67
24,27,54,50.00,0.7632,8.62,42.10,822,40.51
25,30,54,55.56,1.7620,13.09,39.98,789,42.08
26,30,54,55.56,1.6836,12.88,40.08,789,42.21
27,30,54,55.56,1.9528,15.84,40.92,789,42.59
28,29,54,53.70,2.0705,16.91,41.00,786,43.13
29,31,54,57.41,2.4126,19.01,39.60,785,42.93
30,37,54,68.52,2.9375,19.37,38.90,775,44.65
31,35,54,64.81,3.0562,19.26,39.91,758,45.25
32,35,54,64.81,2.7922,17.07,40.02,752,44.81
33,34,54,62.96,3.1174,19.81,39.06,737,45.73
34,35,54,64.81,3.1177,19.61,38.73,723,46.33
35,35,54,64.81,3.4025,20.50,38.40,714,46.50
36,35,54,64.81,3.6711,20.98,38.52,705,46.24
37,37,54,68.52,3.7720,21.38,37.64,697,47.63
38,35,54,64.81,3.7018,21.80,38.06,697,48.21
39,35,54,64.81,4.0364,22.84,38.09,691,49.49
40,35,54,64.81,3.7753,22.52,38.84,691,48.63
41,35,54,64.81,3.4505,18.61,38.46,691,48.05
42,36,54,66.67,2.8691,17.17,38.32,688,46.22
43,38,54,70.37,3.5205,22.34,35.09,688,48.69
44,38,54,70.37,3.2048,20.91,35.15,680,48.09
45,38,54,70.37,3.3913,21.55,34.69,676,48.82
46,38,54,70.37,3.1464,20.34,34.91,675,47.85
47,33,54,61.11,2.8866,21.52,33.20,662,47.58
48,33,54,61.11,3.0002,22.77,32.05,662,47.58
49,32,54,59.26,3.1448,25.48,29.97,656,47.41
50,33,54,61.11,3.1317,25.47,30.02,656,46.65
51,35,54,64.81,3.3986,27.68,28.33,652,47.55
52,35,54,64.81,3.3348,28.06,27.81,643,47.74
53,34,54,62.96,3.6579,28.78,27.88,643,47.74
54,38,54,70.37,3.7792,27.94,27.37,624,49.20
55,41,54,75.93,4.3959,33.12,25.59,618,49.68
56,41,54,75.93,4.6404,34.24,24.46,612,50.16
57,41,52,78.85,4.1773,30.72,25.34,586,50.51
58,41,52,78.85,4.1250,28.76,24.39,586,49.83
59,41,52,78.85,4.1136,28.71,24.39,583,50.09
60,41,52,78.85,3.6625,25.91,25.18,583,48.54
61,32,52,61.54,2.5804,20.57,27.64,583,47.17
62,32,52,61.54,2.6247,19.45,27.93,567,47.27
63,39,52,75.00,3.2706,21.99,27.59,564,50.35
64,39,52,75.00,3.2204,21.50,27.35,564,50.89
65,36,52,69.23,3.0894,20.81,27.47,564,49.47
66,33,52,63.46,1.7685,12.08,29.85,564,50.00
67,30,52,57.69,0.8585,8.66,29.22,557,45.78
68,29,52,55.77,0.3562,7.59,30.98,547,44.79
69,27,52,51.92,0.3191,6.38,31.87,512,43.75
70,29,52,55.77,0.3843,7.00,31.53,504,46.03
71,27,52,51.92,0.2694,6.35,31.56,504,46.03
72,29,52,55.77,0.8143,12.68,31.58,504,46.23
73,26,52,50.00,0.4655,8.00,32.10,504,45.04
74,26,52,50.00,0.5583,7.78,31.72,498,44.98
75,26,52,50.00,0.6335,9.75,31.28,489,46.42
76,26,52,50.00,0.7195,8.34,30.82,486,46.30
77,25,51,49.02,0.1546,4.94,33.30,478,43.31
78,27,50,54.00,0.7037,9.73,29.21,470,43.83
79,25,50,50.00,0.3587,8.54,30.69,468,43.80
80,25,49,51.02,0.0487,5.05,32.65,455,44.40
81,25,49,51.02,-0.3704,1.94,34.29,449,42.09
82,29,49,59.18,0.7054,5.58,31.92,445,44.49
83,29,49,59.18,0.8119,7.44,30.08,445,44.49
84,32,49,65.31,2.0589,10.55,29.59,445,47.64
85,32,49,65.31,2.0244,10.32,29.79,445,47.64
86,35,47,74.47,2.5725,12.31,27.60,429,48.48
87,35,47,74.47,2.6488,11.96,27.94,429,48.48
88,35,47,74.47,2.6557,12.89,27.05,429,48.72
89,35,47,74.47,2.6958,14.32,25.66,429,48.48
90,35,47,74.47,2.6958,14.32,25.66,429,48.48
91,35,47,74.47,2.6958,14.32,25.66,429,48.48
92,37,47,78.72,3.4375,19.07,23.65,429,50.35
93,39,47,82.98,3.8807,20.19,23.53,429,52.21
94,39,47,82.98,3.8025,19.77,23.91,429,52.21
95,39,47,82.98,3.8908,20.12,23.65,423,52.96
96,39,47,82.98,3.9601,22.59,23.65,423,52.96
97,39,47,82.98,3.9732,23.01,23.17,423,53.19
98,39,47,82.98,3.9094,22.37,25.39,423,52.48
99,37,47,78.72,3.6315,19.51,25.38,423,52.72
100,39,47,82.98,3.5387,18.69,25.40,423,52.48
