atr_period,universe,window,ret,sharpe,max_dd,trades,win_rate,pass
5,Base5,W00,599.40,11.0052,0.00,13,69.2,true
5,Base5,W01,1323.65,7.7768,0.00,10,60.0,true
5,Base5,W02,434.79,19.0870,0.00,12,83.3,true
5,Base5,W03,122.51,7.6010,0.00,14,64.3,true
5,Base5,W04,17.32,3.4237,0.00,11,63.6,true
5,Base5,W05,-24.31,-1.4639,24.31,12,33.3,false
5,NoDOGE,W00,599.40,11.0052,0.00,13,69.2,true
5,NoDOGE,W01,-26.12,-5.4957,26.12,8,37.5,false
5,NoDOGE,W02,105.95,7.4708,0.00,12,58.3,true
5,NoDOGE,W03,292.79,13.6776,0.00,14,71.4,true
5,NoDOGE,W04,17.32,3.4237,0.00,11,63.6,true
5,NoDOGE,W05,-23.22,-1.3181,23.22,12,33.3,false
5,Legacy4,W00,93.77,8.6758,0.00,13,61.5,true
5,Legacy4,W01,30.62,3.9676,0.00,12,50.0,true
5,Legacy4,W02,343.87,11.4541,0.00,11,72.7,true
5,Legacy4,W03,0.64,2.7563,0.00,14,57.1,true
5,Legacy4,W04,27.23,4.4867,0.00,11,63.6,true
5,Legacy4,W05,-51.78,-5.6156,51.78,13,30.8,false
5,Legacy5BNB,W00,184.82,11.6683,0.00,13,69.2,true
5,Legacy5BNB,W01,52.83,6.1940,0.00,10,50.0,true
5,Legacy5BNB,W02,114.46,13.4770,0.00,11,63.6,true
5,Legacy5BNB,W03,138.85,9.4788,0.00,13,61.5,true
5,Legacy5BNB,W04,66.73,9.9893,0.00,9,55.6,true
5,Legacy5BNB,W05,-59.20,-14.0154,59.20,11,36.4,false
5,OldGuardNoBNB,W00,254.92,10.0152,0.00,13,61.5,true
5,OldGuardNoBNB,W01,-49.72,-7.0402,49.72,12,41.7,false
5,OldGuardNoBNB,W02,343.87,11.4541,0.00,11,72.7,true
5,OldGuardNoBNB,W03,0.64,2.7563,0.00,14,57.1,true
5,OldGuardNoBNB,W04,27.23,4.4867,0.00,11,63.6,true
5,OldGuardNoBNB,W05,-71.84,-12.9130,71.84,13,30.8,false
5,LargeCaps5,W00,599.40,11.0052,0.00,13,69.2,true
5,LargeCaps5,W01,-26.12,-5.4957,26.12,8,37.5,false
5,LargeCaps5,W02,105.95,7.4708,0.00,12,58.3,true
5,LargeCaps5,W03,165.03,10.0633,0.00,12,75.0,true
5,LargeCaps5,W04,0.45,1.5685,0.00,11,54.5,true
5,LargeCaps5,W05,-23.22,-1.3181,23.22,12,33.3,false
5,Legacy3,W00,288.73,13.8602,0.00,13,69.2,true
5,Legacy3,W01,70.94,7.0989,0.00,12,75.0,true
5,Legacy3,W02,202.43,7.4127,0.00,14,50.0,true
5,Legacy3,W03,148.65,7.8973,0.00,14,50.0,true
5,Legacy3,W04,-34.03,-7.1606,34.03,10,40.0,false
5,Legacy3,W05,-25.49,-1.4197,25.49,13,46.2,false
5,LowVolume5,W00,388.98,12.0992,0.00,14,71.4,true
5,LowVolume5,W01,44.45,5.9140,0.00,12,66.7,true
5,LowVolume5,W02,167.96,7.6812,0.00,14,57.1,true
5,LowVolume5,W03,467.71,9.6719,0.00,14,50.0,true
5,LowVolume5,W04,-59.72,-7.0243,59.72,12,41.7,false
5,LowVolume5,W05,-29.14,-1.3684,29.14,15,40.0,false
5,OldGuard4,W00,166.04,8.5478,0.00,13,61.5,true
5,OldGuard4,W01,28.84,6.1041,0.00,11,63.6,true
5,OldGuard4,W02,145.76,6.3047,0.00,14,42.9,true
5,OldGuard4,W03,148.65,7.8973,0.00,14,50.0,true
5,OldGuard4,W04,-43.42,-10.3522,43.42,11,27.3,false
5,OldGuard4,W05,3.77,1.8672,0.00,14,50.0,true
10,Base5,W00,599.40,11.0052,0.00,13,69.2,true
10,Base5,W01,1323.65,7.7768,0.00,10,60.0,true
10,Base5,W02,434.79,19.0870,0.00,12,83.3,true
10,Base5,W03,122.51,7.6010,0.00,14,64.3,true
10,Base5,W04,17.32,3.4237,0.00,11,63.6,true
10,Base5,W05,-24.31,-1.4639,24.31,12,33.3,false
10,NoDOGE,W00,599.40,11.0052,0.00,13,69.2,true
10,NoDOGE,W01,-26.12,-5.4957,26.12,8,37.5,false
10,NoDOGE,W02,105.95,7.4708,0.00,12,58.3,true
10,NoDOGE,W03,292.79,13.6776,0.00,14,71.4,true
10,NoDOGE,W04,17.32,3.4237,0.00,11,63.6,true
10,NoDOGE,W05,-23.22,-1.3181,23.22,12,33.3,false
10,Legacy4,W00,93.77,8.6758,0.00,13,61.5,true
10,Legacy4,W01,30.62,3.9676,0.00,12,50.0,true
10,Legacy4,W02,343.87,11.4541,0.00,11,72.7,true
10,Legacy4,W03,0.64,2.7563,0.00,14,57.1,true
10,Legacy4,W04,27.23,4.4867,0.00,11,63.6,true
10,Legacy4,W05,-51.78,-5.6156,51.78,13,30.8,false
10,Legacy5BNB,W00,184.82,11.6683,0.00,13,69.2,true
10,Legacy5BNB,W01,52.83,6.1940,0.00,10,50.0,true
10,Legacy5BNB,W02,114.46,13.4770,0.00,11,63.6,true
10,Legacy5BNB,W03,138.85,9.4788,0.00,13,61.5,true
10,Legacy5BNB,W04,66.73,9.9893,0.00,9,55.6,true
10,Legacy5BNB,W05,-59.20,-14.0154,59.20,11,36.4,false
10,OldGuardNoBNB,W00,254.92,10.0152,0.00,13,61.5,true
10,OldGuardNoBNB,W01,-49.72,-7.0402,49.72,12,41.7,false
10,OldGuardNoBNB,W02,343.87,11.4541,0.00,11,72.7,true
10,OldGuardNoBNB,W03,0.64,2.7563,0.00,14,57.1,true
10,OldGuardNoBNB,W04,27.23,4.4867,0.00,11,63.6,true
10,OldGuardNoBNB,W05,-71.84,-12.9130,71.84,13,30.8,false
10,LargeCaps5,W00,599.40,11.0052,0.00,13,69.2,true
10,LargeCaps5,W01,-26.12,-5.4957,26.12,8,37.5,false
10,LargeCaps5,W02,105.95,7.4708,0.00,12,58.3,true
10,LargeCaps5,W03,165.03,10.0633,0.00,12,75.0,true
10,LargeCaps5,W04,0.45,1.5685,0.00,11,54.5,true
10,LargeCaps5,W05,-23.22,-1.3181,23.22,12,33.3,false
10,Legacy3,W00,288.73,13.8602,0.00,13,69.2,true
10,Legacy3,W01,70.94,7.0989,0.00,12,75.0,true
10,Legacy3,W02,202.43,7.4127,0.00,14,50.0,true
10,Legacy3,W03,148.65,7.8973,0.00,14,50.0,true
10,Legacy3,W04,-34.03,-7.1606,34.03,10,40.0,false
10,Legacy3,W05,-25.49,-1.4197,25.49,13,46.2,false
10,LowVolume5,W00,388.98,12.0992,0.00,14,71.4,true
10,LowVolume5,W01,44.45,5.9140,0.00,12,66.7,true
10,LowVolume5,W02,167.96,7.6812,0.00,14,57.1,true
10,LowVolume5,W03,467.71,9.6719,0.00,14,50.0,true
10,LowVolume5,W04,-59.72,-7.0243,59.72,12,41.7,false
10,LowVolume5,W05,-29.14,-1.3684,29.14,15,40.0,false
10,OldGuard4,W00,166.04,8.5478,0.00,13,61.5,true
10,OldGuard4,W01,28.84,6.1041,0.00,11,63.6,true
10,OldGuard4,W02,145.76,6.3047,0.00,14,42.9,true
10,OldGuard4,W03,148.65,7.8973,0.00,14,50.0,true
10,OldGuard4,W04,-43.42,-10.3522,43.42,11,27.3,false
10,OldGuard4,W05,3.77,1.8672,0.00,14,50.0,true
15,Base5,W00,599.40,11.0052,0.00,13,69.2,true
15,Base5,W01,1323.65,7.7768,0.00,10,60.0,true
15,Base5,W02,434.79,19.0870,0.00,12,83.3,true
15,Base5,W03,122.51,7.6010,0.00,14,64.3,true
15,Base5,W04,17.32,3.4237,0.00,11,63.6,true
15,Base5,W05,-24.31,-1.4639,24.31,12,33.3,false
15,NoDOGE,W00,599.40,11.0052,0.00,13,69.2,true
15,NoDOGE,W01,-26.12,-5.4957,26.12,8,37.5,false
15,NoDOGE,W02,105.95,7.4708,0.00,12,58.3,true
15,NoDOGE,W03,292.79,13.6776,0.00,14,71.4,true
15,NoDOGE,W04,17.32,3.4237,0.00,11,63.6,true
15,NoDOGE,W05,-23.22,-1.3181,23.22,12,33.3,false
15,Legacy4,W00,93.77,8.6758,0.00,13,61.5,true
15,Legacy4,W01,30.62,3.9676,0.00,12,50.0,true
15,Legacy4,W02,343.87,11.4541,0.00,11,72.7,true
15,Legacy4,W03,0.64,2.7563,0.00,14,57.1,true
15,Legacy4,W04,27.23,4.4867,0.00,11,63.6,true
15,Legacy4,W05,-51.78,-5.6156,51.78,13,30.8,false
15,Legacy5BNB,W00,184.82,11.6683,0.00,13,69.2,true
15,Legacy5BNB,W01,52.83,6.1940,0.00,10,50.0,true
15,Legacy5BNB,W02,114.46,13.4770,0.00,11,63.6,true
15,Legacy5BNB,W03,138.85,9.4788,0.00,13,61.5,true
15,Legacy5BNB,W04,66.73,9.9893,0.00,9,55.6,true
15,Legacy5BNB,W05,-59.20,-14.0154,59.20,11,36.4,false
15,OldGuardNoBNB,W00,254.92,10.0152,0.00,13,61.5,true
15,OldGuardNoBNB,W01,-49.72,-7.0402,49.72,12,41.7,false
15,OldGuardNoBNB,W02,343.87,11.4541,0.00,11,72.7,true
15,OldGuardNoBNB,W03,0.64,2.7563,0.00,14,57.1,true
15,OldGuardNoBNB,W04,27.23,4.4867,0.00,11,63.6,true
15,OldGuardNoBNB,W05,-71.84,-12.9130,71.84,13,30.8,false
15,LargeCaps5,W00,599.40,11.0052,0.00,13,69.2,true
15,LargeCaps5,W01,-26.12,-5.4957,26.12,8,37.5,false
15,LargeCaps5,W02,105.95,7.4708,0.00,12,58.3,true
15,LargeCaps5,W03,165.03,10.0633,0.00,12,75.0,true
15,LargeCaps5,W04,0.45,1.5685,0.00,11,54.5,true
15,LargeCaps5,W05,-23.22,-1.3181,23.22,12,33.3,false
15,Legacy3,W00,288.73,13.8602,0.00,13,69.2,true
15,Legacy3,W01,70.94,7.0989,0.00,12,75.0,true
15,Legacy3,W02,202.43,7.4127,0.00,14,50.0,true
15,Legacy3,W03,148.65,7.8973,0.00,14,50.0,true
15,Legacy3,W04,-34.03,-7.1606,34.03,10,40.0,false
15,Legacy3,W05,-25.49,-1.4197,25.49,13,46.2,false
15,LowVolume5,W00,388.98,12.0992,0.00,14,71.4,true
15,LowVolume5,W01,44.45,5.9140,0.00,12,66.7,true
15,LowVolume5,W02,167.96,7.6812,0.00,14,57.1,true
15,LowVolume5,W03,467.71,9.6719,0.00,14,50.0,true
15,LowVolume5,W04,-59.72,-7.0243,59.72,12,41.7,false
15,LowVolume5,W05,-29.14,-1.3684,29.14,15,40.0,false
15,OldGuard4,W00,166.04,8.5478,0.00,13,61.5,true
15,OldGuard4,W01,28.84,6.1041,0.00,11,63.6,true
15,OldGuard4,W02,145.76,6.3047,0.00,14,42.9,true
15,OldGuard4,W03,148.65,7.8973,0.00,14,50.0,true
15,OldGuard4,W04,-43.42,-10.3522,43.42,11,27.3,false
15,OldGuard4,W05,3.77,1.8672,0.00,14,50.0,true
20,Base5,W00,599.40,11.0052,0.00,13,69.2,true
20,Base5,W01,1323.65,7.7768,0.00,10,60.0,true
20,Base5,W02,434.79,19.0870,0.00,12,83.3,true
20,Base5,W03,122.51,7.6010,0.00,14,64.3,true
20,Base5,W04,17.32,3.4237,0.00,11,63.6,true
20,Base5,W05,-24.31,-1.4639,24.31,12,33.3,false
20,NoDOGE,W00,599.40,11.0052,0.00,13,69.2,true
20,NoDOGE,W01,-26.12,-5.4957,26.12,8,37.5,false
20,NoDOGE,W02,105.95,7.4708,0.00,12,58.3,true
20,NoDOGE,W03,292.79,13.6776,0.00,14,71.4,true
20,NoDOGE,W04,17.32,3.4237,0.00,11,63.6,true
20,NoDOGE,W05,-23.22,-1.3181,23.22,12,33.3,false
20,Legacy4,W00,93.77,8.6758,0.00,13,61.5,true
20,Legacy4,W01,30.62,3.9676,0.00,12,50.0,true
20,Legacy4,W02,343.87,11.4541,0.00,11,72.7,true
20,Legacy4,W03,0.64,2.7563,0.00,14,57.1,true
20,Legacy4,W04,27.23,4.4867,0.00,11,63.6,true
20,Legacy4,W05,-51.78,-5.6156,51.78,13,30.8,false
20,Legacy5BNB,W00,184.82,11.6683,0.00,13,69.2,true
20,Legacy5BNB,W01,52.83,6.1940,0.00,10,50.0,true
20,Legacy5BNB,W02,114.46,13.4770,0.00,11,63.6,true
20,Legacy5BNB,W03,138.85,9.4788,0.00,13,61.5,true
20,Legacy5BNB,W04,66.73,9.9893,0.00,9,55.6,true
20,Legacy5BNB,W05,-59.20,-14.0154,59.20,11,36.4,false
20,OldGuardNoBNB,W00,254.92,10.0152,0.00,13,61.5,true
20,OldGuardNoBNB,W01,-49.72,-7.0402,49.72,12,41.7,false
20,OldGuardNoBNB,W02,343.87,11.4541,0.00,11,72.7,true
20,OldGuardNoBNB,W03,0.64,2.7563,0.00,14,57.1,true
20,OldGuardNoBNB,W04,27.23,4.4867,0.00,11,63.6,true
20,OldGuardNoBNB,W05,-71.84,-12.9130,71.84,13,30.8,false
20,LargeCaps5,W00,599.40,11.0052,0.00,13,69.2,true
20,LargeCaps5,W01,-26.12,-5.4957,26.12,8,37.5,false
20,LargeCaps5,W02,105.95,7.4708,0.00,12,58.3,true
20,LargeCaps5,W03,165.03,10.0633,0.00,12,75.0,true
20,LargeCaps5,W04,0.45,1.5685,0.00,11,54.5,true
20,LargeCaps5,W05,-23.22,-1.3181,23.22,12,33.3,false
20,Legacy3,W00,288.73,13.8602,0.00,13,69.2,true
20,Legacy3,W01,70.94,7.0989,0.00,12,75.0,true
20,Legacy3,W02,202.43,7.4127,0.00,14,50.0,true
20,Legacy3,W03,148.65,7.8973,0.00,14,50.0,true
20,Legacy3,W04,-34.03,-7.1606,34.03,10,40.0,false
20,Legacy3,W05,-25.49,-1.4197,25.49,13,46.2,false
20,LowVolume5,W00,388.98,12.0992,0.00,14,71.4,true
20,LowVolume5,W01,44.45,5.9140,0.00,12,66.7,true
20,LowVolume5,W02,167.96,7.6812,0.00,14,57.1,true
20,LowVolume5,W03,467.71,9.6719,0.00,14,50.0,true
20,LowVolume5,W04,-59.72,-7.0243,59.72,12,41.7,false
20,LowVolume5,W05,-29.14,-1.3684,29.14,15,40.0,false
20,OldGuard4,W00,166.04,8.5478,0.00,13,61.5,true
20,OldGuard4,W01,28.84,6.1041,0.00,11,63.6,true
20,OldGuard4,W02,145.76,6.3047,0.00,14,42.9,true
20,OldGuard4,W03,148.65,7.8973,0.00,14,50.0,true
20,OldGuard4,W04,-43.42,-10.3522,43.42,11,27.3,false
20,OldGuard4,W05,3.77,1.8672,0.00,14,50.0,true
24,Base5,W00,599.40,11.0052,0.00,13,69.2,true
24,Base5,W01,1323.65,7.7768,0.00,10,60.0,true
24,Base5,W02,434.79,19.0870,0.00,12,83.3,true
24,Base5,W03,122.51,7.6010,0.00,14,64.3,true
24,Base5,W04,17.32,3.4237,0.00,11,63.6,true
24,Base5,W05,-24.31,-1.4639,24.31,12,33.3,false
24,NoDOGE,W00,599.40,11.0052,0.00,13,69.2,true
24,NoDOGE,W01,-26.12,-5.4957,26.12,8,37.5,false
24,NoDOGE,W02,105.95,7.4708,0.00,12,58.3,true
24,NoDOGE,W03,292.79,13.6776,0.00,14,71.4,true
24,NoDOGE,W04,17.32,3.4237,0.00,11,63.6,true
24,NoDOGE,W05,-23.22,-1.3181,23.22,12,33.3,false
24,Legacy4,W00,93.77,8.6758,0.00,13,61.5,true
24,Legacy4,W01,30.62,3.9676,0.00,12,50.0,true
24,Legacy4,W02,343.87,11.4541,0.00,11,72.7,true
24,Legacy4,W03,0.64,2.7563,0.00,14,57.1,true
24,Legacy4,W04,27.23,4.4867,0.00,11,63.6,true
24,Legacy4,W05,-51.78,-5.6156,51.78,13,30.8,false
24,Legacy5BNB,W00,184.82,11.6683,0.00,13,69.2,true
24,Legacy5BNB,W01,52.83,6.1940,0.00,10,50.0,true
24,Legacy5BNB,W02,114.46,13.4770,0.00,11,63.6,true
24,Legacy5BNB,W03,138.85,9.4788,0.00,13,61.5,true
24,Legacy5BNB,W04,66.73,9.9893,0.00,9,55.6,true
24,Legacy5BNB,W05,-59.20,-14.0154,59.20,11,36.4,false
24,OldGuardNoBNB,W00,254.92,10.0152,0.00,13,61.5,true
24,OldGuardNoBNB,W01,-49.72,-7.0402,49.72,12,41.7,false
24,OldGuardNoBNB,W02,343.87,11.4541,0.00,11,72.7,true
24,OldGuardNoBNB,W03,0.64,2.7563,0.00,14,57.1,true
24,OldGuardNoBNB,W04,27.23,4.4867,0.00,11,63.6,true
24,OldGuardNoBNB,W05,-71.84,-12.9130,71.84,13,30.8,false
24,LargeCaps5,W00,599.40,11.0052,0.00,13,69.2,true
24,LargeCaps5,W01,-26.12,-5.4957,26.12,8,37.5,false
24,LargeCaps5,W02,105.95,7.4708,0.00,12,58.3,true
24,LargeCaps5,W03,165.03,10.0633,0.00,12,75.0,true
24,LargeCaps5,W04,0.45,1.5685,0.00,11,54.5,true
24,LargeCaps5,W05,-23.22,-1.3181,23.22,12,33.3,false
24,Legacy3,W00,288.73,13.8602,0.00,13,69.2,true
24,Legacy3,W01,70.94,7.0989,0.00,12,75.0,true
24,Legacy3,W02,202.43,7.4127,0.00,14,50.0,true
24,Legacy3,W03,148.65,7.8973,0.00,14,50.0,true
24,Legacy3,W04,-34.03,-7.1606,34.03,10,40.0,false
24,Legacy3,W05,-25.49,-1.4197,25.49,13,46.2,false
24,LowVolume5,W00,388.98,12.0992,0.00,14,71.4,true
24,LowVolume5,W01,44.45,5.9140,0.00,12,66.7,true
24,LowVolume5,W02,167.96,7.6812,0.00,14,57.1,true
24,LowVolume5,W03,467.71,9.6719,0.00,14,50.0,true
24,LowVolume5,W04,-59.72,-7.0243,59.72,12,41.7,false
24,LowVolume5,W05,-29.14,-1.3684,29.14,15,40.0,false
24,OldGuard4,W00,166.04,8.5478,0.00,13,61.5,true
24,OldGuard4,W01,28.84,6.1041,0.00,11,63.6,true
24,OldGuard4,W02,145.76,6.3047,0.00,14,42.9,true
24,OldGuard4,W03,148.65,7.8973,0.00,14,50.0,true
24,OldGuard4,W04,-43.42,-10.3522,43.42,11,27.3,false
24,OldGuard4,W05,3.77,1.8672,0.00,14,50.0,true
25,Base5,W00,599.40,11.0052,0.00,13,69.2,true
25,Base5,W01,1323.65,7.7768,0.00,10,60.0,true
25,Base5,W02,434.79,19.0870,0.00,12,83.3,true
25,Base5,W03,122.51,7.6010,0.00,14,64.3,true
25,Base5,W04,17.32,3.4237,0.00,11,63.6,true
25,Base5,W05,-24.31,-1.4639,24.31,12,33.3,false
25,NoDOGE,W00,599.40,11.0052,0.00,13,69.2,true
25,NoDOGE,W01,-26.12,-5.4957,26.12,8,37.5,false
25,NoDOGE,W02,105.95,7.4708,0.00,12,58.3,true
25,NoDOGE,W03,292.79,13.6776,0.00,14,71.4,true
25,NoDOGE,W04,17.32,3.4237,0.00,11,63.6,true
25,NoDOGE,W05,-23.22,-1.3181,23.22,12,33.3,false
25,Legacy4,W00,93.77,8.6758,0.00,13,61.5,true
25,Legacy4,W01,30.62,3.9676,0.00,12,50.0,true
25,Legacy4,W02,343.87,11.4541,0.00,11,72.7,true
25,Legacy4,W03,0.64,2.7563,0.00,14,57.1,true
25,Legacy4,W04,27.23,4.4867,0.00,11,63.6,true
25,Legacy4,W05,-51.78,-5.6156,51.78,13,30.8,false
25,Legacy5BNB,W00,184.82,11.6683,0.00,13,69.2,true
25,Legacy5BNB,W01,52.83,6.1940,0.00,10,50.0,true
25,Legacy5BNB,W02,114.46,13.4770,0.00,11,63.6,true
25,Legacy5BNB,W03,138.85,9.4788,0.00,13,61.5,true
25,Legacy5BNB,W04,66.73,9.9893,0.00,9,55.6,true
25,Legacy5BNB,W05,-59.20,-14.0154,59.20,11,36.4,false
25,OldGuardNoBNB,W00,254.92,10.0152,0.00,13,61.5,true
25,OldGuardNoBNB,W01,-49.72,-7.0402,49.72,12,41.7,false
25,OldGuardNoBNB,W02,343.87,11.4541,0.00,11,72.7,true
25,OldGuardNoBNB,W03,0.64,2.7563,0.00,14,57.1,true
25,OldGuardNoBNB,W04,27.23,4.4867,0.00,11,63.6,true
25,OldGuardNoBNB,W05,-71.84,-12.9130,71.84,13,30.8,false
25,LargeCaps5,W00,599.40,11.0052,0.00,13,69.2,true
25,LargeCaps5,W01,-26.12,-5.4957,26.12,8,37.5,false
25,LargeCaps5,W02,105.95,7.4708,0.00,12,58.3,true
25,LargeCaps5,W03,165.03,10.0633,0.00,12,75.0,true
25,LargeCaps5,W04,0.45,1.5685,0.00,11,54.5,true
25,LargeCaps5,W05,-23.22,-1.3181,23.22,12,33.3,false
25,Legacy3,W00,288.73,13.8602,0.00,13,69.2,true
25,Legacy3,W01,70.94,7.0989,0.00,12,75.0,true
25,Legacy3,W02,202.43,7.4127,0.00,14,50.0,true
25,Legacy3,W03,148.65,7.8973,0.00,14,50.0,true
25,Legacy3,W04,-34.03,-7.1606,34.03,10,40.0,false
25,Legacy3,W05,-25.49,-1.4197,25.49,13,46.2,false
25,LowVolume5,W00,388.98,12.0992,0.00,14,71.4,true
25,LowVolume5,W01,44.45,5.9140,0.00,12,66.7,true
25,LowVolume5,W02,167.96,7.6812,0.00,14,57.1,true
25,LowVolume5,W03,467.71,9.6719,0.00,14,50.0,true
25,LowVolume5,W04,-59.72,-7.0243,59.72,12,41.7,false
25,LowVolume5,W05,-29.14,-1.3684,29.14,15,40.0,false
25,OldGuard4,W00,166.04,8.5478,0.00,13,61.5,true
25,OldGuard4,W01,28.84,6.1041,0.00,11,63.6,true
25,OldGuard4,W02,145.76,6.3047,0.00,14,42.9,true
25,OldGuard4,W03,148.65,7.8973,0.00,14,50.0,true
25,OldGuard4,W04,-43.42,-10.3522,43.42,11,27.3,false
25,OldGuard4,W05,3.77,1.8672,0.00,14,50.0,true
30,Base5,W00,599.40,11.0052,0.00,13,69.2,true
30,Base5,W01,1323.65,7.7768,0.00,10,60.0,true
30,Base5,W02,434.79,19.0870,0.00,12,83.3,true
30,Base5,W03,122.51,7.6010,0.00,14,64.3,true
30,Base5,W04,17.32,3.4237,0.00,11,63.6,true
30,Base5,W05,-24.31,-1.4639,24.31,12,33.3,false
30,NoDOGE,W00,599.40,11.0052,0.00,13,69.2,true
30,NoDOGE,W01,-26.12,-5.4957,26.12,8,37.5,false
30,NoDOGE,W02,105.95,7.4708,0.00,12,58.3,true
30,NoDOGE,W03,292.79,13.6776,0.00,14,71.4,true
30,NoDOGE,W04,17.32,3.4237,0.00,11,63.6,true
30,NoDOGE,W05,-23.22,-1.3181,23.22,12,33.3,false
30,Legacy4,W00,93.77,8.6758,0.00,13,61.5,true
30,Legacy4,W01,30.62,3.9676,0.00,12,50.0,true
30,Legacy4,W02,343.87,11.4541,0.00,11,72.7,true
30,Legacy4,W03,0.64,2.7563,0.00,14,57.1,true
30,Legacy4,W04,27.23,4.4867,0.00,11,63.6,true
30,Legacy4,W05,-51.78,-5.6156,51.78,13,30.8,false
30,Legacy5BNB,W00,184.82,11.6683,0.00,13,69.2,true
30,Legacy5BNB,W01,52.83,6.1940,0.00,10,50.0,true
30,Legacy5BNB,W02,114.46,13.4770,0.00,11,63.6,true
30,Legacy5BNB,W03,138.85,9.4788,0.00,13,61.5,true
30,Legacy5BNB,W04,66.73,9.9893,0.00,9,55.6,true
30,Legacy5BNB,W05,-59.20,-14.0154,59.20,11,36.4,false
30,OldGuardNoBNB,W00,254.92,10.0152,0.00,13,61.5,true
30,OldGuardNoBNB,W01,-49.72,-7.0402,49.72,12,41.7,false
30,OldGuardNoBNB,W02,343.87,11.4541,0.00,11,72.7,true
30,OldGuardNoBNB,W03,0.64,2.7563,0.00,14,57.1,true
30,OldGuardNoBNB,W04,27.23,4.4867,0.00,11,63.6,true
30,OldGuardNoBNB,W05,-71.84,-12.9130,71.84,13,30.8,false
30,LargeCaps5,W00,599.40,11.0052,0.00,13,69.2,true
30,LargeCaps5,W01,-26.12,-5.4957,26.12,8,37.5,false
30,LargeCaps5,W02,105.95,7.4708,0.00,12,58.3,true
30,LargeCaps5,W03,165.03,10.0633,0.00,12,75.0,true
30,LargeCaps5,W04,0.45,1.5685,0.00,11,54.5,true
30,LargeCaps5,W05,-23.22,-1.3181,23.22,12,33.3,false
30,Legacy3,W00,288.73,13.8602,0.00,13,69.2,true
30,Legacy3,W01,70.94,7.0989,0.00,12,75.0,true
30,Legacy3,W02,202.43,7.4127,0.00,14,50.0,true
30,Legacy3,W03,148.65,7.8973,0.00,14,50.0,true
30,Legacy3,W04,-34.03,-7.1606,34.03,10,40.0,false
30,Legacy3,W05,-25.49,-1.4197,25.49,13,46.2,false
30,LowVolume5,W00,388.98,12.0992,0.00,14,71.4,true
30,LowVolume5,W01,44.45,5.9140,0.00,12,66.7,true
30,LowVolume5,W02,167.96,7.6812,0.00,14,57.1,true
30,LowVolume5,W03,467.71,9.6719,0.00,14,50.0,true
30,LowVolume5,W04,-59.72,-7.0243,59.72,12,41.7,false
30,LowVolume5,W05,-29.14,-1.3684,29.14,15,40.0,false
30,OldGuard4,W00,166.04,8.5478,0.00,13,61.5,true
30,OldGuard4,W01,28.84,6.1041,0.00,11,63.6,true
30,OldGuard4,W02,145.76,6.3047,0.00,14,42.9,true
30,OldGuard4,W03,148.65,7.8973,0.00,14,50.0,true
30,OldGuard4,W04,-43.42,-10.3522,43.42,11,27.3,false
30,OldGuard4,W05,3.77,1.8672,0.00,14,50.0,true
35,Base5,W00,599.40,11.0052,0.00,13,69.2,true
35,Base5,W01,1323.65,7.7768,0.00,10,60.0,true
35,Base5,W02,434.79,19.0870,0.00,12,83.3,true
35,Base5,W03,122.51,7.6010,0.00,14,64.3,true
35,Base5,W04,17.32,3.4237,0.00,11,63.6,true
35,Base5,W05,-24.31,-1.4639,24.31,12,33.3,false
35,NoDOGE,W00,599.40,11.0052,0.00,13,69.2,true
35,NoDOGE,W01,-26.12,-5.4957,26.12,8,37.5,false
35,NoDOGE,W02,105.95,7.4708,0.00,12,58.3,true
35,NoDOGE,W03,292.79,13.6776,0.00,14,71.4,true
35,NoDOGE,W04,17.32,3.4237,0.00,11,63.6,true
35,NoDOGE,W05,-23.22,-1.3181,23.22,12,33.3,false
35,Legacy4,W00,93.77,8.6758,0.00,13,61.5,true
35,Legacy4,W01,30.62,3.9676,0.00,12,50.0,true
35,Legacy4,W02,343.87,11.4541,0.00,11,72.7,true
35,Legacy4,W03,0.64,2.7563,0.00,14,57.1,true
35,Legacy4,W04,27.23,4.4867,0.00,11,63.6,true
35,Legacy4,W05,-51.78,-5.6156,51.78,13,30.8,false
35,Legacy5BNB,W00,184.82,11.6683,0.00,13,69.2,true
35,Legacy5BNB,W01,52.83,6.1940,0.00,10,50.0,true
35,Legacy5BNB,W02,114.46,13.4770,0.00,11,63.6,true
35,Legacy5BNB,W03,138.85,9.4788,0.00,13,61.5,true
35,Legacy5BNB,W04,66.73,9.9893,0.00,9,55.6,true
35,Legacy5BNB,W05,-59.20,-14.0154,59.20,11,36.4,false
35,OldGuardNoBNB,W00,254.92,10.0152,0.00,13,61.5,true
35,OldGuardNoBNB,W01,-49.72,-7.0402,49.72,12,41.7,false
35,OldGuardNoBNB,W02,343.87,11.4541,0.00,11,72.7,true
35,OldGuardNoBNB,W03,0.64,2.7563,0.00,14,57.1,true
35,OldGuardNoBNB,W04,27.23,4.4867,0.00,11,63.6,true
35,OldGuardNoBNB,W05,-71.84,-12.9130,71.84,13,30.8,false
35,LargeCaps5,W00,599.40,11.0052,0.00,13,69.2,true
35,LargeCaps5,W01,-26.12,-5.4957,26.12,8,37.5,false
35,LargeCaps5,W02,105.95,7.4708,0.00,12,58.3,true
35,LargeCaps5,W03,165.03,10.0633,0.00,12,75.0,true
35,LargeCaps5,W04,0.45,1.5685,0.00,11,54.5,true
35,LargeCaps5,W05,-23.22,-1.3181,23.22,12,33.3,false
35,Legacy3,W00,288.73,13.8602,0.00,13,69.2,true
35,Legacy3,W01,70.94,7.0989,0.00,12,75.0,true
35,Legacy3,W02,202.43,7.4127,0.00,14,50.0,true
35,Legacy3,W03,148.65,7.8973,0.00,14,50.0,true
35,Legacy3,W04,-34.03,-7.1606,34.03,10,40.0,false
35,Legacy3,W05,-25.49,-1.4197,25.49,13,46.2,false
35,LowVolume5,W00,388.98,12.0992,0.00,14,71.4,true
35,LowVolume5,W01,44.45,5.9140,0.00,12,66.7,true
35,LowVolume5,W02,167.96,7.6812,0.00,14,57.1,true
35,LowVolume5,W03,467.71,9.6719,0.00,14,50.0,true
35,LowVolume5,W04,-59.72,-7.0243,59.72,12,41.7,false
35,LowVolume5,W05,-29.14,-1.3684,29.14,15,40.0,false
35,OldGuard4,W00,166.04,8.5478,0.00,13,61.5,true
35,OldGuard4,W01,28.84,6.1041,0.00,11,63.6,true
35,OldGuard4,W02,145.76,6.3047,0.00,14,42.9,true
35,OldGuard4,W03,148.65,7.8973,0.00,14,50.0,true
35,OldGuard4,W04,-43.42,-10.3522,43.42,11,27.3,false
35,OldGuard4,W05,3.77,1.8672,0.00,14,50.0,true
40,Base5,W00,599.40,11.0052,0.00,13,69.2,true
40,Base5,W01,1323.65,7.7768,0.00,10,60.0,true
40,Base5,W02,434.79,19.0870,0.00,12,83.3,true
40,Base5,W03,122.51,7.6010,0.00,14,64.3,true
40,Base5,W04,17.32,3.4237,0.00,11,63.6,true
40,Base5,W05,-24.31,-1.4639,24.31,12,33.3,false
40,NoDOGE,W00,599.40,11.0052,0.00,13,69.2,true
40,NoDOGE,W01,-26.12,-5.4957,26.12,8,37.5,false
40,NoDOGE,W02,105.95,7.4708,0.00,12,58.3,true
40,NoDOGE,W03,292.79,13.6776,0.00,14,71.4,true
40,NoDOGE,W04,17.32,3.4237,0.00,11,63.6,true
40,NoDOGE,W05,-23.22,-1.3181,23.22,12,33.3,false
40,Legacy4,W00,93.77,8.6758,0.00,13,61.5,true
40,Legacy4,W01,30.62,3.9676,0.00,12,50.0,true
40,Legacy4,W02,343.87,11.4541,0.00,11,72.7,true
40,Legacy4,W03,0.64,2.7563,0.00,14,57.1,true
40,Legacy4,W04,27.23,4.4867,0.00,11,63.6,true
40,Legacy4,W05,-51.78,-5.6156,51.78,13,30.8,false
40,Legacy5BNB,W00,184.82,11.6683,0.00,13,69.2,true
40,Legacy5BNB,W01,52.83,6.1940,0.00,10,50.0,true
40,Legacy5BNB,W02,114.46,13.4770,0.00,11,63.6,true
40,Legacy5BNB,W03,138.85,9.4788,0.00,13,61.5,true
40,Legacy5BNB,W04,66.73,9.9893,0.00,9,55.6,true
40,Legacy5BNB,W05,-59.20,-14.0154,59.20,11,36.4,false
40,OldGuardNoBNB,W00,254.92,10.0152,0.00,13,61.5,true
40,OldGuardNoBNB,W01,-49.72,-7.0402,49.72,12,41.7,false
40,OldGuardNoBNB,W02,343.87,11.4541,0.00,11,72.7,true
40,OldGuardNoBNB,W03,0.64,2.7563,0.00,14,57.1,true
40,OldGuardNoBNB,W04,27.23,4.4867,0.00,11,63.6,true
40,OldGuardNoBNB,W05,-71.84,-12.9130,71.84,13,30.8,false
40,LargeCaps5,W00,599.40,11.0052,0.00,13,69.2,true
40,LargeCaps5,W01,-26.12,-5.4957,26.12,8,37.5,false
40,LargeCaps5,W02,105.95,7.4708,0.00,12,58.3,true
40,LargeCaps5,W03,165.03,10.0633,0.00,12,75.0,true
40,LargeCaps5,W04,0.45,1.5685,0.00,11,54.5,true
40,LargeCaps5,W05,-23.22,-1.3181,23.22,12,33.3,false
40,Legacy3,W00,288.73,13.8602,0.00,13,69.2,true
40,Legacy3,W01,70.94,7.0989,0.00,12,75.0,true
40,Legacy3,W02,202.43,7.4127,0.00,14,50.0,true
40,Legacy3,W03,148.65,7.8973,0.00,14,50.0,true
40,Legacy3,W04,-34.03,-7.1606,34.03,10,40.0,false
40,Legacy3,W05,-25.49,-1.4197,25.49,13,46.2,false
40,LowVolume5,W00,388.98,12.0992,0.00,14,71.4,true
40,LowVolume5,W01,44.45,5.9140,0.00,12,66.7,true
40,LowVolume5,W02,167.96,7.6812,0.00,14,57.1,true
40,LowVolume5,W03,467.71,9.6719,0.00,14,50.0,true
40,LowVolume5,W04,-59.72,-7.0243,59.72,12,41.7,false
40,LowVolume5,W05,-29.14,-1.3684,29.14,15,40.0,false
40,OldGuard4,W00,166.04,8.5478,0.00,13,61.5,true
40,OldGuard4,W01,28.84,6.1041,0.00,11,63.6,true
40,OldGuard4,W02,145.76,6.3047,0.00,14,42.9,true
40,OldGuard4,W03,148.65,7.8973,0.00,14,50.0,true
40,OldGuard4,W04,-43.42,-10.3522,43.42,11,27.3,false
40,OldGuard4,W05,3.77,1.8672,0.00,14,50.0,true
45,Base5,W00,599.40,11.0052,0.00,13,69.2,true
45,Base5,W01,1323.65,7.7768,0.00,10,60.0,true
45,Base5,W02,434.79,19.0870,0.00,12,83.3,true
45,Base5,W03,122.51,7.6010,0.00,14,64.3,true
45,Base5,W04,17.32,3.4237,0.00,11,63.6,true
45,Base5,W05,-24.31,-1.4639,24.31,12,33.3,false
45,NoDOGE,W00,599.40,11.0052,0.00,13,69.2,true
45,NoDOGE,W01,-26.12,-5.4957,26.12,8,37.5,false
45,NoDOGE,W02,105.95,7.4708,0.00,12,58.3,true
45,NoDOGE,W03,292.79,13.6776,0.00,14,71.4,true
45,NoDOGE,W04,17.32,3.4237,0.00,11,63.6,true
45,NoDOGE,W05,-23.22,-1.3181,23.22,12,33.3,false
45,Legacy4,W00,93.77,8.6758,0.00,13,61.5,true
45,Legacy4,W01,30.62,3.9676,0.00,12,50.0,true
45,Legacy4,W02,343.87,11.4541,0.00,11,72.7,true
45,Legacy4,W03,0.64,2.7563,0.00,14,57.1,true
45,Legacy4,W04,27.23,4.4867,0.00,11,63.6,true
45,Legacy4,W05,-51.78,-5.6156,51.78,13,30.8,false
45,Legacy5BNB,W00,184.82,11.6683,0.00,13,69.2,true
45,Legacy5BNB,W01,52.83,6.1940,0.00,10,50.0,true
45,Legacy5BNB,W02,114.46,13.4770,0.00,11,63.6,true
45,Legacy5BNB,W03,138.85,9.4788,0.00,13,61.5,true
45,Legacy5BNB,W04,66.73,9.9893,0.00,9,55.6,true
45,Legacy5BNB,W05,-59.20,-14.0154,59.20,11,36.4,false
45,OldGuardNoBNB,W00,254.92,10.0152,0.00,13,61.5,true
45,OldGuardNoBNB,W01,-49.72,-7.0402,49.72,12,41.7,false
45,OldGuardNoBNB,W02,343.87,11.4541,0.00,11,72.7,true
45,OldGuardNoBNB,W03,0.64,2.7563,0.00,14,57.1,true
45,OldGuardNoBNB,W04,27.23,4.4867,0.00,11,63.6,true
45,OldGuardNoBNB,W05,-71.84,-12.9130,71.84,13,30.8,false
45,LargeCaps5,W00,599.40,11.0052,0.00,13,69.2,true
45,LargeCaps5,W01,-26.12,-5.4957,26.12,8,37.5,false
45,LargeCaps5,W02,105.95,7.4708,0.00,12,58.3,true
45,LargeCaps5,W03,165.03,10.0633,0.00,12,75.0,true
45,LargeCaps5,W04,0.45,1.5685,0.00,11,54.5,true
45,LargeCaps5,W05,-23.22,-1.3181,23.22,12,33.3,false
45,Legacy3,W00,288.73,13.8602,0.00,13,69.2,true
45,Legacy3,W01,70.94,7.0989,0.00,12,75.0,true
45,Legacy3,W02,202.43,7.4127,0.00,14,50.0,true
45,Legacy3,W03,148.65,7.8973,0.00,14,50.0,true
45,Legacy3,W04,-34.03,-7.1606,34.03,10,40.0,false
45,Legacy3,W05,-25.49,-1.4197,25.49,13,46.2,false
45,LowVolume5,W00,388.98,12.0992,0.00,14,71.4,true
45,LowVolume5,W01,44.45,5.9140,0.00,12,66.7,true
45,LowVolume5,W02,167.96,7.6812,0.00,14,57.1,true
45,LowVolume5,W03,467.71,9.6719,0.00,14,50.0,true
45,LowVolume5,W04,-59.72,-7.0243,59.72,12,41.7,false
45,LowVolume5,W05,-29.14,-1.3684,29.14,15,40.0,false
45,OldGuard4,W00,166.04,8.5478,0.00,13,61.5,true
45,OldGuard4,W01,28.84,6.1041,0.00,11,63.6,true
45,OldGuard4,W02,145.76,6.3047,0.00,14,42.9,true
45,OldGuard4,W03,148.65,7.8973,0.00,14,50.0,true
45,OldGuard4,W04,-43.42,-10.3522,43.42,11,27.3,false
45,OldGuard4,W05,3.77,1.8672,0.00,14,50.0,true
50,Base5,W00,599.40,11.0052,0.00,13,69.2,true
50,Base5,W01,1323.65,7.7768,0.00,10,60.0,true
50,Base5,W02,434.79,19.0870,0.00,12,83.3,true
50,Base5,W03,122.51,7.6010,0.00,14,64.3,true
50,Base5,W04,17.32,3.4237,0.00,11,63.6,true
50,Base5,W05,-24.31,-1.4639,24.31,12,33.3,false
50,NoDOGE,W00,599.40,11.0052,0.00,13,69.2,true
50,NoDOGE,W01,-26.12,-5.4957,26.12,8,37.5,false
50,NoDOGE,W02,105.95,7.4708,0.00,12,58.3,true
50,NoDOGE,W03,292.79,13.6776,0.00,14,71.4,true
50,NoDOGE,W04,17.32,3.4237,0.00,11,63.6,true
50,NoDOGE,W05,-23.22,-1.3181,23.22,12,33.3,false
50,Legacy4,W00,93.77,8.6758,0.00,13,61.5,true
50,Legacy4,W01,30.62,3.9676,0.00,12,50.0,true
50,Legacy4,W02,343.87,11.4541,0.00,11,72.7,true
50,Legacy4,W03,0.64,2.7563,0.00,14,57.1,true
50,Legacy4,W04,27.23,4.4867,0.00,11,63.6,true
50,Legacy4,W05,-51.78,-5.6156,51.78,13,30.8,false
50,Legacy5BNB,W00,184.82,11.6683,0.00,13,69.2,true
50,Legacy5BNB,W01,52.83,6.1940,0.00,10,50.0,true
50,Legacy5BNB,W02,114.46,13.4770,0.00,11,63.6,true
50,Legacy5BNB,W03,138.85,9.4788,0.00,13,61.5,true
50,Legacy5BNB,W04,66.73,9.9893,0.00,9,55.6,true
50,Legacy5BNB,W05,-59.20,-14.0154,59.20,11,36.4,false
50,OldGuardNoBNB,W00,254.92,10.0152,0.00,13,61.5,true
50,OldGuardNoBNB,W01,-49.72,-7.0402,49.72,12,41.7,false
50,OldGuardNoBNB,W02,343.87,11.4541,0.00,11,72.7,true
50,OldGuardNoBNB,W03,0.64,2.7563,0.00,14,57.1,true
50,OldGuardNoBNB,W04,27.23,4.4867,0.00,11,63.6,true
50,OldGuardNoBNB,W05,-71.84,-12.9130,71.84,13,30.8,false
50,LargeCaps5,W00,599.40,11.0052,0.00,13,69.2,true
50,LargeCaps5,W01,-26.12,-5.4957,26.12,8,37.5,false
50,LargeCaps5,W02,105.95,7.4708,0.00,12,58.3,true
50,LargeCaps5,W03,165.03,10.0633,0.00,12,75.0,true
50,LargeCaps5,W04,0.45,1.5685,0.00,11,54.5,true
50,LargeCaps5,W05,-23.22,-1.3181,23.22,12,33.3,false
50,Legacy3,W00,288.73,13.8602,0.00,13,69.2,true
50,Legacy3,W01,70.94,7.0989,0.00,12,75.0,true
50,Legacy3,W02,202.43,7.4127,0.00,14,50.0,true
50,Legacy3,W03,148.65,7.8973,0.00,14,50.0,true
50,Legacy3,W04,-34.03,-7.1606,34.03,10,40.0,false
50,Legacy3,W05,-25.49,-1.4197,25.49,13,46.2,false
50,LowVolume5,W00,388.98,12.0992,0.00,14,71.4,true
50,LowVolume5,W01,44.45,5.9140,0.00,12,66.7,true
50,LowVolume5,W02,167.96,7.6812,0.00,14,57.1,true
50,LowVolume5,W03,467.71,9.6719,0.00,14,50.0,true
50,LowVolume5,W04,-59.72,-7.0243,59.72,12,41.7,false
50,LowVolume5,W05,-29.14,-1.3684,29.14,15,40.0,false
50,OldGuard4,W00,166.04,8.5478,0.00,13,61.5,true
50,OldGuard4,W01,28.84,6.1041,0.00,11,63.6,true
50,OldGuard4,W02,145.76,6.3047,0.00,14,42.9,true
50,OldGuard4,W03,148.65,7.8973,0.00,14,50.0,true
50,OldGuard4,W04,-43.42,-10.3522,43.42,11,27.3,false
50,OldGuard4,W05,3.77,1.8672,0.00,14,50.0,true
55,Base5,W00,599.40,11.0052,0.00,13,69.2,true
55,Base5,W01,1323.65,7.7768,0.00,10,60.0,true
55,Base5,W02,434.79,19.0870,0.00,12,83.3,true
55,Base5,W03,122.51,7.6010,0.00,14,64.3,true
55,Base5,W04,17.32,3.4237,0.00,11,63.6,true
55,Base5,W05,-24.31,-1.4639,24.31,12,33.3,false
55,NoDOGE,W00,599.40,11.0052,0.00,13,69.2,true
55,NoDOGE,W01,-26.12,-5.4957,26.12,8,37.5,false
55,NoDOGE,W02,105.95,7.4708,0.00,12,58.3,true
55,NoDOGE,W03,292.79,13.6776,0.00,14,71.4,true
55,NoDOGE,W04,17.32,3.4237,0.00,11,63.6,true
55,NoDOGE,W05,-23.22,-1.3181,23.22,12,33.3,false
55,Legacy4,W00,93.77,8.6758,0.00,13,61.5,true
55,Legacy4,W01,30.62,3.9676,0.00,12,50.0,true
55,Legacy4,W02,343.87,11.4541,0.00,11,72.7,true
55,Legacy4,W03,0.64,2.7563,0.00,14,57.1,true
55,Legacy4,W04,27.23,4.4867,0.00,11,63.6,true
55,Legacy4,W05,-51.78,-5.6156,51.78,13,30.8,false
55,Legacy5BNB,W00,184.82,11.6683,0.00,13,69.2,true
55,Legacy5BNB,W01,52.83,6.1940,0.00,10,50.0,true
55,Legacy5BNB,W02,114.46,13.4770,0.00,11,63.6,true
55,Legacy5BNB,W03,138.85,9.4788,0.00,13,61.5,true
55,Legacy5BNB,W04,66.73,9.9893,0.00,9,55.6,true
55,Legacy5BNB,W05,-59.20,-14.0154,59.20,11,36.4,false
55,OldGuardNoBNB,W00,254.92,10.0152,0.00,13,61.5,true
55,OldGuardNoBNB,W01,-49.72,-7.0402,49.72,12,41.7,false
55,OldGuardNoBNB,W02,343.87,11.4541,0.00,11,72.7,true
55,OldGuardNoBNB,W03,0.64,2.7563,0.00,14,57.1,true
55,OldGuardNoBNB,W04,27.23,4.4867,0.00,11,63.6,true
55,OldGuardNoBNB,W05,-71.84,-12.9130,71.84,13,30.8,false
55,LargeCaps5,W00,599.40,11.0052,0.00,13,69.2,true
55,LargeCaps5,W01,-26.12,-5.4957,26.12,8,37.5,false
55,LargeCaps5,W02,105.95,7.4708,0.00,12,58.3,true
55,LargeCaps5,W03,165.03,10.0633,0.00,12,75.0,true
55,LargeCaps5,W04,0.45,1.5685,0.00,11,54.5,true
55,LargeCaps5,W05,-23.22,-1.3181,23.22,12,33.3,false
55,Legacy3,W00,288.73,13.8602,0.00,13,69.2,true
55,Legacy3,W01,70.94,7.0989,0.00,12,75.0,true
55,Legacy3,W02,202.43,7.4127,0.00,14,50.0,true
55,Legacy3,W03,148.65,7.8973,0.00,14,50.0,true
55,Legacy3,W04,-34.03,-7.1606,34.03,10,40.0,false
55,Legacy3,W05,-25.49,-1.4197,25.49,13,46.2,false
55,LowVolume5,W00,388.98,12.0992,0.00,14,71.4,true
55,LowVolume5,W01,44.45,5.9140,0.00,12,66.7,true
55,LowVolume5,W02,167.96,7.6812,0.00,14,57.1,true
55,LowVolume5,W03,467.71,9.6719,0.00,14,50.0,true
55,LowVolume5,W04,-59.72,-7.0243,59.72,12,41.7,false
55,LowVolume5,W05,-29.14,-1.3684,29.14,15,40.0,false
55,OldGuard4,W00,166.04,8.5478,0.00,13,61.5,true
55,OldGuard4,W01,28.84,6.1041,0.00,11,63.6,true
55,OldGuard4,W02,145.76,6.3047,0.00,14,42.9,true
55,OldGuard4,W03,148.65,7.8973,0.00,14,50.0,true
55,OldGuard4,W04,-43.42,-10.3522,43.42,11,27.3,false
55,OldGuard4,W05,3.77,1.8672,0.00,14,50.0,true
60,Base5,W00,599.40,11.0052,0.00,13,69.2,true
60,Base5,W01,1323.65,7.7768,0.00,10,60.0,true
60,Base5,W02,434.79,19.0870,0.00,12,83.3,true
60,Base5,W03,122.51,7.6010,0.00,14,64.3,true
60,Base5,W04,17.32,3.4237,0.00,11,63.6,true
60,Base5,W05,-24.31,-1.4639,24.31,12,33.3,false
60,NoDOGE,W00,599.40,11.0052,0.00,13,69.2,true
60,NoDOGE,W01,-26.12,-5.4957,26.12,8,37.5,false
60,NoDOGE,W02,105.95,7.4708,0.00,12,58.3,true
60,NoDOGE,W03,292.79,13.6776,0.00,14,71.4,true
60,NoDOGE,W04,17.32,3.4237,0.00,11,63.6,true
60,NoDOGE,W05,-23.22,-1.3181,23.22,12,33.3,false
60,Legacy4,W00,93.77,8.6758,0.00,13,61.5,true
60,Legacy4,W01,30.62,3.9676,0.00,12,50.0,true
60,Legacy4,W02,343.87,11.4541,0.00,11,72.7,true
60,Legacy4,W03,0.64,2.7563,0.00,14,57.1,true
60,Legacy4,W04,27.23,4.4867,0.00,11,63.6,true
60,Legacy4,W05,-51.78,-5.6156,51.78,13,30.8,false
60,Legacy5BNB,W00,184.82,11.6683,0.00,13,69.2,true
60,Legacy5BNB,W01,52.83,6.1940,0.00,10,50.0,true
60,Legacy5BNB,W02,114.46,13.4770,0.00,11,63.6,true
60,Legacy5BNB,W03,138.85,9.4788,0.00,13,61.5,true
60,Legacy5BNB,W04,66.73,9.9893,0.00,9,55.6,true
60,Legacy5BNB,W05,-59.20,-14.0154,59.20,11,36.4,false
60,OldGuardNoBNB,W00,254.92,10.0152,0.00,13,61.5,true
60,OldGuardNoBNB,W01,-49.72,-7.0402,49.72,12,41.7,false
60,OldGuardNoBNB,W02,343.87,11.4541,0.00,11,72.7,true
60,OldGuardNoBNB,W03,0.64,2.7563,0.00,14,57.1,true
60,OldGuardNoBNB,W04,27.23,4.4867,0.00,11,63.6,true
60,OldGuardNoBNB,W05,-71.84,-12.9130,71.84,13,30.8,false
60,LargeCaps5,W00,599.40,11.0052,0.00,13,69.2,true
60,LargeCaps5,W01,-26.12,-5.4957,26.12,8,37.5,false
60,LargeCaps5,W02,105.95,7.4708,0.00,12,58.3,true
60,LargeCaps5,W03,165.03,10.0633,0.00,12,75.0,true
60,LargeCaps5,W04,0.45,1.5685,0.00,11,54.5,true
60,LargeCaps5,W05,-23.22,-1.3181,23.22,12,33.3,false
60,Legacy3,W00,288.73,13.8602,0.00,13,69.2,true
60,Legacy3,W01,70.94,7.0989,0.00,12,75.0,true
60,Legacy3,W02,202.43,7.4127,0.00,14,50.0,true
60,Legacy3,W03,148.65,7.8973,0.00,14,50.0,true
60,Legacy3,W04,-34.03,-7.1606,34.03,10,40.0,false
60,Legacy3,W05,-25.49,-1.4197,25.49,13,46.2,false
60,LowVolume5,W00,388.98,12.0992,0.00,14,71.4,true
60,LowVolume5,W01,44.45,5.9140,0.00,12,66.7,true
60,LowVolume5,W02,167.96,7.6812,0.00,14,57.1,true
60,LowVolume5,W03,467.71,9.6719,0.00,14,50.0,true
60,LowVolume5,W04,-59.72,-7.0243,59.72,12,41.7,false
60,LowVolume5,W05,-29.14,-1.3684,29.14,15,40.0,false
60,OldGuard4,W00,166.04,8.5478,0.00,13,61.5,true
60,OldGuard4,W01,28.84,6.1041,0.00,11,63.6,true
60,OldGuard4,W02,145.76,6.3047,0.00,14,42.9,true
60,OldGuard4,W03,148.65,7.8973,0.00,14,50.0,true
60,OldGuard4,W04,-43.42,-10.3522,43.42,11,27.3,false
60,OldGuard4,W05,3.77,1.8672,0.00,14,50.0,true
65,Base5,W00,599.40,11.0052,0.00,13,69.2,true
65,Base5,W01,1323.65,7.7768,0.00,10,60.0,true
65,Base5,W02,434.79,19.0870,0.00,12,83.3,true
65,Base5,W03,122.51,7.6010,0.00,14,64.3,true
65,Base5,W04,17.32,3.4237,0.00,11,63.6,true
65,Base5,W05,-24.31,-1.4639,24.31,12,33.3,false
65,NoDOGE,W00,599.40,11.0052,0.00,13,69.2,true
65,NoDOGE,W01,-26.12,-5.4957,26.12,8,37.5,false
65,NoDOGE,W02,105.95,7.4708,0.00,12,58.3,true
65,NoDOGE,W03,292.79,13.6776,0.00,14,71.4,true
65,NoDOGE,W04,17.32,3.4237,0.00,11,63.6,true
65,NoDOGE,W05,-23.22,-1.3181,23.22,12,33.3,false
65,Legacy4,W00,93.77,8.6758,0.00,13,61.5,true
65,Legacy4,W01,30.62,3.9676,0.00,12,50.0,true
65,Legacy4,W02,343.87,11.4541,0.00,11,72.7,true
65,Legacy4,W03,0.64,2.7563,0.00,14,57.1,true
65,Legacy4,W04,27.23,4.4867,0.00,11,63.6,true
65,Legacy4,W05,-51.78,-5.6156,51.78,13,30.8,false
65,Legacy5BNB,W00,184.82,11.6683,0.00,13,69.2,true
65,Legacy5BNB,W01,52.83,6.1940,0.00,10,50.0,true
65,Legacy5BNB,W02,114.46,13.4770,0.00,11,63.6,true
65,Legacy5BNB,W03,138.85,9.4788,0.00,13,61.5,true
65,Legacy5BNB,W04,66.73,9.9893,0.00,9,55.6,true
65,Legacy5BNB,W05,-59.20,-14.0154,59.20,11,36.4,false
65,OldGuardNoBNB,W00,254.92,10.0152,0.00,13,61.5,true
65,OldGuardNoBNB,W01,-49.72,-7.0402,49.72,12,41.7,false
65,OldGuardNoBNB,W02,343.87,11.4541,0.00,11,72.7,true
65,OldGuardNoBNB,W03,0.64,2.7563,0.00,14,57.1,true
65,OldGuardNoBNB,W04,27.23,4.4867,0.00,11,63.6,true
65,OldGuardNoBNB,W05,-71.84,-12.9130,71.84,13,30.8,false
65,LargeCaps5,W00,599.40,11.0052,0.00,13,69.2,true
65,LargeCaps5,W01,-26.12,-5.4957,26.12,8,37.5,false
65,LargeCaps5,W02,105.95,7.4708,0.00,12,58.3,true
65,LargeCaps5,W03,165.03,10.0633,0.00,12,75.0,true
65,LargeCaps5,W04,0.45,1.5685,0.00,11,54.5,true
65,LargeCaps5,W05,-23.22,-1.3181,23.22,12,33.3,false
65,Legacy3,W00,288.73,13.8602,0.00,13,69.2,true
65,Legacy3,W01,70.94,7.0989,0.00,12,75.0,true
65,Legacy3,W02,202.43,7.4127,0.00,14,50.0,true
65,Legacy3,W03,148.65,7.8973,0.00,14,50.0,true
65,Legacy3,W04,-34.03,-7.1606,34.03,10,40.0,false
65,Legacy3,W05,-25.49,-1.4197,25.49,13,46.2,false
65,LowVolume5,W00,388.98,12.0992,0.00,14,71.4,true
65,LowVolume5,W01,44.45,5.9140,0.00,12,66.7,true
65,LowVolume5,W02,167.96,7.6812,0.00,14,57.1,true
65,LowVolume5,W03,467.71,9.6719,0.00,14,50.0,true
65,LowVolume5,W04,-59.72,-7.0243,59.72,12,41.7,false
65,LowVolume5,W05,-29.14,-1.3684,29.14,15,40.0,false
65,OldGuard4,W00,166.04,8.5478,0.00,13,61.5,true
65,OldGuard4,W01,28.84,6.1041,0.00,11,63.6,true
65,OldGuard4,W02,145.76,6.3047,0.00,14,42.9,true
65,OldGuard4,W03,148.65,7.8973,0.00,14,50.0,true
65,OldGuard4,W04,-43.42,-10.3522,43.42,11,27.3,false
65,OldGuard4,W05,3.77,1.8672,0.00,14,50.0,true
70,Base5,W00,599.40,11.0052,0.00,13,69.2,true
70,Base5,W01,1323.65,7.7768,0.00,10,60.0,true
70,Base5,W02,434.79,19.0870,0.00,12,83.3,true
70,Base5,W03,122.51,7.6010,0.00,14,64.3,true
70,Base5,W04,17.32,3.4237,0.00,11,63.6,true
70,Base5,W05,-24.31,-1.4639,24.31,12,33.3,false
70,NoDOGE,W00,599.40,11.0052,0.00,13,69.2,true
70,NoDOGE,W01,-26.12,-5.4957,26.12,8,37.5,false
70,NoDOGE,W02,105.95,7.4708,0.00,12,58.3,true
70,NoDOGE,W03,292.79,13.6776,0.00,14,71.4,true
70,NoDOGE,W04,17.32,3.4237,0.00,11,63.6,true
70,NoDOGE,W05,-23.22,-1.3181,23.22,12,33.3,false
70,Legacy4,W00,93.77,8.6758,0.00,13,61.5,true
70,Legacy4,W01,30.62,3.9676,0.00,12,50.0,true
70,Legacy4,W02,343.87,11.4541,0.00,11,72.7,true
70,Legacy4,W03,0.64,2.7563,0.00,14,57.1,true
70,Legacy4,W04,27.23,4.4867,0.00,11,63.6,true
70,Legacy4,W05,-51.78,-5.6156,51.78,13,30.8,false
70,Legacy5BNB,W00,184.82,11.6683,0.00,13,69.2,true
70,Legacy5BNB,W01,52.83,6.1940,0.00,10,50.0,true
70,Legacy5BNB,W02,114.46,13.4770,0.00,11,63.6,true
70,Legacy5BNB,W03,138.85,9.4788,0.00,13,61.5,true
70,Legacy5BNB,W04,66.73,9.9893,0.00,9,55.6,true
70,Legacy5BNB,W05,-59.20,-14.0154,59.20,11,36.4,false
70,OldGuardNoBNB,W00,254.92,10.0152,0.00,13,61.5,true
70,OldGuardNoBNB,W01,-49.72,-7.0402,49.72,12,41.7,false
70,OldGuardNoBNB,W02,343.87,11.4541,0.00,11,72.7,true
70,OldGuardNoBNB,W03,0.64,2.7563,0.00,14,57.1,true
70,OldGuardNoBNB,W04,27.23,4.4867,0.00,11,63.6,true
70,OldGuardNoBNB,W05,-71.84,-12.9130,71.84,13,30.8,false
70,LargeCaps5,W00,599.40,11.0052,0.00,13,69.2,true
70,LargeCaps5,W01,-26.12,-5.4957,26.12,8,37.5,false
70,LargeCaps5,W02,105.95,7.4708,0.00,12,58.3,true
70,LargeCaps5,W03,165.03,10.0633,0.00,12,75.0,true
70,LargeCaps5,W04,0.45,1.5685,0.00,11,54.5,true
70,LargeCaps5,W05,-23.22,-1.3181,23.22,12,33.3,false
70,Legacy3,W00,288.73,13.8602,0.00,13,69.2,true
70,Legacy3,W01,70.94,7.0989,0.00,12,75.0,true
70,Legacy3,W02,202.43,7.4127,0.00,14,50.0,true
70,Legacy3,W03,148.65,7.8973,0.00,14,50.0,true
70,Legacy3,W04,-34.03,-7.1606,34.03,10,40.0,false
70,Legacy3,W05,-25.49,-1.4197,25.49,13,46.2,false
70,LowVolume5,W00,388.98,12.0992,0.00,14,71.4,true
70,LowVolume5,W01,44.45,5.9140,0.00,12,66.7,true
70,LowVolume5,W02,167.96,7.6812,0.00,14,57.1,true
70,LowVolume5,W03,467.71,9.6719,0.00,14,50.0,true
70,LowVolume5,W04,-59.72,-7.0243,59.72,12,41.7,false
70,LowVolume5,W05,-29.14,-1.3684,29.14,15,40.0,false
70,OldGuard4,W00,166.04,8.5478,0.00,13,61.5,true
70,OldGuard4,W01,28.84,6.1041,0.00,11,63.6,true
70,OldGuard4,W02,145.76,6.3047,0.00,14,42.9,true
70,OldGuard4,W03,148.65,7.8973,0.00,14,50.0,true
70,OldGuard4,W04,-43.42,-10.3522,43.42,11,27.3,false
70,OldGuard4,W05,3.77,1.8672,0.00,14,50.0,true
75,Base5,W00,599.40,11.0052,0.00,13,69.2,true
75,Base5,W01,1323.65,7.7768,0.00,10,60.0,true
75,Base5,W02,434.79,19.0870,0.00,12,83.3,true
75,Base5,W03,122.51,7.6010,0.00,14,64.3,true
75,Base5,W04,17.32,3.4237,0.00,11,63.6,true
75,Base5,W05,-24.31,-1.4639,24.31,12,33.3,false
75,NoDOGE,W00,599.40,11.0052,0.00,13,69.2,true
75,NoDOGE,W01,-26.12,-5.4957,26.12,8,37.5,false
75,NoDOGE,W02,105.95,7.4708,0.00,12,58.3,true
75,NoDOGE,W03,292.79,13.6776,0.00,14,71.4,true
75,NoDOGE,W04,17.32,3.4237,0.00,11,63.6,true
75,NoDOGE,W05,-23.22,-1.3181,23.22,12,33.3,false
75,Legacy4,W00,93.77,8.6758,0.00,13,61.5,true
75,Legacy4,W01,30.62,3.9676,0.00,12,50.0,true
75,Legacy4,W02,343.87,11.4541,0.00,11,72.7,true
75,Legacy4,W03,0.64,2.7563,0.00,14,57.1,true
75,Legacy4,W04,27.23,4.4867,0.00,11,63.6,true
75,Legacy4,W05,-51.78,-5.6156,51.78,13,30.8,false
75,Legacy5BNB,W00,184.82,11.6683,0.00,13,69.2,true
75,Legacy5BNB,W01,52.83,6.1940,0.00,10,50.0,true
75,Legacy5BNB,W02,114.46,13.4770,0.00,11,63.6,true
75,Legacy5BNB,W03,138.85,9.4788,0.00,13,61.5,true
75,Legacy5BNB,W04,66.73,9.9893,0.00,9,55.6,true
75,Legacy5BNB,W05,-59.20,-14.0154,59.20,11,36.4,false
75,OldGuardNoBNB,W00,254.92,10.0152,0.00,13,61.5,true
75,OldGuardNoBNB,W01,-49.72,-7.0402,49.72,12,41.7,false
75,OldGuardNoBNB,W02,343.87,11.4541,0.00,11,72.7,true
75,OldGuardNoBNB,W03,0.64,2.7563,0.00,14,57.1,true
75,OldGuardNoBNB,W04,27.23,4.4867,0.00,11,63.6,true
75,OldGuardNoBNB,W05,-71.84,-12.9130,71.84,13,30.8,false
75,LargeCaps5,W00,599.40,11.0052,0.00,13,69.2,true
75,LargeCaps5,W01,-26.12,-5.4957,26.12,8,37.5,false
75,LargeCaps5,W02,105.95,7.4708,0.00,12,58.3,true
75,LargeCaps5,W03,165.03,10.0633,0.00,12,75.0,true
75,LargeCaps5,W04,0.45,1.5685,0.00,11,54.5,true
75,LargeCaps5,W05,-23.22,-1.3181,23.22,12,33.3,false
75,Legacy3,W00,288.73,13.8602,0.00,13,69.2,true
75,Legacy3,W01,70.94,7.0989,0.00,12,75.0,true
75,Legacy3,W02,202.43,7.4127,0.00,14,50.0,true
75,Legacy3,W03,148.65,7.8973,0.00,14,50.0,true
75,Legacy3,W04,-34.03,-7.1606,34.03,10,40.0,false
75,Legacy3,W05,-25.49,-1.4197,25.49,13,46.2,false
75,LowVolume5,W00,388.98,12.0992,0.00,14,71.4,true
75,LowVolume5,W01,44.45,5.9140,0.00,12,66.7,true
75,LowVolume5,W02,167.96,7.6812,0.00,14,57.1,true
75,LowVolume5,W03,467.71,9.6719,0.00,14,50.0,true
75,LowVolume5,W04,-59.72,-7.0243,59.72,12,41.7,false
75,LowVolume5,W05,-29.14,-1.3684,29.14,15,40.0,false
75,OldGuard4,W00,166.04,8.5478,0.00,13,61.5,true
75,OldGuard4,W01,28.84,6.1041,0.00,11,63.6,true
75,OldGuard4,W02,145.76,6.3047,0.00,14,42.9,true
75,OldGuard4,W03,148.65,7.8973,0.00,14,50.0,true
75,OldGuard4,W04,-43.42,-10.3522,43.42,11,27.3,false
75,OldGuard4,W05,3.77,1.8672,0.00,14,50.0,true
80,Base5,W00,599.40,11.0052,0.00,13,69.2,true
80,Base5,W01,1323.65,7.7768,0.00,10,60.0,true
80,Base5,W02,434.79,19.0870,0.00,12,83.3,true
80,Base5,W03,122.51,7.6010,0.00,14,64.3,true
80,Base5,W04,17.32,3.4237,0.00,11,63.6,true
80,Base5,W05,-24.31,-1.4639,24.31,12,33.3,false
80,NoDOGE,W00,599.40,11.0052,0.00,13,69.2,true
80,NoDOGE,W01,-26.12,-5.4957,26.12,8,37.5,false
80,NoDOGE,W02,105.95,7.4708,0.00,12,58.3,true
80,NoDOGE,W03,292.79,13.6776,0.00,14,71.4,true
80,NoDOGE,W04,17.32,3.4237,0.00,11,63.6,true
80,NoDOGE,W05,-23.22,-1.3181,23.22,12,33.3,false
80,Legacy4,W00,93.77,8.6758,0.00,13,61.5,true
80,Legacy4,W01,30.62,3.9676,0.00,12,50.0,true
80,Legacy4,W02,343.87,11.4541,0.00,11,72.7,true
80,Legacy4,W03,0.64,2.7563,0.00,14,57.1,true
80,Legacy4,W04,27.23,4.4867,0.00,11,63.6,true
80,Legacy4,W05,-51.78,-5.6156,51.78,13,30.8,false
80,Legacy5BNB,W00,184.82,11.6683,0.00,13,69.2,true
80,Legacy5BNB,W01,52.83,6.1940,0.00,10,50.0,true
80,Legacy5BNB,W02,114.46,13.4770,0.00,11,63.6,true
80,Legacy5BNB,W03,138.85,9.4788,0.00,13,61.5,true
80,Legacy5BNB,W04,66.73,9.9893,0.00,9,55.6,true
80,Legacy5BNB,W05,-59.20,-14.0154,59.20,11,36.4,false
80,OldGuardNoBNB,W00,254.92,10.0152,0.00,13,61.5,true
80,OldGuardNoBNB,W01,-49.72,-7.0402,49.72,12,41.7,false
80,OldGuardNoBNB,W02,343.87,11.4541,0.00,11,72.7,true
80,OldGuardNoBNB,W03,0.64,2.7563,0.00,14,57.1,true
80,OldGuardNoBNB,W04,27.23,4.4867,0.00,11,63.6,true
80,OldGuardNoBNB,W05,-71.84,-12.9130,71.84,13,30.8,false
80,LargeCaps5,W00,599.40,11.0052,0.00,13,69.2,true
80,LargeCaps5,W01,-26.12,-5.4957,26.12,8,37.5,false
80,LargeCaps5,W02,105.95,7.4708,0.00,12,58.3,true
80,LargeCaps5,W03,165.03,10.0633,0.00,12,75.0,true
80,LargeCaps5,W04,0.45,1.5685,0.00,11,54.5,true
80,LargeCaps5,W05,-23.22,-1.3181,23.22,12,33.3,false
80,Legacy3,W00,288.73,13.8602,0.00,13,69.2,true
80,Legacy3,W01,70.94,7.0989,0.00,12,75.0,true
80,Legacy3,W02,202.43,7.4127,0.00,14,50.0,true
80,Legacy3,W03,148.65,7.8973,0.00,14,50.0,true
80,Legacy3,W04,-34.03,-7.1606,34.03,10,40.0,false
80,Legacy3,W05,-25.49,-1.4197,25.49,13,46.2,false
80,LowVolume5,W00,388.98,12.0992,0.00,14,71.4,true
80,LowVolume5,W01,44.45,5.9140,0.00,12,66.7,true
80,LowVolume5,W02,167.96,7.6812,0.00,14,57.1,true
80,LowVolume5,W03,467.71,9.6719,0.00,14,50.0,true
80,LowVolume5,W04,-59.72,-7.0243,59.72,12,41.7,false
80,LowVolume5,W05,-29.14,-1.3684,29.14,15,40.0,false
80,OldGuard4,W00,166.04,8.5478,0.00,13,61.5,true
80,OldGuard4,W01,28.84,6.1041,0.00,11,63.6,true
80,OldGuard4,W02,145.76,6.3047,0.00,14,42.9,true
80,OldGuard4,W03,148.65,7.8973,0.00,14,50.0,true
80,OldGuard4,W04,-43.42,-10.3522,43.42,11,27.3,false
80,OldGuard4,W05,3.77,1.8672,0.00,14,50.0,true
85,Base5,W00,599.40,11.0052,0.00,13,69.2,true
85,Base5,W01,1323.65,7.7768,0.00,10,60.0,true
85,Base5,W02,434.79,19.0870,0.00,12,83.3,true
85,Base5,W03,122.51,7.6010,0.00,14,64.3,true
85,Base5,W04,17.32,3.4237,0.00,11,63.6,true
85,Base5,W05,-24.31,-1.4639,24.31,12,33.3,false
85,NoDOGE,W00,599.40,11.0052,0.00,13,69.2,true
85,NoDOGE,W01,-26.12,-5.4957,26.12,8,37.5,false
85,NoDOGE,W02,105.95,7.4708,0.00,12,58.3,true
85,NoDOGE,W03,292.79,13.6776,0.00,14,71.4,true
85,NoDOGE,W04,17.32,3.4237,0.00,11,63.6,true
85,NoDOGE,W05,-23.22,-1.3181,23.22,12,33.3,false
85,Legacy4,W00,93.77,8.6758,0.00,13,61.5,true
85,Legacy4,W01,30.62,3.9676,0.00,12,50.0,true
85,Legacy4,W02,343.87,11.4541,0.00,11,72.7,true
85,Legacy4,W03,0.64,2.7563,0.00,14,57.1,true
85,Legacy4,W04,27.23,4.4867,0.00,11,63.6,true
85,Legacy4,W05,-51.78,-5.6156,51.78,13,30.8,false
85,Legacy5BNB,W00,184.82,11.6683,0.00,13,69.2,true
85,Legacy5BNB,W01,52.83,6.1940,0.00,10,50.0,true
85,Legacy5BNB,W02,114.46,13.4770,0.00,11,63.6,true
85,Legacy5BNB,W03,138.85,9.4788,0.00,13,61.5,true
85,Legacy5BNB,W04,66.73,9.9893,0.00,9,55.6,true
85,Legacy5BNB,W05,-59.20,-14.0154,59.20,11,36.4,false
85,OldGuardNoBNB,W00,254.92,10.0152,0.00,13,61.5,true
85,OldGuardNoBNB,W01,-49.72,-7.0402,49.72,12,41.7,false
85,OldGuardNoBNB,W02,343.87,11.4541,0.00,11,72.7,true
85,OldGuardNoBNB,W03,0.64,2.7563,0.00,14,57.1,true
85,OldGuardNoBNB,W04,27.23,4.4867,0.00,11,63.6,true
85,OldGuardNoBNB,W05,-71.84,-12.9130,71.84,13,30.8,false
85,LargeCaps5,W00,599.40,11.0052,0.00,13,69.2,true
85,LargeCaps5,W01,-26.12,-5.4957,26.12,8,37.5,false
85,LargeCaps5,W02,105.95,7.4708,0.00,12,58.3,true
85,LargeCaps5,W03,165.03,10.0633,0.00,12,75.0,true
85,LargeCaps5,W04,0.45,1.5685,0.00,11,54.5,true
85,LargeCaps5,W05,-23.22,-1.3181,23.22,12,33.3,false
85,Legacy3,W00,288.73,13.8602,0.00,13,69.2,true
85,Legacy3,W01,70.94,7.0989,0.00,12,75.0,true
85,Legacy3,W02,202.43,7.4127,0.00,14,50.0,true
85,Legacy3,W03,148.65,7.8973,0.00,14,50.0,true
85,Legacy3,W04,-34.03,-7.1606,34.03,10,40.0,false
85,Legacy3,W05,-25.49,-1.4197,25.49,13,46.2,false
85,LowVolume5,W00,388.98,12.0992,0.00,14,71.4,true
85,LowVolume5,W01,44.45,5.9140,0.00,12,66.7,true
85,LowVolume5,W02,167.96,7.6812,0.00,14,57.1,true
85,LowVolume5,W03,467.71,9.6719,0.00,14,50.0,true
85,LowVolume5,W04,-59.72,-7.0243,59.72,12,41.7,false
85,LowVolume5,W05,-29.14,-1.3684,29.14,15,40.0,false
85,OldGuard4,W00,166.04,8.5478,0.00,13,61.5,true
85,OldGuard4,W01,28.84,6.1041,0.00,11,63.6,true
85,OldGuard4,W02,145.76,6.3047,0.00,14,42.9,true
85,OldGuard4,W03,148.65,7.8973,0.00,14,50.0,true
85,OldGuard4,W04,-43.42,-10.3522,43.42,11,27.3,false
85,OldGuard4,W05,3.77,1.8672,0.00,14,50.0,true
90,Base5,W00,599.40,11.0052,0.00,13,69.2,true
90,Base5,W01,1323.65,7.7768,0.00,10,60.0,true
90,Base5,W02,434.79,19.0870,0.00,12,83.3,true
90,Base5,W03,122.51,7.6010,0.00,14,64.3,true
90,Base5,W04,17.32,3.4237,0.00,11,63.6,true
90,Base5,W05,-24.31,-1.4639,24.31,12,33.3,false
90,NoDOGE,W00,599.40,11.0052,0.00,13,69.2,true
90,NoDOGE,W01,-26.12,-5.4957,26.12,8,37.5,false
90,NoDOGE,W02,105.95,7.4708,0.00,12,58.3,true
90,NoDOGE,W03,292.79,13.6776,0.00,14,71.4,true
90,NoDOGE,W04,17.32,3.4237,0.00,11,63.6,true
90,NoDOGE,W05,-23.22,-1.3181,23.22,12,33.3,false
90,Legacy4,W00,93.77,8.6758,0.00,13,61.5,true
90,Legacy4,W01,30.62,3.9676,0.00,12,50.0,true
90,Legacy4,W02,343.87,11.4541,0.00,11,72.7,true
90,Legacy4,W03,0.64,2.7563,0.00,14,57.1,true
90,Legacy4,W04,27.23,4.4867,0.00,11,63.6,true
90,Legacy4,W05,-51.78,-5.6156,51.78,13,30.8,false
90,Legacy5BNB,W00,184.82,11.6683,0.00,13,69.2,true
90,Legacy5BNB,W01,52.83,6.1940,0.00,10,50.0,true
90,Legacy5BNB,W02,114.46,13.4770,0.00,11,63.6,true
90,Legacy5BNB,W03,138.85,9.4788,0.00,13,61.5,true
90,Legacy5BNB,W04,66.73,9.9893,0.00,9,55.6,true
90,Legacy5BNB,W05,-59.20,-14.0154,59.20,11,36.4,false
90,OldGuardNoBNB,W00,254.92,10.0152,0.00,13,61.5,true
90,OldGuardNoBNB,W01,-49.72,-7.0402,49.72,12,41.7,false
90,OldGuardNoBNB,W02,343.87,11.4541,0.00,11,72.7,true
90,OldGuardNoBNB,W03,0.64,2.7563,0.00,14,57.1,true
90,OldGuardNoBNB,W04,27.23,4.4867,0.00,11,63.6,true
90,OldGuardNoBNB,W05,-71.84,-12.9130,71.84,13,30.8,false
90,LargeCaps5,W00,599.40,11.0052,0.00,13,69.2,true
90,LargeCaps5,W01,-26.12,-5.4957,26.12,8,37.5,false
90,LargeCaps5,W02,105.95,7.4708,0.00,12,58.3,true
90,LargeCaps5,W03,165.03,10.0633,0.00,12,75.0,true
90,LargeCaps5,W04,0.45,1.5685,0.00,11,54.5,true
90,LargeCaps5,W05,-23.22,-1.3181,23.22,12,33.3,false
90,Legacy3,W00,288.73,13.8602,0.00,13,69.2,true
90,Legacy3,W01,70.94,7.0989,0.00,12,75.0,true
90,Legacy3,W02,202.43,7.4127,0.00,14,50.0,true
90,Legacy3,W03,148.65,7.8973,0.00,14,50.0,true
90,Legacy3,W04,-34.03,-7.1606,34.03,10,40.0,false
90,Legacy3,W05,-25.49,-1.4197,25.49,13,46.2,false
90,LowVolume5,W00,388.98,12.0992,0.00,14,71.4,true
90,LowVolume5,W01,44.45,5.9140,0.00,12,66.7,true
90,LowVolume5,W02,167.96,7.6812,0.00,14,57.1,true
90,LowVolume5,W03,467.71,9.6719,0.00,14,50.0,true
90,LowVolume5,W04,-59.72,-7.0243,59.72,12,41.7,false
90,LowVolume5,W05,-29.14,-1.3684,29.14,15,40.0,false
90,OldGuard4,W00,166.04,8.5478,0.00,13,61.5,true
90,OldGuard4,W01,28.84,6.1041,0.00,11,63.6,true
90,OldGuard4,W02,145.76,6.3047,0.00,14,42.9,true
90,OldGuard4,W03,148.65,7.8973,0.00,14,50.0,true
90,OldGuard4,W04,-43.42,-10.3522,43.42,11,27.3,false
90,OldGuard4,W05,3.77,1.8672,0.00,14,50.0,true
95,Base5,W00,599.40,11.0052,0.00,13,69.2,true
95,Base5,W01,1323.65,7.7768,0.00,10,60.0,true
95,Base5,W02,434.79,19.0870,0.00,12,83.3,true
95,Base5,W03,122.51,7.6010,0.00,14,64.3,true
95,Base5,W04,17.32,3.4237,0.00,11,63.6,true
95,Base5,W05,-24.31,-1.4639,24.31,12,33.3,false
95,NoDOGE,W00,599.40,11.0052,0.00,13,69.2,true
95,NoDOGE,W01,-26.12,-5.4957,26.12,8,37.5,false
95,NoDOGE,W02,105.95,7.4708,0.00,12,58.3,true
95,NoDOGE,W03,292.79,13.6776,0.00,14,71.4,true
95,NoDOGE,W04,17.32,3.4237,0.00,11,63.6,true
95,NoDOGE,W05,-23.22,-1.3181,23.22,12,33.3,false
95,Legacy4,W00,93.77,8.6758,0.00,13,61.5,true
95,Legacy4,W01,30.62,3.9676,0.00,12,50.0,true
95,Legacy4,W02,343.87,11.4541,0.00,11,72.7,true
95,Legacy4,W03,0.64,2.7563,0.00,14,57.1,true
95,Legacy4,W04,27.23,4.4867,0.00,11,63.6,true
95,Legacy4,W05,-51.78,-5.6156,51.78,13,30.8,false
95,Legacy5BNB,W00,184.82,11.6683,0.00,13,69.2,true
95,Legacy5BNB,W01,52.83,6.1940,0.00,10,50.0,true
95,Legacy5BNB,W02,114.46,13.4770,0.00,11,63.6,true
95,Legacy5BNB,W03,138.85,9.4788,0.00,13,61.5,true
95,Legacy5BNB,W04,66.73,9.9893,0.00,9,55.6,true
95,Legacy5BNB,W05,-59.20,-14.0154,59.20,11,36.4,false
95,OldGuardNoBNB,W00,254.92,10.0152,0.00,13,61.5,true
95,OldGuardNoBNB,W01,-49.72,-7.0402,49.72,12,41.7,false
95,OldGuardNoBNB,W02,343.87,11.4541,0.00,11,72.7,true
95,OldGuardNoBNB,W03,0.64,2.7563,0.00,14,57.1,true
95,OldGuardNoBNB,W04,27.23,4.4867,0.00,11,63.6,true
95,OldGuardNoBNB,W05,-71.84,-12.9130,71.84,13,30.8,false
95,LargeCaps5,W00,599.40,11.0052,0.00,13,69.2,true
95,LargeCaps5,W01,-26.12,-5.4957,26.12,8,37.5,false
95,LargeCaps5,W02,105.95,7.4708,0.00,12,58.3,true
95,LargeCaps5,W03,165.03,10.0633,0.00,12,75.0,true
95,LargeCaps5,W04,0.45,1.5685,0.00,11,54.5,true
95,LargeCaps5,W05,-23.22,-1.3181,23.22,12,33.3,false
95,Legacy3,W00,288.73,13.8602,0.00,13,69.2,true
95,Legacy3,W01,70.94,7.0989,0.00,12,75.0,true
95,Legacy3,W02,202.43,7.4127,0.00,14,50.0,true
95,Legacy3,W03,148.65,7.8973,0.00,14,50.0,true
95,Legacy3,W04,-34.03,-7.1606,34.03,10,40.0,false
95,Legacy3,W05,-25.49,-1.4197,25.49,13,46.2,false
95,LowVolume5,W00,388.98,12.0992,0.00,14,71.4,true
95,LowVolume5,W01,44.45,5.9140,0.00,12,66.7,true
95,LowVolume5,W02,167.96,7.6812,0.00,14,57.1,true
95,LowVolume5,W03,467.71,9.6719,0.00,14,50.0,true
95,LowVolume5,W04,-59.72,-7.0243,59.72,12,41.7,false
95,LowVolume5,W05,-29.14,-1.3684,29.14,15,40.0,false
95,OldGuard4,W00,166.04,8.5478,0.00,13,61.5,true
95,OldGuard4,W01,28.84,6.1041,0.00,11,63.6,true
95,OldGuard4,W02,145.76,6.3047,0.00,14,42.9,true
95,OldGuard4,W03,148.65,7.8973,0.00,14,50.0,true
95,OldGuard4,W04,-43.42,-10.3522,43.42,11,27.3,false
95,OldGuard4,W05,3.77,1.8672,0.00,14,50.0,true
100,Base5,W00,599.40,11.0052,0.00,13,69.2,true
100,Base5,W01,1323.65,7.7768,0.00,10,60.0,true
100,Base5,W02,434.79,19.0870,0.00,12,83.3,true
100,Base5,W03,122.51,7.6010,0.00,14,64.3,true
100,Base5,W04,17.32,3.4237,0.00,11,63.6,true
100,Base5,W05,-24.31,-1.4639,24.31,12,33.3,false
100,NoDOGE,W00,599.40,11.0052,0.00,13,69.2,true
100,NoDOGE,W01,-26.12,-5.4957,26.12,8,37.5,false
100,NoDOGE,W02,105.95,7.4708,0.00,12,58.3,true
100,NoDOGE,W03,292.79,13.6776,0.00,14,71.4,true
100,NoDOGE,W04,17.32,3.4237,0.00,11,63.6,true
100,NoDOGE,W05,-23.22,-1.3181,23.22,12,33.3,false
100,Legacy4,W00,93.77,8.6758,0.00,13,61.5,true
100,Legacy4,W01,30.62,3.9676,0.00,12,50.0,true
100,Legacy4,W02,343.87,11.4541,0.00,11,72.7,true
100,Legacy4,W03,0.64,2.7563,0.00,14,57.1,true
100,Legacy4,W04,27.23,4.4867,0.00,11,63.6,true
100,Legacy4,W05,-51.78,-5.6156,51.78,13,30.8,false
100,Legacy5BNB,W00,184.82,11.6683,0.00,13,69.2,true
100,Legacy5BNB,W01,52.83,6.1940,0.00,10,50.0,true
100,Legacy5BNB,W02,114.46,13.4770,0.00,11,63.6,true
100,Legacy5BNB,W03,138.85,9.4788,0.00,13,61.5,true
100,Legacy5BNB,W04,66.73,9.9893,0.00,9,55.6,true
100,Legacy5BNB,W05,-59.20,-14.0154,59.20,11,36.4,false
100,OldGuardNoBNB,W00,254.92,10.0152,0.00,13,61.5,true
100,OldGuardNoBNB,W01,-49.72,-7.0402,49.72,12,41.7,false
100,OldGuardNoBNB,W02,343.87,11.4541,0.00,11,72.7,true
100,OldGuardNoBNB,W03,0.64,2.7563,0.00,14,57.1,true
100,OldGuardNoBNB,W04,27.23,4.4867,0.00,11,63.6,true
100,OldGuardNoBNB,W05,-71.84,-12.9130,71.84,13,30.8,false
100,LargeCaps5,W00,599.40,11.0052,0.00,13,69.2,true
100,LargeCaps5,W01,-26.12,-5.4957,26.12,8,37.5,false
100,LargeCaps5,W02,105.95,7.4708,0.00,12,58.3,true
100,LargeCaps5,W03,165.03,10.0633,0.00,12,75.0,true
100,LargeCaps5,W04,0.45,1.5685,0.00,11,54.5,true
100,LargeCaps5,W05,-23.22,-1.3181,23.22,12,33.3,false
100,Legacy3,W00,288.73,13.8602,0.00,13,69.2,true
100,Legacy3,W01,70.94,7.0989,0.00,12,75.0,true
100,Legacy3,W02,202.43,7.4127,0.00,14,50.0,true
100,Legacy3,W03,148.65,7.8973,0.00,14,50.0,true
100,Legacy3,W04,-34.03,-7.1606,34.03,10,40.0,false
100,Legacy3,W05,-25.49,-1.4197,25.49,13,46.2,false
100,LowVolume5,W00,388.98,12.0992,0.00,14,71.4,true
100,LowVolume5,W01,44.45,5.9140,0.00,12,66.7,true
100,LowVolume5,W02,167.96,7.6812,0.00,14,57.1,true
100,LowVolume5,W03,467.71,9.6719,0.00,14,50.0,true
100,LowVolume5,W04,-59.72,-7.0243,59.72,12,41.7,false
100,LowVolume5,W05,-29.14,-1.3684,29.14,15,40.0,false
100,OldGuard4,W00,166.04,8.5478,0.00,13,61.5,true
100,OldGuard4,W01,28.84,6.1041,0.00,11,63.6,true
100,OldGuard4,W02,145.76,6.3047,0.00,14,42.9,true
100,OldGuard4,W03,148.65,7.8973,0.00,14,50.0,true
100,OldGuard4,W04,-43.42,-10.3522,43.42,11,27.3,false
100,OldGuard4,W05,3.77,1.8672,0.00,14,50.0,true
