hedge_threshold,size_mult,hedge_atr_p,pass_count,total_windows,pass_rate,avg_sharpe,avg_return,avg_dd,total_trades
45,0.50,40,68,63,107.94,8.5499,97.40,20.94,787
40,0.50,10,68,63,107.94,8.5212,98.60,20.33,787
55,0.50,25,68,63,107.94,8.4577,104.45,23.05,787
45,0.50,35,68,63,107.94,8.4544,95.00,20.94,787
35,0.50,10,68,63,107.94,8.4296,97.87,20.12,787
55,0.55,25,68,63,107.94,8.3822,116.28,24.18,787
50,0.50,25,68,63,107.94,8.3725,102.41,22.90,787
50,0.50,20,68,63,107.94,8.3684,101.58,22.63,787
50,0.55,25,68,63,107.94,8.3136,114.67,24.07,787
45,0.50,45,67,63,106.35,8.6469,101.38,21.25,787
50,0.50,15,67,63,106.35,8.5756,106.75,21.45,787
50,0.50,50,67,63,106.35,8.5390,103.75,22.04,787
55,0.50,15,67,63,106.35,8.5345,108.47,21.85,787
55,0.50,10,67,63,106.35,8.5257,111.39,22.19,787
45,0.50,10,67,63,106.35,8.5162,100.61,20.90,787
45,0.55,45,67,63,106.35,8.5138,113.74,22.82,787
50,0.50,30,67,63,106.35,8.4793,100.34,22.11,787
40,0.50,25,67,63,106.35,8.4779,100.69,21.58,787
50,0.50,45,67,63,106.35,8.4681,99.54,22.21,787
45,0.55,40,67,63,106.35,8.4437,110.50,22.57,787
45,0.55,10,67,63,106.35,8.4416,113.31,22.50,787
40,0.55,10,67,63,106.35,8.4364,111.54,22.13,787
55,0.55,10,67,63,106.35,8.4266,122.12,23.48,787
45,0.55,35,67,63,106.35,8.3756,108.51,22.57,787
50,0.50,10,67,63,106.35,8.3662,102.64,21.54,787
60,0.50,15,67,63,106.35,8.3498,104.51,23.48,787
50,0.55,10,67,63,106.35,8.3250,115.07,22.98,787
50,0.55,20,67,63,106.35,8.3222,113.82,23.85,787
40,0.50,20,67,63,106.35,8.3034,99.34,21.62,787
45,0.50,25,67,63,106.35,8.2927,98.65,22.35,787
45,0.50,20,67,63,106.35,8.2673,98.70,22.38,787
80,0.50,10,66,63,104.76,8.6256,115.63,25.10,787
55,0.50,20,66,63,104.76,8.5655,106.67,23.00,787
75,0.50,15,66,63,104.76,8.5543,109.41,24.99,787
55,0.50,40,66,63,104.76,8.5254,99.13,22.79,787
65,0.50,5,66,63,104.76,8.5204,109.21,22.36,787
80,0.55,10,66,63,104.76,8.5117,125.96,25.81,787
70,0.50,15,66,63,104.76,8.5027,109.09,24.43,787
60,0.50,5,66,63,104.76,8.4801,108.24,22.32,787
50,0.50,5,66,63,104.76,8.4771,100.03,21.06,787
55,0.55,20,66,63,104.76,8.4667,118.05,24.14,787
15,0.50,35,66,63,104.76,8.4658,87.06,18.16,787
55,0.50,5,66,63,104.76,8.4596,103.68,21.83,787
75,0.55,15,66,63,104.76,8.4549,120.55,25.73,787
65,0.50,20,66,63,104.76,8.4519,106.63,24.15,787
50,0.50,40,66,63,104.76,8.4414,98.27,21.81,787
45,0.50,30,66,63,104.76,8.4364,99.67,21.63,787
50,0.50,35,66,63,104.76,8.4251,95.62,21.71,787
55,0.50,30,66,63,104.76,8.4178,103.47,23.42,787
60,0.50,20,66,63,104.76,8.4163,105.22,23.64,787
70,0.55,15,66,63,104.76,8.4135,120.40,25.28,787
50,0.55,30,66,63,104.76,8.3991,113.02,23.50,787
45,0.65,45,66,63,104.76,8.3832,127.09,24.39,787
65,0.55,20,66,63,104.76,8.3773,118.18,25.04,787
60,0.55,20,66,63,104.76,8.3513,116.88,24.65,787
45,0.65,10,66,63,104.76,8.3479,126.90,24.15,787
40,0.65,10,66,63,104.76,8.3403,125.46,23.90,787
45,0.65,40,66,63,104.76,8.3358,124.61,24.21,787
55,0.65,10,66,63,104.76,8.3225,133.68,24.85,787
55,0.50,35,66,63,104.76,8.3103,96.15,22.99,787
45,0.75,10,66,63,104.76,8.2975,134.05,24.98,787
55,0.65,25,66,63,104.76,8.2957,129.06,25.38,787
45,0.65,35,66,63,104.76,8.2891,123.06,24.21,787
55,0.75,10,66,63,104.76,8.2713,139.77,25.53,787
50,0.65,10,66,63,104.76,8.2632,128.34,24.47,787
50,0.65,20,66,63,104.76,8.2583,127.08,25.13,787
50,0.65,25,66,63,104.76,8.2439,127.86,25.30,787
50,0.75,10,66,63,104.76,8.2280,135.30,25.22,787
15,0.50,30,66,63,104.76,8.1035,85.60,18.69,787
20,0.50,40,66,63,104.76,7.8541,81.52,20.08,787
65,0.50,10,65,63,103.17,8.5638,114.78,23.44,787
30,0.50,20,65,63,103.17,8.5151,97.12,19.04,787
40,0.50,45,65,63,103.17,8.4981,98.36,20.67,787
40,0.50,50,65,63,103.17,8.4944,99.43,20.79,787
50,0.55,15,65,63,103.17,8.4877,118.27,22.91,787
60,0.50,10,65,63,103.17,8.4781,111.22,22.53,787
20,0.50,5,65,63,103.17,8.4619,83.01,16.84,787
35,0.50,50,65,63,103.17,8.4561,97.59,20.67,787
50,0.50,55,65,63,103.17,8.4560,104.18,22.70,787
55,0.55,15,65,63,103.17,8.4539,119.66,23.22,787
65,0.55,5,65,63,103.17,8.4480,120.63,23.62,787
40,0.50,15,65,63,103.17,8.4331,100.80,20.49,787
30,0.55,20,65,63,103.17,8.4317,110.35,21.03,787
55,0.55,40,65,63,103.17,8.4304,111.84,24.04,787
50,0.55,50,65,63,103.17,8.4255,115.68,23.44,787
65,0.50,15,65,63,103.17,8.4241,109.41,24.09,787
60,0.55,5,65,63,103.17,8.4180,119.81,23.58,787
75,0.50,10,65,63,103.17,8.4178,108.97,25.10,787
50,0.55,5,65,63,103.17,8.4100,112.78,22.57,787
50,0.50,60,65,63,103.17,8.4067,104.42,22.84,787
40,0.55,45,65,63,103.17,8.4062,111.36,22.33,787
45,0.50,55,65,63,103.17,8.4037,104.64,21.96,787
55,0.50,45,65,63,103.17,8.4030,101.75,22.65,787
40,0.55,50,65,63,103.17,8.4010,112.24,22.42,787
40,0.55,25,65,63,103.17,8.3964,113.27,23.10,787
55,0.55,5,65,63,103.17,8.3927,116.02,23.17,787
25,0.50,5,65,63,103.17,8.3899,86.58,18.20,787
60,0.55,10,65,63,103.17,8.3860,121.99,23.76,787
50,0.65,15,65,63,103.17,8.3805,130.66,24.43,787
35,0.55,45,65,63,103.17,8.3802,110.22,22.33,787
50,0.55,45,65,63,103.17,8.3781,112.26,23.57,787
35,0.55,50,65,63,103.17,8.3741,110.74,22.33,787
40,0.55,15,65,63,103.17,8.3719,113.51,22.17,787
45,0.55,30,65,63,103.17,8.3713,112.40,23.13,787
40,0.50,40,65,63,103.17,8.3688,95.76,20.93,787
50,0.55,55,65,63,103.17,8.3650,116.16,23.95,787
45,0.50,60,65,63,103.17,8.3647,104.07,22.21,787
50,0.55,40,65,63,103.17,8.3647,111.20,23.24,787
35,0.55,10,65,63,103.17,8.3600,110.96,21.97,787
50,0.55,35,65,63,103.17,8.3593,109.03,23.18,787
35,0.50,20,65,63,103.17,8.3593,102.26,20.59,787
55,0.65,15,65,63,103.17,8.3548,131.72,24.65,787
40,0.50,35,65,63,103.17,8.3539,94.90,20.79,787
55,0.55,30,65,63,103.17,8.3485,115.56,24.47,787
30,0.50,10,65,63,103.17,8.3366,97.26,19.33,787
30,0.65,20,65,63,103.17,8.3363,124.55,23.06,787
55,0.65,40,65,63,103.17,8.3298,125.59,25.29,787
45,0.50,50,65,63,103.17,8.3239,99.51,21.84,787
50,0.75,15,65,63,103.17,8.3236,137.20,25.19,787
25,0.50,10,65,63,103.17,8.3229,88.76,18.73,787
45,0.55,55,65,63,103.17,8.3222,116.53,23.36,787
35,0.55,55,65,63,103.17,8.3212,108.67,22.33,787
45,0.75,45,65,63,103.17,8.3204,134.14,25.16,787
40,0.50,55,65,63,103.17,8.3204,95.34,21.45,787
50,0.65,50,65,63,103.17,8.3160,128.56,24.85,787
70,0.50,10,65,63,103.17,8.3124,106.98,25.05,787
35,0.55,20,65,63,103.17,8.3121,114.66,22.29,787
40,0.65,45,65,63,103.17,8.3105,125.33,24.01,787
50,0.65,30,65,63,103.17,8.3081,126.64,24.89,787
40,0.65,25,65,63,103.17,8.3059,126.80,24.59,787
40,0.55,40,65,63,103.17,8.3055,109.18,22.56,787
40,0.65,50,65,63,103.17,8.3053,126.01,24.08,787
15,0.50,5,65,63,103.17,8.3029,79.69,16.56,787
55,0.75,15,65,63,103.17,8.3021,138.08,25.37,787
60,0.55,15,65,63,103.17,8.3013,116.37,24.51,787
40,0.55,35,65,63,103.17,8.2995,108.48,22.48,787
30,0.55,10,65,63,103.17,8.2963,110.51,21.32,787
45,0.55,60,65,63,103.17,8.2938,116.08,23.55,787
35,0.55,40,65,63,103.17,8.2931,108.30,22.40,787
35,0.65,45,65,63,103.17,8.2924,124.42,24.01,787
45,0.65,30,65,63,103.17,8.2914,126.11,24.62,787
40,0.75,10,65,63,103.17,8.2901,132.79,24.78,787
25,0.55,10,65,63,103.17,8.2879,103.57,20.83,787
35,0.65,50,65,63,103.17,8.2875,124.86,24.01,787
50,0.65,45,65,63,103.17,8.2867,125.97,24.95,787
30,0.75,20,65,63,103.17,8.2866,132.03,24.06,787
40,0.55,60,65,63,103.17,8.2859,114.57,23.20,787
45,0.75,40,65,63,103.17,8.2828,132.06,25.01,787
35,0.65,10,65,63,103.17,8.2825,125.02,23.79,787
50,0.65,40,65,63,103.17,8.2814,125.13,24.70,787
50,0.65,35,65,63,103.17,8.2813,123.47,24.65,787
55,0.75,40,65,63,103.17,8.2793,132.87,25.92,787
50,0.65,55,65,63,103.17,8.2745,129.04,25.23,787
15,0.55,5,65,63,103.17,8.2726,95.56,19.10,787
45,0.50,15,65,63,103.17,8.2724,101.31,21.47,787
40,0.55,20,65,63,103.17,8.2714,112.13,23.11,787
45,0.55,50,65,63,103.17,8.2695,112.23,23.26,787
55,0.65,30,65,63,103.17,8.2695,128.56,25.60,787
50,0.80,15,65,63,103.17,8.2657,143.96,25.95,787
50,0.75,50,65,63,103.17,8.2641,135.38,25.55,787
40,0.75,45,65,63,103.17,8.2628,132.69,24.85,787
50,0.75,30,65,63,103.17,8.2615,133.81,25.57,787
40,0.55,55,65,63,103.17,8.2604,108.75,22.96,787
40,0.75,25,65,63,103.17,8.2598,133.93,25.32,787
40,0.75,50,65,63,103.17,8.2580,133.26,24.91,787
45,0.55,25,65,63,103.17,8.2564,111.54,23.63,787
55,0.75,25,65,63,103.17,8.2513,135.81,25.98,787
35,0.65,20,65,63,103.17,8.2497,127.95,23.97,787
45,0.75,30,65,63,103.17,8.2491,133.34,25.35,787
55,0.80,15,65,63,103.17,8.2485,144.67,26.10,787
35,0.75,45,65,63,103.17,8.2483,131.91,24.85,787
35,0.65,55,65,63,103.17,8.2475,123.16,24.01,787
45,0.80,10,65,63,103.17,8.2458,141.43,25.80,787
45,0.75,35,65,63,103.17,8.2453,130.75,25.01,787
35,0.75,50,65,63,103.17,8.2442,132.29,24.85,787
45,0.65,55,65,63,103.17,8.2423,129.32,24.79,787
35,0.75,10,65,63,103.17,8.2421,132.42,24.69,787
50,0.75,45,65,63,103.17,8.2420,133.21,25.62,787
45,0.55,20,65,63,103.17,8.2416,111.53,23.65,787
30,0.65,10,65,63,103.17,8.2404,124.71,23.30,787
50,0.75,35,65,63,103.17,8.2404,131.10,25.38,787
60,0.65,15,65,63,103.17,8.2395,129.16,25.61,787
40,0.80,10,65,63,103.17,8.2393,140.38,25.65,787
50,0.75,40,65,63,103.17,8.2393,132.49,25.42,787
40,0.65,40,65,63,103.17,8.2374,123.61,24.20,787
30,0.80,20,65,63,103.17,8.2364,139.77,25.05,787
40,0.65,35,65,63,103.17,8.2356,123.07,24.14,787
25,0.65,10,65,63,103.17,8.2346,119.42,22.94,787
35,0.65,40,65,63,103.17,8.2311,122.92,24.08,787
50,0.75,55,65,63,103.17,8.2310,135.83,25.86,787
45,0.80,40,65,63,103.17,8.2309,139.77,25.81,787
55,0.75,30,65,63,103.17,8.2291,135.42,26.16,787
40,0.55,30,65,63,103.17,8.2279,109.14,22.78,787
30,0.55,45,65,63,103.17,8.2262,106.32,22.26,787
50,0.75,20,65,63,103.17,8.2230,134.11,25.77,787
45,0.65,60,65,63,103.17,8.2227,128.98,24.93,787
15,0.65,5,65,63,103.17,8.2227,112.81,21.63,787
40,0.65,20,65,63,103.17,8.2216,125.89,24.59,787
55,0.80,10,65,63,103.17,8.2212,146.06,26.21,787
40,0.65,60,65,63,103.17,8.2208,127.74,24.67,787
40,0.80,45,65,63,103.17,8.2157,140.30,25.69,787
35,0.50,25,65,63,103.17,8.2155,96.63,21.19,787
35,0.75,20,65,63,103.17,8.2155,134.94,24.81,787
50,0.80,30,65,63,103.17,8.2150,141.22,26.25,787
40,0.80,25,65,63,103.17,8.2138,141.31,26.06,787
40,0.80,50,65,63,103.17,8.2116,140.76,25.73,787
35,0.75,55,65,63,103.17,8.2109,130.82,24.85,787
45,0.65,50,65,63,103.17,8.2105,125.94,24.72,787
30,0.75,10,65,63,103.17,8.2089,132.17,24.28,787
50,0.75,25,65,63,103.17,8.2081,134.82,25.91,787
50,0.85,15,65,63,103.17,8.2076,150.96,26.73,787
55,0.80,25,65,63,103.17,8.2069,142.81,26.58,787
60,0.75,15,65,63,103.17,8.2064,135.92,26.16,787
45,0.80,30,65,63,103.17,8.2062,140.82,26.08,787
45,0.65,25,65,63,103.17,8.2058,125.43,24.98,787
35,0.80,45,65,63,103.17,8.2045,139.66,25.69,787
45,0.75,55,65,63,103.17,8.2042,136.06,25.50,787
25,0.75,10,65,63,103.17,8.2040,127.74,24.00,787
40,0.75,40,65,63,103.17,8.2030,131.22,25.01,787
40,0.75,35,65,63,103.17,8.2023,130.77,24.96,787
45,0.80,35,65,63,103.17,8.2019,138.71,25.81,787
35,0.80,10,65,63,103.17,8.2012,140.09,25.58,787
35,0.80,50,65,63,103.17,8.2012,139.98,25.69,787
35,0.55,35,65,63,103.17,8.2008,107.03,22.39,787
40,0.65,55,65,63,103.17,8.2003,123.22,24.50,787
35,0.55,25,65,63,103.17,8.2002,109.82,22.79,787
50,0.80,35,65,63,103.17,8.1990,138.99,26.10,787
35,0.75,40,65,63,103.17,8.1987,130.63,24.91,787
45,0.65,20,65,63,103.17,8.1982,125.38,24.98,787
50,0.80,40,65,63,103.17,8.1974,140.12,26.13,787
15,0.75,5,65,63,103.17,8.1938,121.97,22.90,787
40,0.75,20,65,63,103.17,8.1931,133.15,25.32,787
50,0.80,10,65,63,103.17,8.1912,142.48,25.99,787
40,0.65,30,65,63,103.17,8.1892,123.52,24.36,787
55,0.80,30,65,63,103.17,8.1890,142.52,26.72,787
45,0.75,60,65,63,103.17,8.1886,135.78,25.61,787
40,0.75,60,65,63,103.17,8.1884,134.69,25.39,787
50,0.80,20,65,63,103.17,8.1865,141.41,26.41,787
30,0.85,20,65,63,103.17,8.1859,147.77,26.06,787
30,0.65,45,65,63,103.17,8.1817,121.34,23.96,787
45,0.75,50,65,63,103.17,8.1807,133.18,25.44,787
35,0.80,20,65,63,103.17,8.1803,142.15,25.64,787
45,0.85,40,65,63,103.17,8.1802,147.76,26.62,787
45,0.75,25,65,63,103.17,8.1782,132.76,25.65,787
30,0.80,10,65,63,103.17,8.1759,139.90,25.25,787
35,0.80,55,65,63,103.17,8.1747,138.75,25.69,787
45,0.75,20,65,63,103.17,8.1732,132.70,25.64,787
25,0.80,10,65,63,103.17,8.1718,136.33,25.04,787
40,0.75,55,65,63,103.17,8.1712,130.87,25.25,787
40,0.85,45,65,63,103.17,8.1694,148.17,26.53,787
50,0.85,30,65,63,103.17,8.1690,148.88,26.94,787
40,0.80,40,65,63,103.17,8.1688,139.10,25.81,787
40,0.80,35,65,63,103.17,8.1687,138.73,25.77,787
40,0.85,25,65,63,103.17,8.1682,148.94,26.81,787
35,0.65,25,65,63,103.17,8.1681,124.05,24.36,787
40,0.75,30,65,63,103.17,8.1662,131.12,25.14,787
40,0.85,50,65,63,103.17,8.1661,148.53,26.56,787
35,0.80,40,65,63,103.17,8.1660,138.62,25.74,787
35,0.65,35,65,63,103.17,8.1637,121.95,24.08,787
15,0.80,5,65,63,103.17,8.1633,131.50,24.15,787
45,0.85,30,65,63,103.17,8.1631,148.57,26.81,787
40,0.80,20,65,63,103.17,8.1630,140.67,26.05,787
55,0.85,25,65,63,103.17,8.1630,150.07,27.19,787
35,0.85,45,65,63,103.17,8.1613,147.68,26.53,787
45,0.85,35,65,63,103.17,8.1591,146.95,26.62,787
35,0.85,50,65,63,103.17,8.1588,147.94,26.53,787
30,0.75,45,65,63,103.17,8.1579,129.28,24.81,787
50,0.85,35,65,63,103.17,8.1577,147.17,26.83,787
40,0.80,60,65,63,103.17,8.1565,141.91,26.11,787
50,0.85,40,65,63,103.17,8.1560,148.02,26.86,787
45,0.80,50,65,63,103.17,8.1510,140.68,26.15,787
55,0.85,30,65,63,103.17,8.1494,149.86,27.30,787
50,0.85,20,65,63,103.17,8.1492,148.99,27.06,787
35,0.75,25,65,63,103.17,8.1485,131.57,25.14,787
45,0.80,20,65,63,103.17,8.1468,140.29,26.31,787
35,0.85,20,65,63,103.17,8.1444,149.61,26.50,787
35,0.75,35,65,63,103.17,8.1433,129.81,24.91,787
40,0.80,55,65,63,103.17,8.1427,138.79,26.01,787
30,0.85,10,65,63,103.17,8.1418,147.88,26.24,787
40,0.80,30,65,63,103.17,8.1416,139.00,25.91,787
35,0.85,55,65,63,103.17,8.1391,146.97,26.53,787
25,0.85,10,65,63,103.17,8.1385,145.18,26.08,787
40,0.85,35,65,63,103.17,8.1351,146.98,26.59,787
40,0.85,40,65,63,103.17,8.1349,147.25,26.62,787
30,0.80,45,65,63,103.17,8.1336,137.51,25.65,787
35,0.85,40,65,63,103.17,8.1331,146.88,26.57,787
40,0.85,20,65,63,103.17,8.1320,148.45,26.80,787
35,0.80,25,65,63,103.17,8.1275,139.37,25.92,787
40,0.85,60,65,63,103.17,8.1252,149.38,26.85,787
35,0.80,35,65,63,103.17,8.1222,137.96,25.73,787
45,0.85,50,65,63,103.17,8.1216,148.45,26.87,787
30,0.55,60,65,63,103.17,8.1210,105.64,22.33,787
45,0.85,20,65,63,103.17,8.1197,148.15,26.99,787
40,0.85,30,65,63,103.17,8.1160,147.16,26.69,787
30,0.55,50,65,63,103.17,8.1160,105.43,22.28,787
40,0.85,55,65,63,103.17,8.1150,147.00,26.77,787
30,0.85,45,65,63,103.17,8.1091,146.03,26.51,787
30,0.65,60,65,63,103.17,8.1061,120.78,24.01,787
35,0.85,25,65,63,103.17,8.1054,147.45,26.70,787
30,0.65,50,65,63,103.17,8.1043,120.70,23.96,787
35,0.85,35,65,63,103.17,8.1008,146.38,26.57,787
30,0.75,60,65,63,103.17,8.0966,128.79,24.86,787
30,0.75,50,65,63,103.17,8.0956,128.75,24.81,787
30,0.80,60,65,63,103.17,8.0860,137.09,25.71,787
30,0.80,50,65,63,103.17,8.0854,137.08,25.65,787
30,0.55,55,65,63,103.17,8.0841,104.23,22.34,787
30,0.65,55,65,63,103.17,8.0806,119.67,24.00,787
30,0.65,25,65,63,103.17,8.0800,122.45,24.31,787
30,0.75,25,65,63,103.17,8.0772,130.22,25.10,787
30,0.75,55,65,63,103.17,8.0760,127.83,24.84,787
30,0.55,25,65,63,103.17,8.0757,107.72,22.70,787
30,0.85,60,65,63,103.17,8.0745,145.70,26.55,787
30,0.85,50,65,63,103.17,8.0742,145.71,26.51,787
30,0.80,25,65,63,103.17,8.0721,138.28,25.88,787
30,0.80,55,65,63,103.17,8.0701,136.30,25.68,787
30,0.85,25,65,63,103.17,8.0650,146.62,26.68,787
30,0.85,55,65,63,103.17,8.0629,145.09,26.52,787
35,0.55,60,65,63,103.17,8.0564,106.59,22.89,787
35,0.65,60,65,63,103.17,8.0560,121.58,24.43,787
35,0.75,60,65,63,103.17,8.0544,129.49,25.19,787
35,0.80,60,65,63,103.17,8.0521,137.68,25.96,787
35,0.85,60,65,63,103.17,8.0490,146.17,26.73,787
60,0.50,40,64,63,101.59,8.5951,102.86,23.41,787
65,0.50,50,64,63,101.59,8.5627,107.67,23.64,787
65,0.50,40,64,63,101.59,8.5301,102.73,24.23,787
70,0.50,5,64,63,101.59,8.5224,114.67,23.55,787
70,0.50,20,64,63,101.59,8.5136,109.47,24.57,787
60,0.50,35,64,63,101.59,8.5132,102.05,23.43,787
60,0.50,45,64,63,101.59,8.5070,103.78,23.54,787
70,0.50,35,64,63,101.59,8.4916,113.72,24.65,787
65,0.50,45,64,63,101.59,8.4851,103.81,23.93,787
65,0.50,35,64,63,101.59,8.4833,108.79,23.62,787
35,0.50,45,64,63,101.59,8.4629,97.02,20.67,787
65,0.55,10,64,63,101.59,8.4597,125.13,24.50,787
60,0.50,50,64,63,101.59,8.4583,104.93,23.61,787
75,0.50,40,64,63,101.59,8.4454,115.44,25.24,787
75,0.50,35,64,63,101.59,8.4122,113.52,25.34,787
70,0.50,45,64,63,101.59,8.4034,104.36,24.54,787
35,0.50,55,64,63,101.59,8.3923,95.22,20.67,787
70,0.50,50,64,63,101.59,8.3901,104.33,24.88,787
80,0.65,10,64,63,101.59,8.3900,136.89,26.60,787
10,0.50,5,64,63,101.59,8.3883,80.32,16.15,787
0,0.50,60,64,63,101.59,8.3793,79.72,15.61,787
65,0.50,30,64,63,101.59,8.3731,105.65,24.36,787
85,0.50,60,64,63,101.59,8.3692,130.55,25.54,787
55,0.65,20,64,63,101.59,8.3578,130.39,25.34,787
75,0.50,45,64,63,101.59,8.3538,112.15,25.23,787
65,0.50,25,64,63,101.59,8.3531,106.32,24.45,787
65,0.55,15,64,63,101.59,8.3502,120.70,25.01,787
75,0.55,10,64,63,101.59,8.3491,120.16,25.81,787
75,0.65,15,64,63,101.59,8.3478,132.50,26.54,787
40,0.50,60,64,63,101.59,8.3475,102.37,21.76,787
35,0.50,40,64,63,101.59,8.3459,94.72,20.72,787
90,0.50,60,64,63,101.59,8.3416,134.83,25.75,787
70,0.50,60,64,63,101.59,8.3356,117.75,24.59,787
10,0.55,5,64,63,101.59,8.3347,96.06,18.78,787
55,0.55,45,64,63,101.59,8.3291,114.02,23.95,787
70,0.50,55,64,63,101.59,8.3275,118.51,24.54,787
60,0.50,30,64,63,101.59,8.3218,102.28,24.14,787
0,0.55,60,64,63,101.59,8.3180,95.51,18.35,787
95,0.50,60,64,63,101.59,8.3179,132.51,26.27,787
70,0.65,15,64,63,101.59,8.3164,132.48,26.20,787
25,0.50,20,64,63,101.59,8.3152,94.22,18.96,787
70,0.50,40,64,63,101.59,8.3067,108.12,24.85,787
5,0.55,10,64,63,101.59,8.3045,94.12,18.50,787
40,0.65,15,64,63,101.59,8.2943,127.10,23.84,787
65,0.65,20,64,63,101.59,8.2926,130.60,26.00,787
60,0.65,10,64,63,101.59,8.2905,133.58,25.05,787
45,0.50,5,64,63,101.59,8.2857,96.87,20.75,787
60,0.50,25,64,63,101.59,8.2811,104.20,24.12,787
55,0.55,35,64,63,101.59,8.2792,109.49,24.20,787
60,0.65,20,64,63,101.59,8.2744,129.50,25.73,787
65,0.50,55,64,63,101.59,8.2704,114.39,23.66,787
70,0.55,10,64,63,101.59,8.2672,118.56,25.77,787
30,0.50,45,64,63,101.59,8.2605,92.37,20.54,787
40,0.50,30,64,63,101.59,8.2492,95.82,21.19,787
60,0.75,10,64,63,101.59,8.2440,139.68,25.69,787
75,0.50,25,64,63,101.59,8.2407,125.02,24.72,787
80,0.50,55,64,63,101.59,8.2305,126.46,25.55,787
75,0.50,50,64,63,101.59,8.2303,124.77,25.54,787
35,0.50,35,64,63,101.59,8.2274,93.15,20.67,787
80,0.50,45,64,63,101.59,8.2115,125.27,25.59,787
75,0.50,55,64,63,101.59,8.2074,122.74,25.52,787
80,0.50,60,64,63,101.59,8.2067,124.00,25.32,787
75,0.50,60,64,63,101.59,8.1780,122.63,25.30,787
75,0.50,20,64,63,101.59,8.1701,115.98,25.03,787
80,0.50,50,64,63,101.59,8.1496,123.65,25.71,787
75,0.50,30,64,63,101.59,8.1415,121.36,24.81,787
80,0.50,25,64,63,101.59,8.1321,128.38,25.35,787
20,0.50,25,64,63,101.59,8.1288,90.28,19.13,787
80,0.50,20,64,63,101.59,8.1276,128.46,25.20,787
30,0.50,60,64,63,101.59,8.1268,91.60,20.71,787
15,0.50,15,64,63,101.59,8.1220,78.19,17.98,787
30,0.50,50,64,63,101.59,8.1142,91.25,20.67,787
65,0.50,60,64,63,101.59,8.1121,112.30,24.17,787
30,0.50,55,64,63,101.59,8.0764,89.95,20.74,787
70,0.50,25,64,63,101.59,8.0759,113.41,24.75,787
70,0.50,30,64,63,101.59,8.0628,120.21,24.75,787
35,0.50,60,64,63,101.59,8.0510,92.67,21.40,787
30,0.50,25,64,63,101.59,8.0504,94.06,21.08,787
0,0.50,15,64,63,101.59,8.0441,69.75,15.54,787
40,0.50,5,64,63,101.59,8.0155,89.31,20.49,787
60,0.50,55,64,63,101.59,7.9941,111.28,23.74,787
75,0.50,5,63,63,100.00,8.5954,124.72,24.57,787
80,0.50,5,63,63,100.00,8.5631,132.48,25.06,787
75,0.55,5,63,63,100.00,8.5062,134.11,25.39,787
60,0.55,40,63,63,100.00,8.4858,114.89,24.54,787
80,0.55,5,63,63,100.00,8.4690,139.93,25.78,787
65,0.55,50,63,63,100.00,8.4596,118.87,24.72,787
70,0.55,5,63,63,100.00,8.4513,125.48,24.57,787
65,0.55,40,63,63,100.00,8.4411,114.77,25.20,787
60,0.55,35,63,63,100.00,8.4253,114.27,24.55,787
70,0.55,20,63,63,100.00,8.4242,120.59,25.39,787
55,0.50,50,63,63,100.00,8.4239,103.96,22.90,787
70,0.55,35,63,63,100.00,8.4201,124.43,25.53,787
60,0.55,45,63,63,100.00,8.4191,115.74,24.66,787
65,0.55,35,63,63,100.00,8.4114,120.36,24.72,787
65,0.55,45,63,63,100.00,8.4038,115.75,24.98,787
20,0.55,5,63,63,100.00,8.4017,98.30,19.30,787
75,0.65,5,63,63,100.00,8.3971,143.68,26.29,787
75,0.55,40,63,63,100.00,8.3802,125.91,26.01,787
60,0.55,50,63,63,100.00,8.3797,116.68,24.70,787
60,0.65,40,63,63,100.00,8.3701,127.91,25.67,787
15,0.55,35,63,63,100.00,8.3680,101.79,20.41,787
80,0.65,5,63,63,100.00,8.3633,147.75,26.58,787
5,0.50,10,63,63,100.00,8.3625,77.96,15.80,787
75,0.55,35,63,63,100.00,8.3597,124.30,26.02,787
70,0.65,5,63,63,100.00,8.3566,136.75,25.67,787
65,0.65,5,63,63,100.00,8.3532,132.75,24.94,787
65,0.65,50,63,63,100.00,8.3513,131.01,25.82,787
65,0.65,10,63,63,100.00,8.3489,136.15,25.62,787
70,0.55,45,63,63,100.00,8.3456,116.02,25.46,787
65,0.65,40,63,63,100.00,8.3406,127.80,26.16,787
25,0.55,5,63,63,100.00,8.3387,101.65,20.38,787
75,0.75,5,63,63,100.00,8.3386,148.52,26.75,787
55,0.55,50,63,63,100.00,8.3385,115.99,24.11,787
0,0.50,50,63,63,100.00,8.3354,77.31,15.91,787
70,0.55,50,63,63,100.00,8.3351,116.01,25.72,787
60,0.65,5,63,63,100.00,8.3323,132.10,24.91,787
70,0.65,35,63,63,100.00,8.3312,135.72,26.41,787
80,0.75,10,63,63,100.00,8.3289,142.59,27.00,787
50,0.55,60,63,63,100.00,8.3282,116.33,24.07,787
60,0.65,35,63,63,100.00,8.3277,127.47,25.67,787
70,0.65,20,63,63,100.00,8.3263,132.52,26.27,787
65,0.65,35,63,63,100.00,8.3241,132.60,25.81,787
50,0.65,5,63,63,100.00,8.3236,126.46,24.16,787
60,0.65,45,63,63,100.00,8.3230,128.65,25.75,787
85,0.55,60,63,63,100.00,8.3220,138.14,26.24,787
65,0.55,30,63,63,100.00,8.3194,117.36,25.22,787
20,0.65,5,63,63,100.00,8.3191,114.92,21.76,787
85,0.55,5,63,63,100.00,8.3152,136.11,27.07,787
75,0.55,45,63,63,100.00,8.3139,123.10,26.00,787
65,0.65,45,63,63,100.00,8.3131,128.64,26.01,787
60,0.75,40,63,63,100.00,8.3121,134.81,26.23,787
80,0.75,5,63,63,100.00,8.3086,151.80,26.99,787
95,0.50,55,63,63,100.00,8.3084,134.28,26.56,787
55,0.65,5,63,63,100.00,8.3081,129.14,24.59,787
70,0.75,5,63,63,100.00,8.3049,142.56,26.22,787
90,0.55,60,63,63,100.00,8.3049,141.83,26.33,787
55,0.75,20,63,63,100.00,8.3024,136.92,25.94,787
65,0.75,5,63,63,100.00,8.3017,139.08,25.60,787
65,0.55,25,63,63,100.00,8.3010,117.96,25.29,787
75,0.65,40,63,63,100.00,8.3006,136.91,26.77,787
65,0.75,50,63,63,100.00,8.2970,137.44,26.36,787
55,0.50,55,63,63,100.00,8.2967,103.73,23.34,787
75,0.75,15,63,63,100.00,8.2939,138.78,26.95,787
60,0.65,50,63,63,100.00,8.2937,129.37,25.80,787
65,0.75,10,63,63,100.00,8.2937,141.92,26.19,787
95,0.50,50,63,63,100.00,8.2900,135.86,26.33,787
70,0.55,60,63,63,100.00,8.2893,127.14,25.46,787
65,0.75,40,63,63,100.00,8.2890,134.71,26.64,787
75,0.65,35,63,63,100.00,8.2880,135.66,26.77,787
60,0.75,5,63,63,100.00,8.2849,138.52,25.57,787
95,0.55,60,63,63,100.00,8.2847,139.81,26.82,787
70,0.75,35,63,63,100.00,8.2834,141.59,26.85,787
70,0.55,55,63,63,100.00,8.2829,127.74,25.46,787
70,0.55,40,63,63,100.00,8.2811,119.77,25.70,787
0,0.55,50,63,63,100.00,8.2802,93.63,18.60,787
60,0.55,30,63,63,100.00,8.2802,114.53,25.05,787
75,0.80,5,63,63,100.00,8.2787,153.41,27.20,787
60,0.75,35,63,63,100.00,8.2779,134.46,26.22,787
65,0.75,35,63,63,100.00,8.2774,138.97,26.35,787
50,0.75,5,63,63,100.00,8.2770,133.67,24.97,787
70,0.75,20,63,63,100.00,8.2766,138.79,26.72,787
15,0.65,35,63,63,100.00,8.2752,117.73,22.64,787
95,0.55,55,63,63,100.00,8.2749,141.33,27.04,787
60,0.75,45,63,63,100.00,8.2741,135.47,26.30,787
70,0.65,45,63,63,100.00,8.2736,128.70,26.36,787
20,0.75,5,63,63,100.00,8.2735,123.75,23.00,787
0,0.50,45,63,63,100.00,8.2729,73.53,15.74,787
75,0.65,10,63,63,100.00,8.2711,132.17,26.60,787
25,0.65,5,63,63,100.00,8.2694,117.84,22.57,787
65,0.65,15,63,63,100.00,8.2689,132.73,26.00,787
80,0.80,10,63,63,100.00,8.2683,148.44,27.40,787
70,0.75,15,63,63,100.00,8.2675,138.81,26.67,787
65,0.75,45,63,63,100.00,8.2665,135.45,26.52,787
90,0.50,5,63,63,100.00,8.2665,128.69,27.35,787
70,0.65,50,63,63,100.00,8.2660,128.70,26.55,787
10,0.65,5,63,63,100.00,8.2651,113.19,21.41,787
55,0.75,5,63,63,100.00,8.2631,136.01,25.31,787
85,0.65,60,63,63,100.00,8.2604,146.18,26.93,787
95,0.55,50,63,63,100.00,8.2599,142.78,26.79,787
45,0.80,45,63,63,100.00,8.2595,141.45,25.93,787
45,0.55,5,63,63,100.00,8.2580,110.01,22.40,787
75,0.75,40,63,63,100.00,8.2579,142.62,27.14,787
75,0.65,45,63,63,100.00,8.2552,134.67,26.76,787
60,0.80,40,63,63,100.00,8.2547,141.98,26.79,787
55,0.65,50,63,63,100.00,8.2542,128.91,25.35,787
80,0.80,5,63,63,100.00,8.2534,155.93,27.39,787
45,0.55,15,63,63,100.00,8.2526,113.83,22.89,787
40,0.75,15,63,63,100.00,8.2525,134.23,24.71,787
65,0.65,30,63,63,100.00,8.2521,129.95,26.15,787
70,0.80,5,63,63,100.00,8.2517,148.49,26.78,787
85,0.65,5,63,63,100.00,8.2513,145.09,27.54,787
55,0.65,45,63,63,100.00,8.2510,127.27,25.22,787
90,0.65,60,63,63,100.00,8.2506,149.16,26.99,787
0,0.50,30,63,63,100.00,8.2505,74.56,15.90,787
60,0.55,25,63,63,100.00,8.2501,116.09,25.04,787
60,0.75,50,63,63,100.00,8.2499,136.08,26.35,787
90,0.50,55,63,63,100.00,8.2495,128.76,26.10,787
65,0.75,20,63,63,100.00,8.2491,137.15,26.49,787
50,0.65,60,63,63,100.00,8.2490,129.15,25.32,787
55,0.55,55,63,63,100.00,8.2490,115.78,24.47,787
65,0.80,5,63,63,100.00,8.2489,145.58,26.28,787
75,0.75,35,63,63,100.00,8.2483,141.56,27.14,787
0,0.65,60,63,63,100.00,8.2479,112.71,21.10,787
55,0.80,20,63,63,100.00,8.2474,143.70,26.55,787
65,0.80,50,63,63,100.00,8.2432,144.13,26.90,787
65,0.55,55,63,63,100.00,8.2415,124.47,24.74,787
10,0.50,40,63,63,100.00,8.2412,83.83,17.74,787
75,0.80,15,63,63,100.00,8.2404,145.27,27.36,787
65,0.80,10,63,63,100.00,8.2394,147.87,26.76,787
90,0.55,5,63,63,100.00,8.2380,137.20,27.67,787
65,0.65,25,63,63,100.00,8.2376,130.46,26.21,787
65,0.80,40,63,63,100.00,8.2372,141.88,27.12,787
5,0.65,10,63,63,100.00,8.2368,111.69,21.19,787
60,0.80,5,63,63,100.00,8.2359,145.12,26.25,787
70,0.75,45,63,63,100.00,8.2351,135.44,26.81,787
0,0.55,45,63,63,100.00,8.2346,90.44,18.47,787
70,0.80,35,63,63,100.00,8.2344,147.62,27.28,787
95,0.65,60,63,63,100.00,8.2344,147.52,27.36,787
60,0.75,20,63,63,100.00,8.2343,136.17,26.27,787
70,0.65,40,63,63,100.00,8.2335,132.10,26.54,787
70,0.65,60,63,63,100.00,8.2323,137.37,26.36,787
25,0.75,5,63,63,100.00,8.2314,126.36,23.67,787
15,0.75,35,63,63,100.00,8.2313,126.17,23.75,787
75,0.75,10,63,63,100.00,8.2311,138.49,27.00,787
90,0.55,55,63,63,100.00,8.2299,136.67,26.62,787
65,0.80,35,63,63,100.00,8.2296,145.51,26.89,787
50,0.80,5,63,63,100.00,8.2292,141.12,25.77,787
55,0.80,40,63,63,100.00,8.2292,140.41,26.54,787
70,0.75,50,63,63,100.00,8.2288,135.45,26.96,787
55,0.65,35,63,63,100.00,8.2283,123.84,25.41,787
75,0.55,25,63,63,100.00,8.2283,133.77,25.52,787
60,0.80,35,63,63,100.00,8.2282,141.71,26.79,787
65,0.75,15,63,63,100.00,8.2280,139.04,26.50,787
70,0.65,55,63,63,100.00,8.2277,137.81,26.36,787
10,0.75,5,63,63,100.00,8.2275,122.28,22.71,787
70,0.80,20,63,63,100.00,8.2271,145.28,27.18,787
95,0.65,55,63,63,100.00,8.2265,148.76,27.52,787
20,0.80,5,63,63,100.00,8.2265,132.94,24.22,787
85,0.75,60,63,63,100.00,8.2261,150.38,27.28,787
60,0.80,45,63,63,100.00,8.2253,142.54,26.85,787
60,0.65,30,63,63,100.00,8.2237,127.73,26.03,787
90,0.50,40,63,63,100.00,8.2229,129.48,26.26,787
75,0.75,45,63,63,100.00,8.2217,140.70,27.14,787
85,0.50,50,63,63,100.00,8.2199,128.42,25.88,787
65,0.80,45,63,63,100.00,8.2197,142.52,27.03,787
70,0.80,15,63,63,100.00,8.2192,145.34,27.14,787
90,0.75,60,63,63,100.00,8.2189,152.95,27.33,787
75,0.85,5,63,63,100.00,8.2179,158.35,27.68,787
0,0.65,50,63,63,100.00,8.2177,111.35,21.28,787
75,0.55,50,63,63,100.00,8.2175,133.52,26.24,787
55,0.80,5,63,63,100.00,8.2174,143.08,26.04,787
90,0.50,50,63,63,100.00,8.2172,129.73,26.00,787
85,0.75,5,63,63,100.00,8.2170,149.68,27.77,787
65,0.75,30,63,63,100.00,8.2164,136.60,26.62,787
95,0.65,50,63,63,100.00,8.2154,150.00,27.34,787
80,0.55,55,63,63,100.00,8.2153,134.74,26.25,787
50,0.80,50,63,63,100.00,8.2143,142.45,26.24,787
75,0.80,40,63,63,100.00,8.2142,148.47,27.52,787
55,0.75,50,63,63,100.00,8.2138,135.72,25.96,787
45,0.65,5,63,63,100.00,8.2127,124.18,24.04,787
55,0.75,45,63,63,100.00,8.2125,134.29,25.86,787
0,0.75,60,63,63,100.00,8.2117,121.85,22.48,787
45,0.65,15,63,63,100.00,8.2114,127.27,24.38,787
70,0.65,10,63,63,100.00,8.2113,130.97,26.58,787
50,0.75,60,63,63,100.00,8.2106,135.91,25.93,787
40,0.80,15,63,63,100.00,8.2096,141.59,25.57,787
80,0.85,10,63,63,100.00,8.2085,154.44,27.83,787
75,0.80,35,63,63,100.00,8.2069,147.62,27.52,787
60,0.80,50,63,63,100.00,8.2061,143.04,26.89,787
90,0.55,40,63,63,100.00,8.2056,137.24,26.76,787
65,0.80,20,63,63,100.00,8.2055,143.94,26.99,787
95,0.75,60,63,63,100.00,8.2049,151.54,27.63,787
70,0.75,40,63,63,100.00,8.2046,138.52,26.95,787
85,0.55,50,63,63,100.00,8.2043,136.43,26.51,787
65,0.75,25,63,63,100.00,8.2041,137.05,26.67,787
60,0.65,25,63,63,100.00,8.2035,128.92,26.02,787
85,0.50,55,63,63,100.00,8.2026,126.76,25.98,787
5,0.75,10,63,63,100.00,8.2021,121.02,22.55,787
30,0.55,40,63,63,100.00,8.2020,106.46,22.30,787
80,0.55,45,63,63,100.00,8.2019,133.93,26.28,787
70,0.75,60,63,63,100.00,8.2013,142.80,26.81,787
10,0.55,40,63,63,100.00,8.2010,99.06,20.05,787
45,0.85,45,63,63,100.00,8.2006,149.03,26.71,787
90,0.55,50,63,63,100.00,8.1997,137.50,26.61,787
75,0.55,55,63,63,100.00,8.1997,131.78,26.20,787
65,0.65,55,63,63,100.00,8.1991,135.37,25.83,787
80,0.55,60,63,63,100.00,8.1991,132.78,26.04,787
60,0.80,10,63,63,100.00,8.1989,146.00,26.35,787
55,0.75,35,63,63,100.00,8.1988,131.41,26.00,787
95,0.75,55,63,63,100.00,8.1984,152.61,27.76,787
50,0.80,45,63,63,100.00,8.1984,140.70,26.30,787
80,0.85,5,63,63,100.00,8.1983,160.16,27.81,787
60,0.85,40,63,63,100.00,8.1982,149.42,27.35,787
70,0.85,5,63,63,100.00,8.1976,154.54,27.36,787
70,0.75,55,63,63,100.00,8.1976,143.17,26.81,787
85,0.55,55,63,63,100.00,8.1965,135.04,26.52,787
75,0.65,25,63,63,100.00,8.1964,142.98,26.40,787
90,0.65,5,63,63,100.00,8.1963,145.94,27.99,787
85,0.50,45,63,63,100.00,8.1962,129.12,25.81,787
20,0.80,15,63,63,100.00,8.1960,136.97,24.76,787
90,0.50,45,63,63,100.00,8.1956,128.30,26.01,787
70,0.80,45,63,63,100.00,8.1956,142.46,27.26,787
55,0.65,55,63,63,100.00,8.1955,128.74,25.61,787
65,0.85,5,63,63,100.00,8.1954,152.26,26.99,787
55,0.85,15,63,63,100.00,8.1947,151.50,26.83,787
60,0.80,20,63,63,100.00,8.1939,143.10,26.83,787
90,0.65,55,63,63,100.00,8.1934,145.06,27.22,787
45,0.85,10,63,63,100.00,8.1934,149.06,26.63,787
60,0.75,30,63,63,100.00,8.1931,134.70,26.52,787
55,0.85,20,63,63,100.00,8.1930,150.74,27.17,787
25,0.80,5,63,63,100.00,8.1925,135.17,24.76,787
75,0.80,10,63,63,100.00,8.1911,145.03,27.40,787
70,0.80,50,63,63,100.00,8.1907,142.46,27.38,787
65,0.85,50,63,63,100.00,8.1900,151.06,27.44,787
85,0.80,60,63,63,100.00,8.1900,154.71,27.62,787
90,0.55,45,63,63,100.00,8.1899,136.30,26.55,787
95,0.75,50,63,63,100.00,8.1893,153.71,27.62,787
10,0.80,5,63,63,100.00,8.1890,131.75,24.01,787
15,0.80,35,63,63,100.00,8.1890,134.94,24.85,787
50,0.80,55,63,63,100.00,8.1889,142.86,26.48,787
40,0.85,10,63,63,100.00,8.1882,148.23,26.53,787
85,0.55,45,63,63,100.00,8.1879,137.01,26.45,787
65,0.80,15,63,63,100.00,8.1877,145.53,27.00,787
75,0.85,15,63,63,100.00,8.1877,151.98,27.80,787
75,0.80,45,63,63,100.00,8.1863,146.89,27.52,787
65,0.85,10,63,63,100.00,8.1862,153.99,27.35,787
45,0.75,5,63,63,100.00,8.1862,131.67,24.87,787
45,0.75,15,63,63,100.00,8.1861,134.34,25.14,787
60,0.85,5,63,63,100.00,8.1860,151.91,26.94,787
0,0.75,50,63,63,100.00,8.1859,120.75,22.62,787
75,0.65,50,63,63,100.00,8.1858,142.73,26.94,787
65,0.85,40,63,63,100.00,8.1858,149.33,27.60,787
0,0.65,45,63,63,100.00,8.1858,108.82,21.20,787
80,0.55,40,63,63,100.00,8.1853,133.63,26.17,787
80,0.50,40,63,63,100.00,8.1853,124.93,25.54,787
90,0.80,60,63,63,100.00,8.1850,156.84,27.66,787
70,0.85,35,63,63,100.00,8.1848,153.81,27.72,787
95,0.50,45,63,63,100.00,8.1835,129.78,26.61,787
80,0.65,55,63,63,100.00,8.1828,143.54,26.95,787
70,0.75,10,63,63,100.00,8.1820,137.49,26.98,787
85,0.80,5,63,63,100.00,8.1816,154.32,28.01,787
65,0.85,35,63,63,100.00,8.1812,152.22,27.43,787
50,0.85,5,63,63,100.00,8.1809,148.81,26.58,787
65,0.80,30,63,63,100.00,8.1801,143.48,27.11,787
55,0.85,40,63,63,100.00,8.1796,148.23,27.17,787
60,0.85,35,63,63,100.00,8.1788,149.22,27.35,787
20,0.85,5,63,63,100.00,8.1787,142.49,25.46,787
70,0.85,20,63,63,100.00,8.1781,151.98,27.67,787
75,0.55,60,63,63,100.00,8.1779,131.59,26.03,787
60,0.75,25,63,63,100.00,8.1772,135.70,26.52,787
60,0.85,45,63,63,100.00,8.1769,149.87,27.40,787
0,0.80,60,63,63,100.00,8.1754,131.37,23.84,787
80,0.65,45,63,63,100.00,8.1751,143.04,26.96,787
55,0.80,50,63,63,100.00,8.1751,142.77,26.56,787
75,0.75,25,63,63,100.00,8.1751,147.76,26.84,787
55,0.80,45,63,63,100.00,8.1748,141.56,26.50,787
65,0.75,55,63,63,100.00,8.1747,141.15,26.37,787
95,0.55,45,63,63,100.00,8.1746,137.60,27.04,787
90,0.65,40,63,63,100.00,8.1740,145.49,27.35,787
85,0.65,50,63,63,100.00,8.1736,144.90,27.14,787
70,0.80,40,63,63,100.00,8.1734,145.13,27.37,787
95,0.80,60,63,63,100.00,8.1734,155.67,27.91,787
50,0.80,60,63,63,100.00,8.1732,142.91,26.54,787
65,0.85,45,63,63,100.00,8.1730,149.85,27.53,787
75,0.65,55,63,63,100.00,8.1730,141.33,26.91,787
80,0.65,60,63,63,100.00,8.1727,142.08,26.79,787
60,0.80,15,63,63,100.00,8.1726,142.91,26.72,787
55,0.85,10,63,63,100.00,8.1725,152.58,26.93,787
50,0.80,25,63,63,100.00,8.1723,142.03,26.52,787
90,0.75,5,63,63,100.00,8.1723,150.40,28.15,787
70,0.85,15,63,63,100.00,8.1717,152.06,27.63,787
55,0.85,5,63,63,100.00,8.1715,150.35,26.79,787
90,0.75,55,63,63,100.00,8.1709,149.45,27.52,787
85,0.65,55,63,63,100.00,8.1704,143.82,27.14,787
65,0.80,25,63,63,100.00,8.1703,143.86,27.15,787
75,0.85,40,63,63,100.00,8.1698,154.47,27.90,787
70,0.80,60,63,63,100.00,8.1694,148.46,27.26,787
90,0.65,50,63,63,100.00,8.1692,145.72,27.22,787
95,0.80,55,63,63,100.00,8.1684,156.57,28.00,787
55,0.75,55,63,63,100.00,8.1682,135.57,26.18,787
55,0.80,35,63,63,100.00,8.1677,139.25,26.59,787
45,0.80,55,63,63,100.00,8.1676,143.04,26.20,787
5,0.80,10,63,63,100.00,8.1674,130.73,23.89,787
50,0.85,50,63,63,100.00,8.1666,149.79,26.94,787
70,0.80,55,63,63,100.00,8.1664,148.76,27.26,787
40,0.85,15,63,63,100.00,8.1662,149.18,26.44,787
90,0.65,45,63,63,100.00,8.1660,144.78,27.16,787
25,0.80,20,63,63,100.00,8.1653,138.59,25.02,787
35,0.55,5,63,63,100.00,8.1653,102.91,21.02,787
75,0.75,50,63,63,100.00,8.1652,147.51,27.28,787
75,0.55,20,63,63,100.00,8.1647,125.81,25.76,787
75,0.85,35,63,63,100.00,8.1647,153.82,27.90,787
80,0.65,40,63,63,100.00,8.1646,142.80,26.88,787
95,0.50,5,63,63,100.00,8.1640,130.51,28.61,787
85,0.65,45,63,63,100.00,8.1635,145.34,27.10,787
30,0.65,40,63,63,100.00,8.1629,121.56,23.96,787
60,0.85,50,63,63,100.00,8.1627,150.24,27.43,787
80,0.75,55,63,63,100.00,8.1622,148.14,27.30,787
65,0.85,20,63,63,100.00,8.1622,150.95,27.53,787
60,0.80,30,63,63,100.00,8.1617,141.92,27.03,787
95,0.80,50,63,63,100.00,8.1612,157.50,27.90,787
0,0.75,45,63,63,100.00,8.1601,118.59,22.55,787
35,0.85,10,63,63,100.00,8.1599,148.01,26.47,787
10,0.65,40,63,63,100.00,8.1592,115.56,22.36,787
25,0.55,40,63,63,100.00,8.1587,104.17,22.23,787
45,0.80,15,63,63,100.00,8.1585,141.66,25.92,787
45,0.80,5,63,63,100.00,8.1580,139.44,25.69,787
75,0.65,60,63,63,100.00,8.1578,141.12,26.78,787
85,0.55,40,63,63,100.00,8.1570,136.42,26.66,787
80,0.75,45,63,63,100.00,8.1569,147.77,27.30,787
85,0.50,40,63,63,100.00,8.1566,128.45,26.13,787
50,0.85,45,63,63,100.00,8.1559,148.47,26.98,787
70,0.85,45,63,63,100.00,8.1557,149.75,27.70,787
45,0.80,60,63,63,100.00,8.1556,142.82,26.29,787
60,0.85,10,63,63,100.00,8.1555,152.53,27.04,787
35,0.50,5,63,63,100.00,8.1553,88.07,19.05,787
75,0.75,55,63,63,100.00,8.1547,146.31,27.26,787
80,0.75,60,63,63,100.00,8.1546,146.94,27.16,787
20,0.85,15,63,63,100.00,8.1545,145.67,25.87,787
90,0.75,40,63,63,100.00,8.1544,149.81,27.64,787
0,0.80,50,63,63,100.00,8.1544,130.51,23.95,787
85,0.75,50,63,63,100.00,8.1543,149.32,27.45,787
60,0.85,20,63,63,100.00,8.1537,150.29,27.39,787
50,0.85,10,63,63,100.00,8.1531,149.88,26.78,787
25,0.85,5,63,63,100.00,8.1531,144.28,25.86,787
80,0.55,50,63,63,100.00,8.1528,132.60,26.35,787
85,0.85,60,63,63,100.00,8.1526,159.17,27.97,787
95,0.55,5,63,63,100.00,8.1526,138.62,28.70,787
85,0.75,55,63,63,100.00,8.1523,148.41,27.45,787
70,0.80,10,63,63,100.00,8.1523,144.23,27.39,787
70,0.85,50,63,63,100.00,8.1521,149.76,27.79,787
75,0.85,10,63,63,100.00,8.1515,151.79,27.83,787
75,0.55,30,63,63,100.00,8.1513,130.80,25.60,787
95,0.65,45,63,63,100.00,8.1513,145.87,27.55,787
75,0.80,25,63,63,100.00,8.1510,152.66,27.28,787
35,0.65,5,63,63,100.00,8.1510,118.83,22.99,787
90,0.75,50,63,63,100.00,8.1504,150.01,27.52,787
10,0.85,5,63,63,100.00,8.1503,141.58,25.31,787
45,0.80,25,63,63,100.00,8.1499,140.35,26.32,787
60,0.80,25,63,63,100.00,8.1498,142.73,27.02,787
75,0.85,45,63,63,100.00,8.1496,153.25,27.89,787
90,0.85,60,63,63,100.00,8.1494,160.83,28.00,787
90,0.75,45,63,63,100.00,8.1491,149.21,27.47,787
65,0.80,55,63,63,100.00,8.1488,147.14,26.91,787
80,0.75,40,63,63,100.00,8.1487,147.57,27.23,787
50,0.85,55,63,63,100.00,8.1483,150.12,27.13,787
15,0.85,35,63,63,100.00,8.1483,144.04,25.93,787
65,0.85,15,63,63,100.00,8.1482,152.21,27.53,787
80,0.55,25,63,63,100.00,8.1480,136.63,26.02,787
20,0.55,25,63,63,100.00,8.1472,104.77,21.15,787
85,0.75,45,63,63,100.00,8.1469,149.69,27.42,787
90,0.80,5,63,63,100.00,8.1468,154.90,28.31,787
30,0.80,15,63,63,100.00,8.1465,139.04,25.21,787
90,0.80,55,63,63,100.00,8.1464,153.96,27.82,787
85,0.85,5,63,63,100.00,8.1455,159.01,28.28,787
30,0.55,5,63,63,100.00,8.1455,101.30,20.70,787
75,0.65,20,63,63,100.00,8.1437,136.45,26.57,787
65,0.85,30,63,63,100.00,8.1436,150.60,27.59,787
30,0.65,5,63,63,100.00,8.1427,117.60,22.75,787
75,0.75,60,63,63,100.00,8.1426,146.11,27.15,787
75,0.80,50,63,63,100.00,8.1423,152.42,27.63,787
30,0.75,40,63,63,100.00,8.1421,129.50,24.81,787
80,0.55,20,63,63,100.00,8.1411,136.84,25.90,787
55,0.80,55,63,63,100.00,8.1409,142.64,26.74,787
70,0.85,40,63,63,100.00,8.1405,151.91,27.78,787
85,0.65,40,63,63,100.00,8.1404,144.88,27.27,787
80,0.65,25,63,63,100.00,8.1404,145.23,26.77,787
95,0.85,60,63,63,100.00,8.1403,159.92,28.21,787
75,0.65,30,63,63,100.00,8.1402,140.72,26.46,787
0,0.50,35,63,63,100.00,8.1398,71.04,15.82,787
80,0.80,55,63,63,100.00,8.1395,152.89,27.64,787
0,0.85,60,63,63,100.00,8.1394,141.28,25.18,787
25,0.65,40,63,63,100.00,8.1390,119.72,23.94,787
60,0.85,15,63,63,100.00,8.1384,150.15,27.32,787
55,0.85,45,63,63,100.00,8.1383,149.11,27.14,787
10,0.75,40,63,63,100.00,8.1383,124.31,23.52,787
55,0.85,50,63,63,100.00,8.1379,150.06,27.18,787
35,0.75,5,63,63,100.00,8.1377,127.20,24.00,787
80,0.65,50,63,63,100.00,8.1376,142.02,27.02,787
20,0.65,25,63,63,100.00,8.1373,120.28,23.15,787
50,0.85,60,63,63,100.00,8.1370,150.16,27.17,787
50,0.85,25,63,63,100.00,8.1370,149.48,27.15,787
95,0.85,55,63,63,100.00,8.1368,160.62,28.27,787
70,0.85,60,63,63,100.00,8.1366,154.35,27.70,787
65,0.85,25,63,63,100.00,8.1363,150.89,27.62,787
80,0.80,45,63,63,100.00,8.1362,152.63,27.64,787
95,0.75,45,63,63,100.00,8.1358,150.18,27.81,787
55,0.85,35,63,63,100.00,8.1354,147.37,27.20,787
70,0.85,55,63,63,100.00,8.1345,154.57,27.70,787
0,0.80,45,63,63,100.00,8.1343,128.75,23.90,787
75,0.80,55,63,63,100.00,8.1341,151.43,27.62,787
80,0.80,60,63,63,100.00,8.1340,151.93,27.54,787
25,0.85,20,63,63,100.00,8.1336,146.88,26.04,787
5,0.85,10,63,63,100.00,8.1333,140.81,25.22,787
5,0.55,40,63,63,100.00,8.1332,98.85,19.77,787
85,0.80,50,63,63,100.00,8.1331,153.86,27.77,787
90,0.80,40,63,63,100.00,8.1330,154.26,27.94,787
5,0.50,40,63,63,100.00,8.1330,83.58,17.39,787
80,0.65,20,63,63,100.00,8.1328,145.52,26.68,787
25,0.80,15,63,63,100.00,8.1327,137.99,25.12,787
45,0.85,55,63,63,100.00,8.1325,150.26,26.91,787
30,0.75,5,63,63,100.00,8.1324,126.18,23.79,787
0,0.50,25,63,63,100.00,8.1324,75.27,15.80,787
85,0.80,55,63,63,100.00,8.1319,153.13,27.77,787
15,0.85,5,63,63,100.00,8.1319,141.40,25.41,787
95,0.85,50,63,63,100.00,8.1315,161.36,28.19,787
0,0.55,35,63,63,100.00,8.1313,88.26,18.53,787
60,0.85,30,63,63,100.00,8.1300,149.40,27.53,787
80,0.80,40,63,63,100.00,8.1300,152.47,27.59,787
80,0.75,25,63,63,100.00,8.1300,149.67,27.15,787
90,0.80,50,63,63,100.00,8.1298,154.42,27.83,787
90,0.80,45,63,63,100.00,8.1298,153.78,27.78,787
95,0.65,5,63,63,100.00,8.1296,146.97,28.79,787
75,0.75,20,63,63,100.00,8.1294,142.07,26.98,787
45,0.85,15,63,63,100.00,8.1294,149.22,26.70,787
75,0.75,30,63,63,100.00,8.1290,145.86,26.89,787
45,0.85,5,63,63,100.00,8.1286,147.49,26.53,787
85,0.80,45,63,63,100.00,8.1279,154.16,27.74,787
85,0.75,40,63,63,100.00,8.1275,149.30,27.58,787
20,0.75,25,63,63,100.00,8.1257,128.44,24.16,787
25,0.75,40,63,63,100.00,8.1252,127.92,24.79,787
80,0.75,50,63,63,100.00,8.1252,146.91,27.35,787
35,0.80,15,63,63,100.00,8.1248,139.11,25.30,787
75,0.80,60,63,63,100.00,8.1247,151.25,27.53,787
75,0.85,25,63,63,100.00,8.1247,157.67,27.72,787
80,0.55,35,63,63,100.00,8.1239,131.54,26.12,787
45,0.85,60,63,63,100.00,8.1238,150.09,26.98,787
0,0.85,50,63,63,100.00,8.1235,140.66,25.26,787
90,0.55,35,63,63,100.00,8.1234,141.79,26.93,787
70,0.85,10,63,63,100.00,8.1227,151.19,27.82,787
80,0.75,20,63,63,100.00,8.1227,149.97,27.07,787
60,0.85,25,63,63,100.00,8.1218,150.01,27.53,787
65,0.85,55,63,63,100.00,8.1217,153.36,27.44,787
35,0.80,5,63,63,100.00,8.1214,135.86,25.00,787
80,0.65,35,63,63,100.00,8.1214,141.16,26.84,787
45,0.85,25,63,63,100.00,8.1212,148.21,26.99,787
30,0.80,40,63,63,100.00,8.1210,137.72,25.65,787
90,0.85,55,63,63,100.00,8.1203,158.62,28.15,787
90,0.85,5,63,63,100.00,8.1201,159.46,28.50,787
30,0.85,15,63,63,100.00,8.1199,147.23,26.20,787
5,0.65,40,63,63,100.00,8.1193,115.40,22.16,787
65,0.55,60,63,63,100.00,8.1188,122.81,25.16,787
95,0.80,45,63,63,100.00,8.1183,154.60,28.07,787
90,0.50,35,63,63,100.00,8.1180,134.76,26.46,787
30,0.80,5,63,63,100.00,8.1180,135.04,24.84,787
85,0.55,35,63,63,100.00,8.1176,137.70,26.62,787
75,0.85,50,63,63,100.00,8.1175,157.45,27.97,787
10,0.80,40,63,63,100.00,8.1174,133.40,24.66,787
80,0.80,25,63,63,100.00,8.1161,154.20,27.52,787
95,0.75,5,63,63,100.00,8.1157,151.23,28.84,787
15,0.80,25,63,63,100.00,8.1156,134.17,24.82,787
80,0.85,55,63,63,100.00,8.1152,157.79,27.99,787
75,0.80,30,63,63,100.00,8.1146,151.12,27.32,787
55,0.85,55,63,63,100.00,8.1140,149.95,27.31,787
80,0.75,35,63,63,100.00,8.1138,146.18,27.20,787
90,0.65,35,63,63,100.00,8.1137,149.15,27.47,787
15,0.55,30,63,63,100.00,8.1135,100.55,20.83,787
80,0.85,45,63,63,100.00,8.1134,157.62,27.98,787
75,0.80,20,63,63,100.00,8.1132,147.91,27.39,787
85,0.65,35,63,63,100.00,8.1131,146.02,27.23,787
85,0.80,40,63,63,100.00,8.1123,153.84,27.89,787
80,0.85,60,63,63,100.00,8.1115,157.07,27.91,787
75,0.85,55,63,63,100.00,8.1114,156.69,27.97,787
20,0.80,25,63,63,100.00,8.1112,136.87,25.15,787
30,0.50,5,63,63,100.00,8.1106,86.10,18.69,787
10,0.55,35,63,63,100.00,8.1106,98.88,20.28,787
80,0.80,50,63,63,100.00,8.1105,151.93,27.69,787
25,0.85,15,63,63,100.00,8.1104,146.43,26.14,787
85,0.85,50,63,63,100.00,8.1103,158.54,28.08,787
90,0.85,40,63,63,100.00,8.1102,158.83,28.23,787
65,0.65,60,63,63,100.00,8.1100,134.14,26.14,787
25,0.80,40,63,63,100.00,8.1097,136.41,25.64,787
85,0.85,55,63,63,100.00,8.1096,157.99,28.08,787
80,0.80,20,63,63,100.00,8.1095,154.50,27.46,787
80,0.85,40,63,63,100.00,8.1089,157.50,27.95,787
0,0.85,45,63,63,100.00,8.1088,139.30,25.23,787
5,0.75,40,63,63,100.00,8.1087,124.17,23.35,787
85,0.55,20,63,63,100.00,8.1087,139.33,26.30,787
90,0.85,45,63,63,100.00,8.1084,158.48,28.09,787
90,0.85,50,63,63,100.00,8.1078,158.96,28.15,787
85,0.85,45,63,63,100.00,8.1070,158.76,28.06,787
15,0.65,30,63,63,100.00,8.1066,116.74,22.94,787
85,0.75,35,63,63,100.00,8.1056,150.32,27.54,787
10,0.50,35,63,63,100.00,8.1053,83.59,18.00,787
85,0.65,20,63,63,100.00,8.1049,147.49,26.98,787
90,0.75,35,63,63,100.00,8.1049,152.96,27.74,787
75,0.85,60,63,63,100.00,8.1047,156.54,27.90,787
20,0.80,20,63,63,100.00,8.1046,136.18,24.90,787
35,0.85,15,63,63,100.00,8.1036,147.29,26.24,787
80,0.50,35,63,63,100.00,8.1034,122.44,25.47,787
85,0.50,35,63,63,100.00,8.1034,129.75,26.08,787
80,0.80,35,63,63,100.00,8.1029,151.33,27.57,787
35,0.85,5,63,63,100.00,8.1026,144.81,26.02,787
65,0.75,60,63,63,100.00,8.1016,140.13,26.63,787
0,0.85,30,63,63,100.00,8.1013,139.79,25.27,787
10,0.65,35,63,63,100.00,8.1012,115.44,22.54,787
0,0.55,55,63,63,100.00,8.1011,92.63,18.62,787
95,0.80,5,63,63,100.00,8.1007,155.54,28.88,787
30,0.85,5,63,63,100.00,8.1004,144.19,25.90,787
30,0.85,40,63,63,100.00,8.0997,146.21,26.51,787
80,0.85,25,63,63,100.00,8.0993,158.84,27.90,787
95,0.85,45,63,63,100.00,8.0993,159.13,28.33,787
0,0.65,55,63,63,100.00,8.0991,110.53,21.27,787
15,0.75,30,63,63,100.00,8.0988,125.32,24.00,787
85,0.75,20,63,63,100.00,8.0983,151.66,27.33,787
75,0.85,30,63,63,100.00,8.0978,156.51,27.74,787
95,0.55,20,63,63,100.00,8.0977,150.95,27.33,787
95,0.50,20,63,63,100.00,8.0966,145.35,26.97,787
10,0.85,40,63,63,100.00,8.0966,142.85,25.80,787
5,0.80,40,63,63,100.00,8.0964,133.29,24.53,787
75,0.90,5,63,63,100.00,8.0960,168.34,28.65,787
85,0.80,35,63,63,100.00,8.0955,154.73,27.86,787
75,0.85,20,63,63,100.00,8.0954,153.95,27.82,787
70,0.65,30,63,63,100.00,8.0954,140.01,26.42,787
85,0.50,20,63,63,100.00,8.0953,131.40,25.69,787
85,0.85,40,63,63,100.00,8.0952,158.53,28.20,787
15,0.85,25,63,63,100.00,8.0950,143.46,25.91,787
95,0.55,25,63,63,100.00,8.0949,147.44,27.28,787
20,0.85,25,63,63,100.00,8.0943,145.58,26.16,787
85,0.65,10,63,63,100.00,8.0941,148.60,27.33,787
90,0.80,35,63,63,100.00,8.0939,156.85,28.02,787
80,0.85,20,63,63,100.00,8.0939,159.11,27.87,787
80,0.85,50,63,63,100.00,8.0938,157.09,28.02,787
10,0.75,35,63,63,100.00,8.0931,124.22,23.66,787
0,0.75,55,63,63,100.00,8.0928,120.03,22.61,787
95,0.55,35,63,63,100.00,8.0927,142.56,27.09,787
25,0.85,40,63,63,100.00,8.0927,145.20,26.50,787
50,0.90,15,63,63,100.00,8.0922,165.68,28.34,787
80,0.90,10,63,63,100.00,8.0921,166.92,28.70,787
70,0.55,25,63,63,100.00,8.0918,123.73,25.55,787
70,0.75,30,63,63,100.00,8.0917,145.27,26.86,787
95,0.65,35,63,63,100.00,8.0916,149.88,27.59,787
65,0.80,60,63,63,100.00,8.0913,146.33,27.11,787
85,0.75,10,63,63,100.00,8.0906,152.49,27.60,787
70,0.65,25,63,63,100.00,8.0905,134.87,26.42,787
70,0.55,30,63,63,100.00,8.0905,129.87,25.55,787
95,0.55,30,63,63,100.00,8.0897,145.48,27.20,787
95,0.65,25,63,63,100.00,8.0896,153.71,27.72,787
10,0.55,30,63,63,100.00,8.0896,98.13,20.11,787
85,0.55,10,63,63,100.00,8.0895,141.09,26.80,787
80,0.65,15,63,63,100.00,8.0894,140.98,26.97,787
70,0.90,5,63,63,100.00,8.0892,167.00,28.54,787
80,0.85,35,63,63,100.00,8.0892,156.63,27.93,787
85,0.80,20,63,63,100.00,8.0892,155.88,27.67,787
80,0.90,5,63,63,100.00,8.0892,168.89,28.68,787
15,0.80,30,63,63,100.00,8.0889,134.23,25.04,787
95,0.65,20,63,63,100.00,8.0888,156.55,27.76,787
45,0.90,45,63,63,100.00,8.0887,165.00,28.33,787
80,0.65,30,63,63,100.00,8.0886,140.75,26.85,787
60,0.90,40,63,63,100.00,8.0886,165.12,28.54,787
65,0.90,5,63,63,100.00,8.0884,166.17,28.42,787
20,0.85,20,63,63,100.00,8.0882,145.07,25.97,787
45,0.90,10,63,63,100.00,8.0880,165.04,28.30,787
55,0.90,15,63,63,100.00,8.0880,165.86,28.37,787
0,0.80,35,63,63,100.00,8.0878,127.44,23.92,787
95,0.50,25,63,63,100.00,8.0876,141.33,26.90,787
15,0.80,15,63,63,100.00,8.0874,131.09,24.72,787
80,0.75,30,63,63,100.00,8.0874,145.83,27.21,787
55,0.90,20,63,63,100.00,8.0870,165.58,28.48,787
95,0.75,35,63,63,100.00,8.0868,153.63,27.85,787
80,0.75,15,63,63,100.00,8.0866,146.01,27.31,787
40,0.90,10,63,63,100.00,8.0862,164.74,28.27,787
65,0.90,50,63,63,100.00,8.0862,165.69,28.57,787
95,0.65,30,63,63,100.00,8.0858,152.08,27.65,787
70,0.75,25,63,63,100.00,8.0856,140.75,26.86,787
20,0.65,10,63,63,100.00,8.0856,117.91,22.82,787
60,0.90,5,63,63,100.00,8.0855,166.05,28.40,787
30,0.90,20,63,63,100.00,8.0853,164.58,28.12,787
75,0.90,15,63,63,100.00,8.0852,166.04,28.69,787
70,0.90,35,63,63,100.00,8.0851,166.69,28.66,787
95,0.85,5,63,63,100.00,8.0850,159.92,28.94,787
10,0.80,25,63,63,100.00,8.0849,131.51,24.59,787
70,0.80,30,63,63,100.00,8.0849,150.65,27.29,787
65,0.90,40,63,63,100.00,8.0849,165.08,28.62,787
10,0.65,30,63,63,100.00,8.0845,114.83,22.42,787
65,0.90,10,63,63,100.00,8.0843,166.76,28.54,787
20,0.75,10,63,63,100.00,8.0842,126.47,23.90,787
85,0.80,10,63,63,100.00,8.0840,156.48,27.87,787
0,0.80,55,63,63,100.00,8.0840,129.92,23.94,787
65,0.90,35,63,63,100.00,8.0840,166.16,28.57,787
50,0.90,5,63,63,100.00,8.0838,164.95,28.29,787
10,0.50,30,63,63,100.00,8.0836,82.72,17.78,787
95,0.75,25,63,63,100.00,8.0836,156.90,27.96,787
10,0.80,35,63,63,100.00,8.0834,133.34,24.78,787
80,0.55,15,63,63,100.00,8.0834,131.37,26.31,787
85,0.85,35,63,63,100.00,8.0831,159.23,28.17,787
20,0.90,5,63,63,100.00,8.0829,162.72,27.92,787
55,0.90,40,63,63,100.00,8.0828,164.73,28.48,787
5,0.85,40,63,63,100.00,8.0827,142.77,25.70,787
45,0.90,40,63,63,100.00,8.0825,164.57,28.30,787
60,0.90,35,63,63,100.00,8.0824,165.06,28.54,787
80,0.80,30,63,63,100.00,8.0824,151.05,27.57,787
70,0.90,20,63,63,100.00,8.0823,166.04,28.65,787
95,0.75,20,63,63,100.00,8.0819,159.35,27.99,787
60,0.90,45,63,63,100.00,8.0819,165.29,28.56,787
90,0.65,30,63,63,100.00,8.0817,149.03,27.49,787
15,0.80,20,63,63,100.00,8.0813,132.47,24.75,787
90,0.85,35,63,63,100.00,8.0813,160.84,28.29,787
80,0.80,15,63,63,100.00,8.0809,151.18,27.65,787
65,0.90,45,63,63,100.00,8.0808,165.28,28.60,787
95,0.50,30,63,63,100.00,8.0807,139.13,26.80,787
95,0.75,30,63,63,100.00,8.0805,155.48,27.90,787
55,0.90,5,63,63,100.00,8.0804,165.51,28.36,787
75,0.90,40,63,63,100.00,8.0803,166.93,28.72,787
90,0.55,30,63,63,100.00,8.0800,141.64,26.95,787
0,0.50,55,63,63,100.00,8.0799,76.16,15.97,787
70,0.90,15,63,63,100.00,8.0798,166.09,28.63,787
95,0.80,35,63,63,100.00,8.0798,157.45,28.10,787
55,0.90,10,63,63,100.00,8.0797,166.24,28.40,787
10,0.80,15,63,63,100.00,8.0795,129.99,24.63,787
65,0.85,60,63,63,100.00,8.0793,152.75,27.59,787
40,0.90,45,63,63,100.00,8.0793,164.72,28.27,787
50,0.90,30,63,63,100.00,8.0791,164.97,28.41,787
10,0.75,30,63,63,100.00,8.0791,123.69,23.57,787
20,0.80,10,63,63,100.00,8.0791,135.30,24.96,787
40,0.90,25,63,63,100.00,8.0790,164.98,28.36,787
40,0.90,15,63,63,100.00,8.0790,165.09,28.24,787
75,0.90,35,63,63,100.00,8.0787,166.71,28.72,787
70,0.80,25,63,63,100.00,8.0786,146.84,27.29,787
90,0.75,30,63,63,100.00,8.0784,152.86,27.76,787
95,0.50,35,63,63,100.00,8.0782,135.50,26.67,787
85,0.85,20,63,63,100.00,8.0781,160.17,28.03,787
40,0.90,50,63,63,100.00,8.0781,164.84,28.28,787
45,0.90,30,63,63,100.00,8.0777,164.85,28.36,787
0,0.85,25,63,63,100.00,8.0774,139.86,25.25,787
80,0.55,30,63,63,100.00,8.0774,131.00,26.14,787
50,0.90,50,63,63,100.00,8.0774,165.26,28.41,787
15,0.85,30,63,63,100.00,8.0773,143.49,26.07,787
60,0.90,50,63,63,100.00,8.0773,165.42,28.57,787
55,0.90,25,63,63,100.00,8.0772,165.36,28.49,787
65,0.90,20,63,63,100.00,8.0771,165.68,28.60,787
35,0.90,10,63,63,100.00,8.0770,164.66,28.25,787
35,0.90,45,63,63,100.00,8.0767,164.55,28.27,787
85,0.75,30,63,63,100.00,8.0761,149.46,27.47,787
95,0.80,25,63,63,100.00,8.0760,160.13,28.20,787
35,0.90,50,63,63,100.00,8.0759,164.64,28.27,787
45,0.90,35,63,63,100.00,8.0759,164.29,28.30,787
50,0.90,35,63,63,100.00,8.0758,164.37,28.37,787
85,0.65,30,63,63,100.00,8.0757,144.98,27.14,787
70,0.90,45,63,63,100.00,8.0755,165.22,28.66,787
70,0.85,30,63,63,100.00,8.0755,156.15,27.73,787
85,0.90,60,63,63,100.00,8.0752,168.51,28.74,787
50,0.90,10,63,63,100.00,8.0751,165.34,28.35,787
50,0.90,40,63,63,100.00,8.0750,164.66,28.38,787
85,0.85,10,63,63,100.00,8.0749,160.56,28.18,787
0,0.85,35,63,63,100.00,8.0749,138.28,25.24,787
15,0.85,15,63,63,100.00,8.0748,141.12,25.83,787
50,0.90,45,63,63,100.00,8.0745,164.81,28.42,787
90,0.90,60,63,63,100.00,8.0744,169.10,28.75,787
60,0.90,20,63,63,100.00,8.0744,165.43,28.55,787
25,0.90,5,63,63,100.00,8.0744,163.39,28.05,787
80,0.85,30,63,63,100.00,8.0743,156.41,27.94,787
70,0.90,50,63,63,100.00,8.0743,165.22,28.68,787
20,0.90,15,63,63,100.00,8.0742,163.88,28.05,787
75,0.90,45,63,63,100.00,8.0740,166.50,28.72,787
95,0.80,20,63,63,100.00,8.0739,162.16,28.22,787
60,0.90,10,63,63,100.00,8.0739,166.23,28.44,787
95,0.80,30,63,63,100.00,8.0737,158.93,28.15,787
75,0.90,10,63,63,100.00,8.0736,165.97,28.70,787
50,0.90,20,63,63,100.00,8.0735,164.98,28.45,787
0,0.85,55,63,63,100.00,8.0735,140.20,25.26,787
95,0.65,40,63,63,100.00,8.0734,145.87,27.57,787
10,0.90,5,63,63,100.00,8.0733,162.41,27.87,787
85,0.80,30,63,63,100.00,8.0731,154.04,27.80,787
20,0.55,10,63,63,100.00,8.0730,101.58,20.67,787
90,0.80,30,63,63,100.00,8.0730,156.77,28.04,787
10,0.85,25,63,63,100.00,8.0729,141.42,25.75,787
55,0.90,30,63,63,100.00,8.0727,165.30,28.52,787
10,0.85,35,63,63,100.00,8.0726,142.81,25.88,787
80,0.85,15,63,63,100.00,8.0725,156.51,28.01,787
85,0.90,5,63,63,100.00,8.0724,168.56,28.84,787
10,0.80,30,63,63,100.00,8.0723,132.90,24.70,787
65,0.90,15,63,63,100.00,8.0721,166.15,28.60,787
95,0.75,40,63,63,100.00,8.0720,150.19,27.83,787
35,0.90,20,63,63,100.00,8.0718,165.23,28.26,787
50,0.90,55,63,63,100.00,8.0718,165.39,28.47,787
15,0.90,35,63,63,100.00,8.0717,163.26,28.08,787
40,0.75,5,63,63,100.00,8.0715,127.88,24.71,787
30,0.90,10,63,63,100.00,8.0714,164.63,28.18,787
70,0.90,40,63,63,100.00,8.0713,166.05,28.68,787
65,0.90,30,63,63,100.00,8.0712,165.56,28.62,787
95,0.90,60,63,63,100.00,8.0712,168.78,28.82,787
20,0.85,10,63,63,100.00,8.0711,144.41,26.02,787
95,0.85,35,63,63,100.00,8.0708,161.34,28.35,787
40,0.65,5,63,63,100.00,8.0707,119.63,23.85,787
15,0.85,20,63,63,100.00,8.0706,142.18,25.86,787
5,0.65,35,63,63,100.00,8.0703,113.16,22.20,787
95,0.90,55,63,63,100.00,8.0702,169.04,28.84,787
25,0.90,10,63,63,100.00,8.0701,163.72,28.12,787
70,0.85,25,63,63,100.00,8.0699,153.15,27.73,787
60,0.90,15,63,63,100.00,8.0698,165.40,28.53,787
85,0.65,15,63,63,100.00,8.0696,142.97,27.23,787
70,0.90,60,63,63,100.00,8.0696,166.81,28.66,787
35,0.90,55,63,63,100.00,8.0696,164.29,28.27,787
0,0.90,60,63,63,100.00,8.0694,162.29,27.83,787
25,0.65,35,63,63,100.00,8.0693,120.47,23.94,787
55,0.90,35,63,63,100.00,8.0691,164.44,28.49,787
40,0.80,5,63,63,100.00,8.0690,136.41,25.56,787
70,0.90,55,63,63,100.00,8.0689,166.89,28.66,787
65,0.90,25,63,63,100.00,8.0689,165.66,28.63,787
5,0.75,35,63,63,100.00,8.0688,122.29,23.39,787
55,0.90,45,63,63,100.00,8.0686,165.02,28.47,787
50,0.90,25,63,63,100.00,8.0686,165.17,28.47,787
25,0.90,20,63,63,100.00,8.0685,164.29,28.11,787
95,0.90,50,63,63,100.00,8.0685,169.31,28.81,787
40,0.90,35,63,63,100.00,8.0684,164.31,28.29,787
85,0.75,15,63,63,100.00,8.0684,147.66,27.52,787
10,0.85,15,63,63,100.00,8.0683,140.26,25.77,787
40,0.90,40,63,63,100.00,8.0683,164.40,28.30,787
50,0.90,60,63,63,100.00,8.0683,165.40,28.48,787
55,0.90,50,63,63,100.00,8.0682,165.37,28.49,787
95,0.80,40,63,63,100.00,8.0682,154.62,28.08,787
40,0.90,20,63,63,100.00,8.0681,164.81,28.36,787
35,0.90,40,63,63,100.00,8.0679,164.27,28.28,787
25,0.55,35,63,63,100.00,8.0677,105.07,22.23,787
15,0.90,5,63,63,100.00,8.0677,162.34,27.90,787
45,0.90,15,63,63,100.00,8.0676,165.09,28.33,787
5,0.90,10,63,63,100.00,8.0672,162.15,27.84,787
95,0.85,25,63,63,100.00,8.0672,163.40,28.43,787
85,0.85,30,63,63,100.00,8.0672,158.72,28.13,787
95,0.55,40,63,63,100.00,8.0672,137.55,27.06,787
45,0.90,5,63,63,100.00,8.0671,164.47,28.27,787
25,0.75,25,63,63,100.00,8.0668,130.48,24.43,787
60,0.90,30,63,63,100.00,8.0668,165.13,28.60,787
25,0.75,35,63,63,100.00,8.0668,128.58,24.79,787
75,0.90,25,63,63,100.00,8.0667,168.04,28.66,787
45,0.90,55,63,63,100.00,8.0666,165.44,28.40,787
25,0.80,25,63,63,100.00,8.0657,138.55,25.35,787
90,0.85,30,63,63,100.00,8.0657,160.78,28.31,787
0,0.65,15,63,63,100.00,8.0655,106.09,21.08,787
95,0.85,30,63,63,100.00,8.0655,162.45,28.40,787
95,0.85,20,63,63,100.00,8.0651,164.96,28.45,787
5,0.80,35,63,63,100.00,8.0650,131.78,24.56,787
85,0.80,15,63,63,100.00,8.0650,152.50,27.82,787
65,0.90,55,63,63,100.00,8.0649,166.49,28.57,787
40,0.90,60,63,63,100.00,8.0648,165.12,28.38,787
90,0.90,55,63,63,100.00,8.0646,168.33,28.80,787
60,0.90,25,63,63,100.00,8.0645,165.34,28.60,787
10,0.85,30,63,63,100.00,8.0644,142.47,25.83,787
90,0.90,5,63,63,100.00,8.0643,168.71,28.91,787
25,0.65,25,63,63,100.00,8.0643,122.65,23.50,787
5,0.55,35,63,63,100.00,8.0643,95.92,19.83,787
30,0.90,15,63,63,100.00,8.0642,164.40,28.16,787
70,0.90,10,63,63,100.00,8.0642,165.77,28.70,787
85,0.50,10,63,63,100.00,8.0641,133.94,26.26,787
0,0.90,50,63,63,100.00,8.0640,162.10,27.85,787
45,0.90,25,63,63,100.00,8.0640,164.73,28.42,787
45,0.90,60,63,63,100.00,8.0639,165.38,28.42,787
45,0.90,50,63,63,100.00,8.0639,164.81,28.38,787
75,0.90,50,63,63,100.00,8.0639,167.94,28.74,787
45,0.90,20,63,63,100.00,8.0638,164.70,28.42,787
40,0.85,5,63,63,100.00,8.0638,145.23,26.44,787
0,0.75,15,63,63,100.00,8.0632,116.20,22.46,787
85,0.55,15,63,63,100.00,8.0630,134.04,26.64,787
5,0.65,5,63,63,100.00,8.0630,107.56,21.45,787
80,0.90,55,63,63,100.00,8.0630,168.04,28.75,787
90,0.50,30,63,63,100.00,8.0629,134.57,26.48,787
0,0.55,15,63,63,100.00,8.0629,87.11,18.32,787
80,0.90,45,63,63,100.00,8.0628,168.00,28.75,787
40,0.90,30,63,63,100.00,8.0628,164.36,28.33,787
25,0.80,35,63,63,100.00,8.0627,136.97,25.64,787
95,0.85,40,63,63,100.00,8.0624,159.15,28.34,787
85,0.55,30,63,63,100.00,8.0622,136.29,26.48,787
80,0.90,60,63,63,100.00,8.0620,167.80,28.72,787
75,0.90,55,63,63,100.00,8.0619,167.68,28.74,787
25,0.85,25,63,63,100.00,8.0615,146.88,26.29,787
40,0.90,55,63,63,100.00,8.0615,164.30,28.35,787
25,0.90,15,63,63,100.00,8.0614,164.13,28.14,787
80,0.90,40,63,63,100.00,8.0614,167.96,28.74,787
85,0.90,50,63,63,100.00,8.0613,168.30,28.78,787
55,0.90,55,63,63,100.00,8.0613,165.33,28.53,787
90,0.90,40,63,63,100.00,8.0612,168.40,28.83,787
85,0.90,55,63,63,100.00,8.0612,168.12,28.78,787
90,0.90,45,63,63,100.00,8.0610,168.28,28.78,787
5,0.75,5,63,63,100.00,8.0609,117.51,22.76,787
85,0.90,45,63,63,100.00,8.0606,168.38,28.77,787
90,0.90,50,63,63,100.00,8.0605,168.44,28.81,787
35,0.75,30,63,63,100.00,8.0601,129.96,25.09,787
30,0.90,45,63,63,100.00,8.0600,163.97,28.26,787
75,0.90,60,63,63,100.00,8.0599,167.61,28.72,787
85,0.85,15,63,63,100.00,8.0597,157.50,28.14,787
5,0.85,35,63,63,100.00,8.0595,141.62,25.72,787
0,0.80,15,63,63,100.00,8.0594,126.75,23.82,787
0,0.65,5,63,63,100.00,8.0594,106.28,21.07,787
35,0.90,5,63,63,100.00,8.0594,163.58,28.10,787
35,0.80,30,63,63,100.00,8.0593,138.07,25.87,787
0,0.90,45,63,63,100.00,8.0593,161.63,27.84,787
35,0.90,25,63,63,100.00,8.0593,164.46,28.33,787
35,0.90,15,63,63,100.00,8.0589,164.43,28.18,787
80,0.90,25,63,63,100.00,8.0587,168.44,28.72,787
30,0.90,5,63,63,100.00,8.0587,163.37,28.06,787
35,0.65,30,63,63,100.00,8.0580,122.13,24.30,787
75,0.90,30,63,63,100.00,8.0579,167.65,28.67,787
95,0.90,45,63,63,100.00,8.0577,168.53,28.86,787
0,0.75,5,63,63,100.00,8.0576,116.36,22.45,787
0,0.55,5,63,63,100.00,8.0574,87.37,18.30,787
25,0.85,35,63,63,100.00,8.0574,145.64,26.50,787
5,0.80,5,63,63,100.00,8.0574,127.87,24.06,787
35,0.90,35,63,63,100.00,8.0574,164.10,28.28,787
30,0.90,40,63,63,100.00,8.0570,164.05,28.26,787
0,0.90,30,63,63,100.00,8.0568,161.80,27.86,787
80,0.90,20,63,63,100.00,8.0566,168.56,28.71,787
85,0.90,40,63,63,100.00,8.0566,168.30,28.82,787
75,0.90,20,63,63,100.00,8.0564,166.70,28.70,787
35,0.85,30,63,63,100.00,8.0562,146.47,26.67,787
20,0.90,25,63,63,100.00,8.0562,163.84,28.15,787
80,0.90,50,63,63,100.00,8.0561,167.81,28.76,787
40,0.55,5,63,63,100.00,8.0561,103.94,22.16,787
80,0.50,15,63,63,100.00,8.0558,122.34,25.72,787
10,0.90,40,63,63,100.00,8.0557,162.84,28.03,787
25,0.90,40,63,63,100.00,8.0554,163.69,28.26,787
80,0.90,35,63,63,100.00,8.0552,167.66,28.73,787
15,0.90,25,63,63,100.00,8.0550,163.07,28.07,787
0,0.80,5,63,63,100.00,8.0546,126.88,23.81,787
0,0.85,15,63,63,100.00,8.0545,137.74,25.17,787
20,0.90,20,63,63,100.00,8.0535,163.68,28.09,787
10,0.80,10,63,63,100.00,8.0530,131.23,24.63,787
85,0.90,35,63,63,100.00,8.0529,168.56,28.81,787
5,0.85,5,63,63,100.00,8.0528,138.63,25.34,787
10,0.80,20,63,63,100.00,8.0526,129.58,24.63,787
95,0.90,5,63,63,100.00,8.0523,168.85,29.06,787
5,0.90,40,63,63,100.00,8.0521,162.81,28.00,787
90,0.90,35,63,63,100.00,8.0519,169.11,28.85,787
90,0.80,20,63,63,100.00,8.0513,156.50,28.04,787
65,0.90,60,63,63,100.00,8.0512,166.29,28.62,787
90,0.80,25,63,63,100.00,8.0512,155.12,28.08,787
85,0.90,20,63,63,100.00,8.0510,168.93,28.77,787
0,0.85,5,63,63,100.00,8.0507,137.83,25.16,787
80,0.90,30,63,63,100.00,8.0506,167.59,28.73,787
70,0.90,30,63,63,100.00,8.0505,167.53,28.66,787
15,0.90,30,63,63,100.00,8.0504,163.07,28.12,787
85,0.90,10,63,63,100.00,8.0504,169.02,28.81,787
90,0.75,25,63,63,100.00,8.0503,150.79,27.81,787
90,0.75,20,63,63,100.00,8.0502,152.49,27.79,787
10,0.85,10,63,63,100.00,8.0500,141.21,25.77,787
90,0.85,20,63,63,100.00,8.0500,160.59,28.31,787
90,0.85,25,63,63,100.00,8.0498,159.55,28.34,787
0,0.90,25,63,63,100.00,8.0497,161.81,27.85,787
80,0.90,15,63,63,100.00,8.0496,167.62,28.76,787
30,0.90,60,63,63,100.00,8.0492,163.85,28.28,787
30,0.90,50,63,63,100.00,8.0492,163.87,28.26,787
0,0.90,55,63,63,100.00,8.0490,161.93,27.85,787
20,0.90,10,63,63,100.00,8.0489,163.46,28.10,787
10,0.85,20,63,63,100.00,8.0488,139.94,25.77,787
15,0.90,15,63,63,100.00,8.0488,162.28,28.04,787
0,0.90,35,63,63,100.00,8.0486,161.25,27.85,787
95,0.90,35,63,63,100.00,8.0485,169.31,28.87,787
10,0.90,35,63,63,100.00,8.0485,162.83,28.06,787
10,0.90,25,63,63,100.00,8.0482,162.36,28.01,787
70,0.90,25,63,63,100.00,8.0482,166.43,28.66,787
85,0.90,30,63,63,100.00,8.0481,168.40,28.80,787
15,0.90,20,63,63,100.00,8.0476,162.64,28.05,787
90,0.65,25,63,63,100.00,8.0469,146.55,27.54,787
40,0.90,5,63,63,100.00,8.0468,163.72,28.24,787
95,0.90,25,63,63,100.00,8.0468,170.04,28.90,787
90,0.90,30,63,63,100.00,8.0468,169.09,28.86,787
60,0.80,55,63,63,100.00,8.0467,145.87,26.91,787
30,0.90,25,63,63,100.00,8.0465,164.18,28.32,787
90,0.65,20,63,63,100.00,8.0464,148.56,27.54,787
10,0.90,15,63,63,100.00,8.0463,161.96,28.02,787
95,0.90,30,63,63,100.00,8.0462,169.69,28.89,787
25,0.90,25,63,63,100.00,8.0461,164.30,28.19,787
85,0.85,25,63,63,100.00,8.0461,159.22,28.24,787
60,0.85,55,63,63,100.00,8.0461,152.40,27.45,787
10,0.90,30,63,63,100.00,8.0458,162.71,28.04,787
95,0.90,40,63,63,100.00,8.0458,168.54,28.87,787
5,0.85,45,63,63,100.00,8.0458,142.70,25.77,787
95,0.90,20,63,63,100.00,8.0458,170.59,28.91,787
30,0.90,55,63,63,100.00,8.0456,163.63,28.27,787
5,0.80,45,63,63,100.00,8.0455,133.19,24.63,787
85,0.80,25,63,63,100.00,8.0454,154.71,27.94,787
60,0.75,55,63,63,100.00,8.0454,139.56,26.38,787
85,0.90,15,63,63,100.00,8.0448,167.95,28.80,787
25,0.55,25,63,63,100.00,8.0447,107.71,21.61,787
5,0.90,35,63,63,100.00,8.0445,162.43,28.01,787
95,0.50,40,63,63,100.00,8.0445,129.66,26.62,787
35,0.90,30,63,63,100.00,8.0440,164.13,28.32,787
25,0.90,35,63,63,100.00,8.0437,163.85,28.26,787
0,0.50,5,63,63,100.00,8.0431,70.08,15.52,787
5,0.75,45,63,63,100.00,8.0427,124.04,23.48,787
35,0.55,30,63,63,100.00,8.0425,107.29,22.75,787
0,0.90,15,63,63,100.00,8.0423,161.06,27.82,787
85,0.75,25,63,63,100.00,8.0421,150.29,27.64,787
90,0.90,20,63,63,100.00,8.0419,169.04,28.86,787
60,0.65,55,63,63,100.00,8.0419,133.48,25.85,787
90,0.90,25,63,63,100.00,8.0418,168.68,28.87,787
5,0.90,5,63,63,100.00,8.0417,161.39,27.88,787
80,0.50,30,63,63,100.00,8.0415,121.78,25.50,787
10,0.90,10,63,63,100.00,8.0411,162.29,28.02,787
0,0.90,5,63,63,100.00,8.0410,161.09,27.82,787
85,0.90,25,63,63,100.00,8.0409,168.57,28.84,787
35,0.90,60,63,63,100.00,8.0408,164.02,28.34,787
30,0.85,35,63,63,100.00,8.0408,145.54,26.56,787
5,0.90,45,63,63,100.00,8.0405,162.80,28.02,787
60,0.90,55,63,63,100.00,8.0404,166.17,28.57,787
10,0.90,20,63,63,100.00,8.0403,161.85,28.02,787
5,0.50,35,63,63,100.00,8.0402,80.01,17.47,787
30,0.80,35,63,63,100.00,8.0392,136.85,25.72,787
30,0.90,35,63,63,100.00,8.0388,163.82,28.28,787
85,0.50,15,63,63,100.00,8.0386,125.68,26.14,787
95,0.90,10,63,63,100.00,8.0379,169.70,29.01,787
95,0.85,10,63,63,100.00,8.0371,162.43,28.78,787
5,0.90,15,63,63,100.00,8.0368,161.86,27.99,787
5,0.85,20,63,63,100.00,8.0368,139.89,25.77,787
25,0.90,30,63,63,100.00,8.0367,163.78,28.29,787
5,0.85,15,63,63,100.00,8.0365,139.97,25.66,787
5,0.90,20,63,63,100.00,8.0365,161.83,28.02,787
55,0.90,60,63,63,100.00,8.0363,166.17,28.55,787
60,0.90,60,63,63,100.00,8.0362,166.13,28.57,787
0,0.90,40,63,63,100.00,8.0361,161.66,27.86,787
5,0.80,20,63,63,100.00,8.0360,129.50,24.63,787
85,0.65,25,63,63,100.00,8.0358,145.96,27.34,787
10,0.90,45,63,63,100.00,8.0358,162.81,28.12,787
30,0.75,35,63,63,100.00,8.0357,128.44,24.90,787
15,0.90,45,63,63,100.00,8.0357,162.90,28.13,787
5,0.90,30,63,63,100.00,8.0356,161.87,28.01,787
5,0.90,25,63,63,100.00,8.0356,161.87,28.01,787
20,1.00,15,63,63,100.00,8.0356,173.40,29.13,787
50,1.00,30,63,63,100.00,8.0356,173.40,29.13,787
100,0.50,10,63,63,100.00,8.0356,173.40,29.13,787
100,0.90,50,63,63,100.00,8.0356,173.40,29.13,787
45,1.00,55,63,63,100.00,8.0356,173.40,29.13,787
15,1.00,10,63,63,100.00,8.0356,173.40,29.13,787
100,0.85,60,63,63,100.00,8.0356,173.40,29.13,787
65,1.00,55,63,63,100.00,8.0356,173.40,29.13,787
45,1.00,15,63,63,100.00,8.0356,173.40,29.13,787
95,1.00,35,63,63,100.00,8.0356,173.40,29.13,787
75,1.00,30,63,63,100.00,8.0356,173.40,29.13,787
15,1.00,25,63,63,100.00,8.0356,173.40,29.13,787
75,1.00,60,63,63,100.00,8.0356,173.40,29.13,787
90,1.00,55,63,63,100.00,8.0356,173.40,29.13,787
65,1.00,50,63,63,100.00,8.0356,173.40,29.13,787
50,1.00,10,63,63,100.00,8.0356,173.40,29.13,787
75,1.00,55,63,63,100.00,8.0356,173.40,29.13,787
5,1.00,20,63,63,100.00,8.0356,173.40,29.13,787
20,1.00,30,63,63,100.00,8.0356,173.40,29.13,787
25,1.00,20,63,63,100.00,8.0356,173.40,29.13,787
20,1.00,45,63,63,100.00,8.0356,173.40,29.13,787
35,1.00,25,63,63,100.00,8.0356,173.40,29.13,787
60,1.00,10,63,63,100.00,8.0356,173.40,29.13,787
100,0.85,20,63,63,100.00,8.0356,173.40,29.13,787
100,0.80,55,63,63,100.00,8.0356,173.40,29.13,787
50,1.00,45,63,63,100.00,8.0356,173.40,29.13,787
5,1.00,40,63,63,100.00,8.0356,173.40,29.13,787
15,1.00,55,63,63,100.00,8.0356,173.40,29.13,787
40,1.00,40,63,63,100.00,8.0356,173.40,29.13,787
85,1.00,60,63,63,100.00,8.0356,173.40,29.13,787
85,1.00,40,63,63,100.00,8.0356,173.40,29.13,787
85,1.00,35,63,63,100.00,8.0356,173.40,29.13,787
50,1.00,40,63,63,100.00,8.0356,173.40,29.13,787
100,0.85,50,63,63,100.00,8.0356,173.40,29.13,787
100,0.55,30,63,63,100.00,8.0356,173.40,29.13,787
95,1.00,30,63,63,100.00,8.0356,173.40,29.13,787
30,1.00,15,63,63,100.00,8.0356,173.40,29.13,787
100,0.75,40,63,63,100.00,8.0356,173.40,29.13,787
65,1.00,35,63,63,100.00,8.0356,173.40,29.13,787
0,1.00,5,63,63,100.00,8.0356,173.40,29.13,787
100,0.85,45,63,63,100.00,8.0356,173.40,29.13,787
5,1.00,5,63,63,100.00,8.0356,173.40,29.13,787
100,0.65,60,63,63,100.00,8.0356,173.40,29.13,787
60,1.00,25,63,63,100.00,8.0356,173.40,29.13,787
65,1.00,40,63,63,100.00,8.0356,173.40,29.13,787
90,1.00,30,63,63,100.00,8.0356,173.40,29.13,787
90,1.00,15,63,63,100.00,8.0356,173.40,29.13,787
0,1.00,10,63,63,100.00,8.0356,173.40,29.13,787
35,1.00,60,63,63,100.00,8.0356,173.40,29.13,787
25,1.00,30,63,63,100.00,8.0356,173.40,29.13,787
90,1.00,45,63,63,100.00,8.0356,173.40,29.13,787
65,1.00,45,63,63,100.00,8.0356,173.40,29.13,787
80,1.00,50,63,63,100.00,8.0356,173.40,29.13,787
50,1.00,60,63,63,100.00,8.0356,173.40,29.13,787
100,1.00,15,63,63,100.00,8.0356,173.40,29.13,787
75,1.00,10,63,63,100.00,8.0356,173.40,29.13,787
20,1.00,10,63,63,100.00,8.0356,173.40,29.13,787
10,1.00,10,63,63,100.00,8.0356,173.40,29.13,787
70,1.00,5,63,63,100.00,8.0356,173.40,29.13,787
95,1.00,10,63,63,100.00,8.0356,173.40,29.13,787
100,0.55,5,63,63,100.00,8.0356,173.40,29.13,787
5,1.00,10,63,63,100.00,8.0356,173.40,29.13,787
100,0.90,45,63,63,100.00,8.0356,173.40,29.13,787
100,0.55,55,63,63,100.00,8.0356,173.40,29.13,787
100,0.50,30,63,63,100.00,8.0356,173.40,29.13,787
45,1.00,40,63,63,100.00,8.0356,173.40,29.13,787
65,1.00,30,63,63,100.00,8.0356,173.40,29.13,787
75,1.00,20,63,63,100.00,8.0356,173.40,29.13,787
15,1.00,30,63,63,100.00,8.0356,173.40,29.13,787
100,0.50,20,63,63,100.00,8.0356,173.40,29.13,787
30,1.00,5,63,63,100.00,8.0356,173.40,29.13,787
15,1.00,20,63,63,100.00,8.0356,173.40,29.13,787
55,1.00,15,63,63,100.00,8.0356,173.40,29.13,787
100,0.90,20,63,63,100.00,8.0356,173.40,29.13,787
100,0.80,10,63,63,100.00,8.0356,173.40,29.13,787
100,0.65,35,63,63,100.00,8.0356,173.40,29.13,787
15,1.00,45,63,63,100.00,8.0356,173.40,29.13,787
100,0.50,50,63,63,100.00,8.0356,173.40,29.13,787
35,1.00,10,63,63,100.00,8.0356,173.40,29.13,787
100,1.00,45,63,63,100.00,8.0356,173.40,29.13,787
70,1.00,15,63,63,100.00,8.0356,173.40,29.13,787
95,1.00,15,63,63,100.00,8.0356,173.40,29.13,787
45,1.00,10,63,63,100.00,8.0356,173.40,29.13,787
100,1.00,20,63,63,100.00,8.0356,173.40,29.13,787
15,1.00,60,63,63,100.00,8.0356,173.40,29.13,787
35,1.00,5,63,63,100.00,8.0356,173.40,29.13,787
95,1.00,5,63,63,100.00,8.0356,173.40,29.13,787
100,0.90,15,63,63,100.00,8.0356,173.40,29.13,787
40,1.00,20,63,63,100.00,8.0356,173.40,29.13,787
100,0.65,40,63,63,100.00,8.0356,173.40,29.13,787
100,0.90,40,63,63,100.00,8.0356,173.40,29.13,787
20,1.00,20,63,63,100.00,8.0356,173.40,29.13,787
70,1.00,60,63,63,100.00,8.0356,173.40,29.13,787
100,1.00,35,63,63,100.00,8.0356,173.40,29.13,787
90,1.00,10,63,63,100.00,8.0356,173.40,29.13,787
20,1.00,35,63,63,100.00,8.0356,173.40,29.13,787
5,1.00,55,63,63,100.00,8.0356,173.40,29.13,787
100,0.80,50,63,63,100.00,8.0356,173.40,29.13,787
60,1.00,40,63,63,100.00,8.0356,173.40,29.13,787
95,1.00,50,63,63,100.00,8.0356,173.40,29.13,787
100,0.55,45,63,63,100.00,8.0356,173.40,29.13,787
65,1.00,20,63,63,100.00,8.0356,173.40,29.13,787
100,0.80,25,63,63,100.00,8.0356,173.40,29.13,787
100,0.75,60,63,63,100.00,8.0356,173.40,29.13,787
85,1.00,25,63,63,100.00,8.0356,173.40,29.13,787
95,1.00,20,63,63,100.00,8.0356,173.40,29.13,787
100,0.90,5,63,63,100.00,8.0356,173.40,29.13,787
100,0.75,5,63,63,100.00,8.0356,173.40,29.13,787
100,0.65,50,63,63,100.00,8.0356,173.40,29.13,787
85,1.00,5,63,63,100.00,8.0356,173.40,29.13,787
55,1.00,20,63,63,100.00,8.0356,173.40,29.13,787
100,1.00,25,63,63,100.00,8.0356,173.40,29.13,787
75,1.00,25,63,63,100.00,8.0356,173.40,29.13,787
85,1.00,30,63,63,100.00,8.0356,173.40,29.13,787
10,1.00,25,63,63,100.00,8.0356,173.40,29.13,787
0,1.00,55,63,63,100.00,8.0356,173.40,29.13,787
100,0.55,50,63,63,100.00,8.0356,173.40,29.13,787
55,1.00,60,63,63,100.00,8.0356,173.40,29.13,787
5,1.00,30,63,63,100.00,8.0356,173.40,29.13,787
10,1.00,45,63,63,100.00,8.0356,173.40,29.13,787
75,1.00,35,63,63,100.00,8.0356,173.40,29.13,787
15,1.00,15,63,63,100.00,8.0356,173.40,29.13,787
70,1.00,20,63,63,100.00,8.0356,173.40,29.13,787
0,1.00,35,63,63,100.00,8.0356,173.40,29.13,787
75,1.00,15,63,63,100.00,8.0356,173.40,29.13,787
100,0.50,5,63,63,100.00,8.0356,173.40,29.13,787
100,0.50,40,63,63,100.00,8.0356,173.40,29.13,787
100,0.65,5,63,63,100.00,8.0356,173.40,29.13,787
35,1.00,20,63,63,100.00,8.0356,173.40,29.13,787
10,1.00,40,63,63,100.00,8.0356,173.40,29.13,787
80,1.00,30,63,63,100.00,8.0356,173.40,29.13,787
0,1.00,50,63,63,100.00,8.0356,173.40,29.13,787
50,1.00,15,63,63,100.00,8.0356,173.40,29.13,787
100,1.00,40,63,63,100.00,8.0356,173.40,29.13,787
10,1.00,35,63,63,100.00,8.0356,173.40,29.13,787
20,1.00,55,63,63,100.00,8.0356,173.40,29.13,787
30,1.00,25,63,63,100.00,8.0356,173.40,29.13,787
50,1.00,55,63,63,100.00,8.0356,173.40,29.13,787
40,1.00,60,63,63,100.00,8.0356,173.40,29.13,787
60,1.00,30,63,63,100.00,8.0356,173.40,29.13,787
80,1.00,20,63,63,100.00,8.0356,173.40,29.13,787
100,0.55,25,63,63,100.00,8.0356,173.40,29.13,787
95,1.00,55,63,63,100.00,8.0356,173.40,29.13,787
30,1.00,55,63,63,100.00,8.0356,173.40,29.13,787
10,1.00,30,63,63,100.00,8.0356,173.40,29.13,787
80,1.00,10,63,63,100.00,8.0356,173.40,29.13,787
100,0.85,35,63,63,100.00,8.0356,173.40,29.13,787
80,1.00,35,63,63,100.00,8.0356,173.40,29.13,787
50,1.00,20,63,63,100.00,8.0356,173.40,29.13,787
100,0.90,60,63,63,100.00,8.0356,173.40,29.13,787
25,1.00,15,63,63,100.00,8.0356,173.40,29.13,787
100,0.65,10,63,63,100.00,8.0356,173.40,29.13,787
5,1.00,60,63,63,100.00,8.0356,173.40,29.13,787
65,1.00,60,63,63,100.00,8.0356,173.40,29.13,787
45,1.00,60,63,63,100.00,8.0356,173.40,29.13,787
60,1.00,55,63,63,100.00,8.0356,173.40,29.13,787
15,1.00,5,63,63,100.00,8.0356,173.40,29.13,787
65,1.00,5,63,63,100.00,8.0356,173.40,29.13,787
100,0.85,40,63,63,100.00,8.0356,173.40,29.13,787
100,1.00,5,63,63,100.00,8.0356,173.40,29.13,787
100,0.75,15,63,63,100.00,8.0356,173.40,29.13,787
35,1.00,45,63,63,100.00,8.0356,173.40,29.13,787
70,1.00,10,63,63,100.00,8.0356,173.40,29.13,787
85,1.00,15,63,63,100.00,8.0356,173.40,29.13,787
100,1.00,50,63,63,100.00,8.0356,173.40,29.13,787
100,0.85,30,63,63,100.00,8.0356,173.40,29.13,787
55,1.00,45,63,63,100.00,8.0356,173.40,29.13,787
0,1.00,30,63,63,100.00,8.0356,173.40,29.13,787
50,1.00,50,63,63,100.00,8.0356,173.40,29.13,787
55,1.00,50,63,63,100.00,8.0356,173.40,29.13,787
45,1.00,50,63,63,100.00,8.0356,173.40,29.13,787
25,1.00,40,63,63,100.00,8.0356,173.40,29.13,787
90,1.00,40,63,63,100.00,8.0356,173.40,29.13,787
100,0.90,35,63,63,100.00,8.0356,173.40,29.13,787
25,1.00,5,63,63,100.00,8.0356,173.40,29.13,787
20,1.00,40,63,63,100.00,8.0356,173.40,29.13,787
55,1.00,25,63,63,100.00,8.0356,173.40,29.13,787
55,1.00,40,63,63,100.00,8.0356,173.40,29.13,787
80,1.00,40,63,63,100.00,8.0356,173.40,29.13,787
100,0.55,40,63,63,100.00,8.0356,173.40,29.13,787
100,0.75,55,63,63,100.00,8.0356,173.40,29.13,787
85,1.00,50,63,63,100.00,8.0356,173.40,29.13,787
25,1.00,60,63,63,100.00,8.0356,173.40,29.13,787
75,1.00,50,63,63,100.00,8.0356,173.40,29.13,787
60,1.00,50,63,63,100.00,8.0356,173.40,29.13,787
15,1.00,50,63,63,100.00,8.0356,173.40,29.13,787
0,1.00,25,63,63,100.00,8.0356,173.40,29.13,787
50,1.00,5,63,63,100.00,8.0356,173.40,29.13,787
100,0.80,35,63,63,100.00,8.0356,173.40,29.13,787
100,0.55,60,63,63,100.00,8.0356,173.40,29.13,787
75,1.00,45,63,63,100.00,8.0356,173.40,29.13,787
40,1.00,25,63,63,100.00,8.0356,173.40,29.13,787
100,0.90,30,63,63,100.00,8.0356,173.40,29.13,787
100,0.90,10,63,63,100.00,8.0356,173.40,29.13,787
40,1.00,45,63,63,100.00,8.0356,173.40,29.13,787
60,1.00,15,63,63,100.00,8.0356,173.40,29.13,787
30,1.00,10,63,63,100.00,8.0356,173.40,29.13,787
70,1.00,25,63,63,100.00,8.0356,173.40,29.13,787
15,1.00,35,63,63,100.00,8.0356,173.40,29.13,787
80,1.00,60,63,63,100.00,8.0356,173.40,29.13,787
10,1.00,50,63,63,100.00,8.0356,173.40,29.13,787
80,1.00,15,63,63,100.00,8.0356,173.40,29.13,787
40,1.00,5,63,63,100.00,8.0356,173.40,29.13,787
100,0.55,15,63,63,100.00,8.0356,173.40,29.13,787
0,1.00,45,63,63,100.00,8.0356,173.40,29.13,787
85,1.00,20,63,63,100.00,8.0356,173.40,29.13,787
100,0.50,15,63,63,100.00,8.0356,173.40,29.13,787
80,1.00,55,63,63,100.00,8.0356,173.40,29.13,787
100,0.55,35,63,63,100.00,8.0356,173.40,29.13,787
45,1.00,35,63,63,100.00,8.0356,173.40,29.13,787
65,1.00,15,63,63,100.00,8.0356,173.40,29.13,787
30,1.00,35,63,63,100.00,8.0356,173.40,29.13,787
20,1.00,25,63,63,100.00,8.0356,173.40,29.13,787
100,0.55,20,63,63,100.00,8.0356,173.40,29.13,787
100,0.75,25,63,63,100.00,8.0356,173.40,29.13,787
95,1.00,60,63,63,100.00,8.0356,173.40,29.13,787
100,0.65,25,63,63,100.00,8.0356,173.40,29.13,787
100,0.55,10,63,63,100.00,8.0356,173.40,29.13,787
100,0.50,35,63,63,100.00,8.0356,173.40,29.13,787
10,1.00,20,63,63,100.00,8.0356,173.40,29.13,787
80,1.00,25,63,63,100.00,8.0356,173.40,29.13,787
5,1.00,25,63,63,100.00,8.0356,173.40,29.13,787
100,0.65,45,63,63,100.00,8.0356,173.40,29.13,787
40,1.00,35,63,63,100.00,8.0356,173.40,29.13,787
75,1.00,40,63,63,100.00,8.0356,173.40,29.13,787
90,1.00,25,63,63,100.00,8.0356,173.40,29.13,787
100,0.80,40,63,63,100.00,8.0356,173.40,29.13,787
40,1.00,30,63,63,100.00,8.0356,173.40,29.13,787
25,1.00,25,63,63,100.00,8.0356,173.40,29.13,787
100,0.80,15,63,63,100.00,8.0356,173.40,29.13,787
100,0.50,45,63,63,100.00,8.0356,173.40,29.13,787
0,1.00,20,63,63,100.00,8.0356,173.40,29.13,787
25,1.00,50,63,63,100.00,8.0356,173.40,29.13,787
50,1.00,25,63,63,100.00,8.0356,173.40,29.13,787
70,1.00,50,63,63,100.00,8.0356,173.40,29.13,787
80,1.00,5,63,63,100.00,8.0356,173.40,29.13,787
60,1.00,45,63,63,100.00,8.0356,173.40,29.13,787
35,1.00,15,63,63,100.00,8.0356,173.40,29.13,787
45,1.00,5,63,63,100.00,8.0356,173.40,29.13,787
100,0.80,5,63,63,100.00,8.0356,173.40,29.13,787
0,1.00,40,63,63,100.00,8.0356,173.40,29.13,787
35,1.00,55,63,63,100.00,8.0356,173.40,29.13,787
95,1.00,45,63,63,100.00,8.0356,173.40,29.13,787
100,1.00,30,63,63,100.00,8.0356,173.40,29.13,787
45,1.00,20,63,63,100.00,8.0356,173.40,29.13,787
65,1.00,25,63,63,100.00,8.0356,173.40,29.13,787
60,1.00,20,63,63,100.00,8.0356,173.40,29.13,787
45,1.00,30,63,63,100.00,8.0356,173.40,29.13,787
35,1.00,35,63,63,100.00,8.0356,173.40,29.13,787
85,1.00,45,63,63,100.00,8.0356,173.40,29.13,787
40,1.00,55,63,63,100.00,8.0356,173.40,29.13,787
100,0.75,20,63,63,100.00,8.0356,173.40,29.13,787
85,1.00,10,63,63,100.00,8.0356,173.40,29.13,787
100,1.00,55,63,63,100.00,8.0356,173.40,29.13,787
30,1.00,60,63,63,100.00,8.0356,173.40,29.13,787
55,1.00,30,63,63,100.00,8.0356,173.40,29.13,787
100,0.75,35,63,63,100.00,8.0356,173.40,29.13,787
35,1.00,30,63,63,100.00,8.0356,173.40,29.13,787
100,0.90,25,63,63,100.00,8.0356,173.40,29.13,787
75,1.00,5,63,63,100.00,8.0356,173.40,29.13,787
100,0.65,20,63,63,100.00,8.0356,173.40,29.13,787
100,1.00,60,63,63,100.00,8.0356,173.40,29.13,787
50,1.00,35,63,63,100.00,8.0356,173.40,29.13,787
90,1.00,20,63,63,100.00,8.0356,173.40,29.13,787
65,1.00,10,63,63,100.00,8.0356,173.40,29.13,787
80,1.00,45,63,63,100.00,8.0356,173.40,29.13,787
55,1.00,35,63,63,100.00,8.0356,173.40,29.13,787
5,1.00,15,63,63,100.00,8.0356,173.40,29.13,787
100,0.85,15,63,63,100.00,8.0356,173.40,29.13,787
30,1.00,20,63,63,100.00,8.0356,173.40,29.13,787
90,1.00,5,63,63,100.00,8.0356,173.40,29.13,787
100,0.90,55,63,63,100.00,8.0356,173.40,29.13,787
15,1.00,40,63,63,100.00,8.0356,173.40,29.13,787
70,1.00,45,63,63,100.00,8.0356,173.40,29.13,787
95,1.00,25,63,63,100.00,8.0356,173.40,29.13,787
100,1.00,10,63,63,100.00,8.0356,173.40,29.13,787
100,0.80,20,63,63,100.00,8.0356,173.40,29.13,787
100,0.50,55,63,63,100.00,8.0356,173.40,29.13,787
100,0.75,10,63,63,100.00,8.0356,173.40,29.13,787
45,1.00,25,63,63,100.00,8.0356,173.40,29.13,787
25,1.00,10,63,63,100.00,8.0356,173.40,29.13,787
0,1.00,15,63,63,100.00,8.0356,173.40,29.13,787
100,0.50,60,63,63,100.00,8.0356,173.40,29.13,787
20,1.00,5,63,63,100.00,8.0356,173.40,29.13,787
40,1.00,10,63,63,100.00,8.0356,173.40,29.13,787
10,1.00,55,63,63,100.00,8.0356,173.40,29.13,787
100,0.75,45,63,63,100.00,8.0356,173.40,29.13,787
100,0.65,15,63,63,100.00,8.0356,173.40,29.13,787
25,1.00,45,63,63,100.00,8.0356,173.40,29.13,787
55,1.00,10,63,63,100.00,8.0356,173.40,29.13,787
60,1.00,5,63,63,100.00,8.0356,173.40,29.13,787
90,1.00,35,63,63,100.00,8.0356,173.40,29.13,787
90,1.00,50,63,63,100.00,8.0356,173.40,29.13,787
100,0.75,50,63,63,100.00,8.0356,173.40,29.13,787
30,1.00,30,63,63,100.00,8.0356,173.40,29.13,787
20,1.00,60,63,63,100.00,8.0356,173.40,29.13,787
100,0.80,60,63,63,100.00,8.0356,173.40,29.13,787
30,1.00,40,63,63,100.00,8.0356,173.40,29.13,787
100,0.85,55,63,63,100.00,8.0356,173.40,29.13,787
5,1.00,50,63,63,100.00,8.0356,173.40,29.13,787
100,0.65,55,63,63,100.00,8.0356,173.40,29.13,787
35,1.00,40,63,63,100.00,8.0356,173.40,29.13,787
30,1.00,45,63,63,100.00,8.0356,173.40,29.13,787
100,0.85,5,63,63,100.00,8.0356,173.40,29.13,787
70,1.00,40,63,63,100.00,8.0356,173.40,29.13,787
10,1.00,15,63,63,100.00,8.0356,173.40,29.13,787
20,1.00,50,63,63,100.00,8.0356,173.40,29.13,787
70,1.00,35,63,63,100.00,8.0356,173.40,29.13,787
85,1.00,55,63,63,100.00,8.0356,173.40,29.13,787
10,1.00,60,63,63,100.00,8.0356,173.40,29.13,787
0,1.00,60,63,63,100.00,8.0356,173.40,29.13,787
60,1.00,35,63,63,100.00,8.0356,173.40,29.13,787
100,0.85,25,63,63,100.00,8.0356,173.40,29.13,787
100,0.65,30,63,63,100.00,8.0356,173.40,29.13,787
100,0.80,30,63,63,100.00,8.0356,173.40,29.13,787
55,1.00,55,63,63,100.00,8.0356,173.40,29.13,787
90,1.00,60,63,63,100.00,8.0356,173.40,29.13,787
95,1.00,40,63,63,100.00,8.0356,173.40,29.13,787
10,1.00,5,63,63,100.00,8.0356,173.40,29.13,787
5,1.00,35,63,63,100.00,8.0356,173.40,29.13,787
40,1.00,50,63,63,100.00,8.0356,173.40,29.13,787
55,1.00,5,63,63,100.00,8.0356,173.40,29.13,787
40,1.00,15,63,63,100.00,8.0356,173.40,29.13,787
45,1.00,45,63,63,100.00,8.0356,173.40,29.13,787
100,0.75,30,63,63,100.00,8.0356,173.40,29.13,787
100,0.85,10,63,63,100.00,8.0356,173.40,29.13,787
5,1.00,45,63,63,100.00,8.0356,173.40,29.13,787
60,1.00,60,63,63,100.00,8.0356,173.40,29.13,787
25,1.00,35,63,63,100.00,8.0356,173.40,29.13,787
25,1.00,55,63,63,100.00,8.0356,173.40,29.13,787
100,0.50,25,63,63,100.00,8.0356,173.40,29.13,787
35,1.00,50,63,63,100.00,8.0356,173.40,29.13,787
70,1.00,30,63,63,100.00,8.0356,173.40,29.13,787
70,1.00,55,63,63,100.00,8.0356,173.40,29.13,787
30,1.00,50,63,63,100.00,8.0356,173.40,29.13,787
100,0.80,45,63,63,100.00,8.0356,173.40,29.13,787
30,0.90,30,63,63,100.00,8.0352,163.86,28.31,787
20,0.90,45,63,63,100.00,8.0351,162.66,28.25,787
25,0.85,30,63,63,100.00,8.0348,145.44,26.59,787
5,0.80,15,63,63,100.00,8.0346,129.61,24.48,787
0,0.85,40,63,63,100.00,8.0346,139.39,25.26,787
15,0.90,10,63,63,100.00,8.0342,162.55,28.10,787
25,0.90,45,63,63,100.00,8.0342,163.50,28.25,787
5,0.90,60,63,63,100.00,8.0339,162.65,28.05,787
55,0.85,60,63,63,100.00,8.0338,152.40,27.37,787
25,0.90,50,63,63,100.00,8.0337,163.45,28.27,787
95,0.80,10,63,63,100.00,8.0335,158.86,28.67,787
60,0.85,60,63,63,100.00,8.0334,152.30,27.44,787
5,0.85,30,63,63,100.00,8.0328,140.00,25.72,787
5,0.85,25,63,63,100.00,8.0328,140.00,25.72,787
95,0.90,15,63,63,100.00,8.0327,169.49,29.01,787
0,0.80,40,63,63,100.00,8.0321,128.86,23.95,787
20,0.90,40,63,63,100.00,8.0319,162.45,28.25,787
25,0.80,30,63,63,100.00,8.0314,136.70,25.77,787
5,0.75,15,63,63,100.00,8.0312,119.63,23.29,787
90,0.55,25,63,63,100.00,8.0304,138.31,27.02,787
55,0.80,60,63,63,100.00,8.0303,145.86,26.81,787
5,0.80,25,63,63,100.00,8.0297,129.65,24.56,787
5,0.80,30,63,63,100.00,8.0297,129.65,24.56,787
60,0.80,60,63,63,100.00,8.0297,145.72,26.91,787
30,0.65,35,63,63,100.00,8.0297,120.31,24.06,787
20,0.50,10,63,63,100.00,8.0293,86.30,18.53,787
90,0.90,15,63,63,100.00,8.0291,169.21,28.94,787
90,0.90,10,63,63,100.00,8.0289,169.21,28.93,787
30,0.85,30,63,63,100.00,8.0288,145.71,26.65,787
0,0.90,20,63,63,100.00,8.0288,160.94,27.82,787
10,0.85,45,63,63,100.00,8.0286,142.77,26.08,787
15,0.85,45,63,63,100.00,8.0286,143.04,26.10,787
20,0.85,45,63,63,100.00,8.0284,142.37,26.47,787
20,0.90,35,63,63,100.00,8.0283,162.90,28.26,787
90,0.55,20,63,63,100.00,8.0282,140.92,27.08,787
0,0.90,10,63,63,100.00,8.0277,160.94,27.82,787
95,0.75,10,63,63,100.00,8.0273,155.34,28.57,787
25,0.90,60,63,63,100.00,8.0268,162.75,28.27,787
85,0.50,30,63,63,100.00,8.0266,127.96,25.91,787
25,0.85,45,63,63,100.00,8.0264,144.64,26.48,787
60,0.55,55,63,63,100.00,8.0263,121.96,24.78,787
25,0.75,30,63,63,100.00,8.0260,128.24,24.96,787
25,0.85,50,63,63,100.00,8.0258,144.50,26.52,787
25,0.90,55,63,63,100.00,8.0258,162.28,28.27,787
5,0.65,15,63,63,100.00,8.0258,110.03,22.10,787
5,0.85,60,63,63,100.00,8.0258,142.28,25.85,787
15,0.85,10,63,63,100.00,8.0253,141.93,26.02,787
55,0.75,60,63,63,100.00,8.0250,139.54,26.25,787
60,0.75,60,63,63,100.00,8.0241,139.37,26.37,787
95,0.85,15,63,63,100.00,8.0235,161.91,28.77,787
20,0.90,50,63,63,100.00,8.0229,162.49,28.26,787
30,0.80,30,63,63,100.00,8.0224,137.09,25.84,787
20,0.80,45,63,63,100.00,8.0215,132.80,25.58,787
15,0.80,45,63,63,100.00,8.0204,133.66,25.08,787
10,0.80,45,63,63,100.00,8.0202,133.31,25.04,787
25,0.80,45,63,63,100.00,8.0198,135.67,25.61,787
20,0.90,30,63,63,100.00,8.0198,162.96,28.27,787
25,0.80,50,63,63,100.00,8.0195,135.48,25.64,787
10,0.90,60,63,63,100.00,8.0189,162.65,28.15,787
20,0.85,40,63,63,100.00,8.0188,141.79,26.45,787
5,0.80,60,63,63,100.00,8.0187,132.65,24.73,787
15,0.90,40,63,63,100.00,8.0185,162.07,28.23,787
25,0.65,30,63,63,100.00,8.0184,120.07,24.14,787
20,0.90,55,63,63,100.00,8.0183,162.10,28.27,787
95,0.65,10,63,63,100.00,8.0183,151.86,28.48,787
55,0.65,60,63,63,100.00,8.0177,133.44,25.70,787
10,0.90,50,63,63,100.00,8.0169,162.58,28.13,787
95,0.80,15,63,63,100.00,8.0168,158.23,28.64,787
15,0.80,10,63,63,100.00,8.0168,132.16,24.96,787
5,0.90,50,63,63,100.00,8.0167,162.53,28.11,787
60,0.65,60,63,63,100.00,8.0164,133.23,25.84,787
5,0.90,55,63,63,100.00,8.0159,162.51,28.12,787
20,0.90,60,63,63,100.00,8.0153,162.11,28.27,787
10,0.90,55,63,63,100.00,8.0150,162.60,28.14,787
30,0.75,30,63,63,100.00,8.0134,128.76,25.05,787
0,0.85,20,63,63,100.00,8.0121,137.39,25.16,787
85,0.55,25,63,63,100.00,8.0116,137.59,26.75,787
20,0.75,45,63,63,100.00,8.0116,123.61,24.67,787
25,0.75,50,63,63,100.00,8.0115,126.77,24.76,787
25,0.75,45,63,63,100.00,8.0110,127.00,24.74,787
90,0.85,15,63,63,100.00,8.0105,161.00,28.55,787
90,0.85,10,63,63,100.00,8.0092,160.98,28.55,787
5,0.75,60,63,63,100.00,8.0092,123.37,23.60,787
20,0.80,40,63,63,100.00,8.0087,132.06,25.55,787
0,0.85,10,63,63,100.00,8.0084,137.38,25.17,787
95,0.75,15,63,63,100.00,8.0082,154.64,28.53,787
30,0.55,35,63,63,100.00,8.0082,104.88,22.42,787
15,0.75,45,63,63,100.00,8.0081,124.64,24.05,787
10,0.75,45,63,63,100.00,8.0077,124.20,24.00,787
5,0.55,15,63,63,100.00,8.0070,91.93,19.73,787
20,0.85,35,63,63,100.00,8.0069,143.06,26.50,787
15,0.75,10,63,63,100.00,8.0048,122.74,23.90,787
15,0.90,50,63,63,100.00,8.0041,162.10,28.26,787
15,0.90,60,63,63,100.00,8.0038,161.90,28.27,787
15,0.90,55,63,63,100.00,8.0024,161.85,28.26,787
25,0.85,60,63,63,100.00,8.0018,142.65,26.52,787
0,0.80,20,63,63,100.00,8.0017,126.29,23.81,787
25,0.65,50,63,63,100.00,8.0015,118.35,23.86,787
30,0.65,30,63,63,100.00,8.0013,120.73,24.25,787
25,0.65,45,63,63,100.00,7.9997,118.63,23.86,787
25,0.85,55,63,63,100.00,7.9995,141.30,26.52,787
20,0.65,45,63,63,100.00,7.9979,114.77,23.75,787
90,0.80,15,63,63,100.00,7.9978,156.98,28.36,787
95,0.65,15,63,63,100.00,7.9974,151.12,28.42,787
90,0.50,25,63,63,100.00,7.9965,130.39,26.57,787
0,0.80,10,63,63,100.00,7.9964,126.27,23.82,787
90,0.80,10,63,63,100.00,7.9956,156.94,28.36,787
20,0.75,40,63,63,100.00,7.9955,122.73,24.65,787
55,0.55,60,63,63,100.00,7.9950,121.89,24.59,787
25,0.55,30,63,63,100.00,7.9938,104.54,22.51,787
60,0.55,60,63,63,100.00,7.9928,121.60,24.77,787
20,0.80,35,63,63,100.00,7.9923,133.70,25.61,787
15,0.65,45,63,63,100.00,7.9908,115.97,23.01,787
90,0.50,20,63,63,100.00,7.9907,133.57,26.68,787
20,0.85,50,63,63,100.00,7.9907,141.90,26.49,787
95,0.55,10,63,63,100.00,7.9903,145.04,28.28,787
10,0.65,45,63,63,100.00,7.9901,115.44,22.94,787
0,0.75,20,63,63,100.00,7.9897,115.62,22.45,787
15,0.65,10,63,63,100.00,7.9887,113.66,22.83,787
25,0.80,60,63,63,100.00,7.9853,133.18,25.64,787
0,0.75,10,63,63,100.00,7.9825,115.60,22.46,787
90,0.75,15,63,63,100.00,7.9825,153.02,28.18,787
25,0.80,55,63,63,100.00,7.9823,131.42,25.63,787
20,0.85,30,63,63,100.00,7.9795,143.09,26.52,787
90,0.75,10,63,63,100.00,7.9792,152.96,28.18,787
20,0.65,40,63,63,100.00,7.9787,113.77,23.74,787
15,0.85,40,63,63,100.00,7.9770,140.72,26.39,787
20,0.85,55,63,63,100.00,7.9770,140.78,26.52,787
10,0.85,60,63,63,100.00,7.9765,142.29,26.16,787
0,0.65,20,63,63,100.00,7.9757,105.39,21.07,787
20,0.75,35,63,63,100.00,7.9747,124.69,24.71,787
25,0.55,50,63,63,100.00,7.9741,102.38,22.11,787
20,0.80,50,63,63,100.00,7.9705,132.20,25.60,787
10,0.85,50,63,63,100.00,7.9690,142.09,26.09,787
5,0.85,50,63,63,100.00,7.9684,141.94,26.02,787
25,0.55,45,63,63,100.00,7.9680,102.74,22.10,787
85,0.50,25,63,63,100.00,7.9673,129.56,26.23,787
95,0.55,15,63,63,100.00,7.9673,144.31,28.19,787
0,0.65,10,63,63,100.00,7.9663,105.36,21.08,787
5,0.85,55,63,63,100.00,7.9657,141.88,26.07,787
25,0.75,60,63,63,100.00,7.9656,124.10,24.76,787
30,0.55,30,63,63,100.00,7.9654,105.51,22.67,787
20,0.85,60,63,63,100.00,7.9654,140.83,26.52,787
90,0.65,15,63,63,100.00,7.9640,149.10,28.01,787
10,0.85,55,63,63,100.00,7.9632,142.15,26.12,787
25,0.75,55,63,63,100.00,7.9619,121.93,24.76,787
90,0.65,10,63,63,100.00,7.9595,149.03,28.01,787
55,0.50,60,63,63,100.00,7.9571,111.17,23.52,787
20,0.55,45,63,63,100.00,7.9559,98.16,21.90,787
20,0.80,30,63,63,100.00,7.9541,133.65,25.63,787
20,0.65,35,63,63,100.00,7.9535,116.04,23.80,787
60,0.50,60,63,63,100.00,7.9533,110.78,23.73,787
20,0.80,55,63,63,100.00,7.9524,130.75,25.63,787
15,0.80,40,63,63,100.00,7.9520,130.67,25.47,787
10,0.80,60,63,63,100.00,7.9497,132.67,25.16,787
20,0.75,50,63,63,100.00,7.9472,122.87,24.70,787
95,0.50,10,63,63,100.00,7.9459,138.39,28.08,787
25,0.65,60,63,63,100.00,7.9426,115.38,23.86,787
0,0.55,20,63,63,100.00,7.9396,86.17,18.30,787
10,0.80,50,63,63,100.00,7.9387,132.41,25.06,787
5,0.80,50,63,63,100.00,7.9378,132.21,24.97,787
25,0.65,55,63,63,100.00,7.9377,112.83,23.88,787
15,0.55,45,63,63,100.00,7.9367,99.63,20.94,787
10,0.55,45,63,63,100.00,7.9350,98.93,20.82,787
20,0.80,60,63,63,100.00,7.9349,130.81,25.63,787
5,0.80,55,63,63,100.00,7.9340,132.12,25.03,787
10,0.80,55,63,63,100.00,7.9307,132.48,25.11,787
20,0.55,40,63,63,100.00,7.9304,96.95,21.92,787
15,0.85,50,63,63,100.00,7.9303,140.76,26.49,787
15,0.85,60,63,63,100.00,7.9291,140.23,26.51,787
15,0.85,55,63,63,100.00,7.9254,140.06,26.48,787
20,0.75,55,63,63,100.00,7.9249,121.11,24.74,787
20,0.75,30,63,63,100.00,7.9245,124.53,24.76,787
0,0.55,10,63,63,100.00,7.9244,86.14,18.32,787
15,0.75,40,63,63,100.00,7.9235,121.03,24.53,787
95,0.50,15,63,63,100.00,7.9211,137.80,27.97,787
20,0.65,50,63,63,100.00,7.9201,113.92,23.79,787
10,0.75,60,63,63,100.00,7.9184,123.42,24.14,787
90,0.55,15,63,63,100.00,7.9153,141.43,27.66,787
90,0.55,10,63,63,100.00,7.9085,141.34,27.65,787
10,0.75,50,63,63,100.00,7.9032,123.08,24.02,787
5,0.75,50,63,63,100.00,7.9019,122.84,23.90,787
20,0.75,60,63,63,100.00,7.8999,121.20,24.74,787
20,0.55,35,63,63,100.00,7.8985,99.76,21.98,787
5,0.75,55,63,63,100.00,7.8969,122.73,23.98,787
20,0.65,55,63,63,100.00,7.8941,111.86,23.84,787
10,0.75,55,63,63,100.00,7.8927,123.18,24.08,787
15,0.65,40,63,63,100.00,7.8913,111.78,23.58,787
20,0.65,30,63,63,100.00,7.8900,115.73,23.87,787
0,0.50,20,63,63,100.00,7.8879,68.57,15.52,787
15,0.80,50,63,63,100.00,7.8871,130.70,25.60,787
25,0.55,60,63,63,100.00,7.8855,99.01,22.11,787
15,0.80,60,63,63,100.00,7.8852,130.03,25.63,787
10,0.65,60,63,63,100.00,7.8816,114.53,23.13,787
15,0.80,55,63,63,100.00,7.8809,129.80,25.58,787
25,0.55,55,63,63,100.00,7.8752,95.73,22.17,787
0,0.50,10,63,63,100.00,7.8641,68.52,15.54,787
20,0.65,60,63,63,100.00,7.8600,111.98,23.84,787
5,0.65,50,63,63,100.00,7.8598,113.83,22.83,787
5,0.65,55,63,63,100.00,7.8536,113.70,22.92,787
20,0.55,50,63,63,100.00,7.8523,97.10,21.97,787
90,0.50,15,63,63,100.00,7.8455,133.94,27.31,787
15,0.75,50,63,63,100.00,7.8390,121.03,24.70,787
90,0.50,10,63,63,100.00,7.8378,133.90,27.31,787
15,0.75,60,63,63,100.00,7.8362,120.24,24.74,787
15,0.75,55,63,63,100.00,7.8317,119.95,24.68,787
20,0.55,55,63,63,100.00,7.8209,94.51,22.09,787
15,0.55,40,63,63,100.00,7.8128,94.43,21.69,787
20,0.55,30,63,63,100.00,7.8020,99.05,22.09,787
15,0.65,50,63,63,100.00,7.7853,111.74,23.79,787
15,0.65,60,63,63,100.00,7.7814,110.85,23.84,787
15,0.65,55,63,63,100.00,7.7772,110.50,23.77,787
20,0.55,60,63,63,100.00,7.7614,94.69,22.09,787
5,0.55,50,63,63,100.00,7.7522,96.82,20.72,787
5,0.55,55,63,63,100.00,7.7431,96.66,20.84,787
20,0.50,15,62,63,98.41,8.4381,90.32,18.09,787
85,0.50,5,62,63,98.41,8.3680,127.37,26.60,787
20,0.55,15,62,63,98.41,8.3642,104.85,20.30,787
20,0.65,15,62,63,98.41,8.2806,120.39,22.52,787
25,0.55,20,62,63,98.41,8.2776,108.02,21.01,787
30,0.50,15,62,63,98.41,8.2670,95.24,19.30,787
15,0.50,25,62,63,98.41,8.2384,85.16,18.22,787
20,0.75,15,62,63,98.41,8.2381,128.55,23.64,787
30,0.55,15,62,63,98.41,8.2381,108.86,21.28,787
30,0.50,40,62,63,98.41,8.2329,92.40,20.63,787
25,0.65,20,62,63,98.41,8.2253,122.79,23.02,787
0,0.55,30,62,63,98.41,8.2152,91.40,18.60,787
15,0.55,25,62,63,98.41,8.1999,100.27,20.43,787
30,0.65,15,62,63,98.41,8.1960,123.44,23.24,787
25,0.75,20,62,63,98.41,8.1960,130.56,24.02,787
35,0.55,15,62,63,98.41,8.1953,108.96,21.62,787
25,0.50,15,62,63,98.41,8.1947,92.96,19.13,787
25,0.55,15,62,63,98.41,8.1947,106.95,21.11,787
30,0.75,15,62,63,98.41,8.1720,131.11,24.22,787
0,0.65,30,62,63,98.41,8.1709,109.64,21.29,787
25,0.65,15,62,63,98.41,8.1708,121.95,23.10,787
35,0.65,15,62,63,98.41,8.1637,123.54,23.43,787
25,0.50,40,62,63,98.41,8.1615,89.73,20.51,787
15,0.65,25,62,63,98.41,8.1577,116.58,22.62,787
25,0.75,15,62,63,98.41,8.1531,129.84,24.11,787
20,0.55,20,62,63,98.41,8.1526,103.26,20.65,787
20,0.50,20,62,63,98.41,8.1512,88.33,18.51,787
0,0.75,30,62,63,98.41,8.1476,119.31,22.63,787
35,0.75,15,62,63,98.41,8.1449,131.20,24.37,787
10,0.50,25,62,63,98.41,8.1424,79.52,17.62,787
15,0.75,25,62,63,98.41,8.1366,125.21,23.72,787
20,0.65,20,62,63,98.41,8.1335,119.20,22.77,787
0,0.55,25,62,63,98.41,8.1313,91.86,18.52,787
10,0.50,15,62,63,98.41,8.1312,76.07,17.72,787
10,0.55,25,62,63,98.41,8.1276,95.49,19.94,787
15,0.55,15,62,63,98.41,8.1249,94.48,20.22,787
0,0.80,30,62,63,98.41,8.1243,129.36,23.96,787
10,0.55,15,62,63,98.41,8.1211,92.62,20.02,787
20,0.75,20,62,63,98.41,8.1198,127.56,23.83,787
0,0.65,25,62,63,98.41,8.1147,109.91,21.24,787
0,0.65,35,62,63,98.41,8.1120,107.03,21.24,787
15,0.65,15,62,63,98.41,8.1099,112.09,22.46,787
15,0.55,20,62,63,98.41,8.1098,96.99,20.36,787
10,0.65,25,62,63,98.41,8.1077,112.80,22.26,787
15,0.50,20,62,63,98.41,8.1043,81.16,18.18,787
0,0.75,25,62,63,98.41,8.1033,119.50,22.59,787
10,0.65,15,62,63,98.41,8.1016,110.57,22.32,787
0,0.75,35,62,63,98.41,8.1003,117.03,22.58,787
15,0.65,20,62,63,98.41,8.0994,114.07,22.54,787
15,0.75,15,62,63,98.41,8.0992,121.42,23.59,787
10,0.75,25,62,63,98.41,8.0966,121.98,23.43,787
15,0.75,20,62,63,98.41,8.0910,123.10,23.65,787
0,0.80,25,62,63,98.41,8.0907,129.49,23.93,787
10,0.75,15,62,63,98.41,8.0907,120.10,23.48,787
5,0.55,5,62,63,98.41,8.0594,88.84,18.81,787
10,0.55,20,62,63,98.41,8.0588,91.92,20.02,787
10,0.65,20,62,63,98.41,8.0581,110.01,22.32,787
10,0.75,20,62,63,98.41,8.0557,119.60,23.48,787
10,0.75,10,62,63,98.41,8.0547,121.60,23.48,787
10,0.65,10,62,63,98.41,8.0547,112.34,22.32,787
25,0.50,35,62,63,98.41,8.0514,90.71,20.51,787
10,0.50,20,62,63,98.41,8.0489,75.27,17.72,787
10,0.55,10,62,63,98.41,8.0469,94.84,20.02,787
5,0.65,45,62,63,98.41,8.0367,115.22,22.32,787
5,0.50,5,62,63,98.41,8.0364,71.62,16.18,787
5,0.75,20,62,63,98.41,8.0342,119.50,23.48,787
5,0.65,20,62,63,98.41,8.0314,109.87,22.32,787
0,0.75,40,62,63,98.41,8.0280,118.72,22.62,787
5,0.75,25,62,63,98.41,8.0251,119.69,23.39,787
5,0.75,30,62,63,98.41,8.0251,119.69,23.39,787
0,0.65,40,62,63,98.41,8.0220,108.97,21.27,787
10,0.50,10,62,63,98.41,8.0217,78.68,17.72,787
5,0.55,20,62,63,98.41,8.0209,91.73,20.02,787
5,0.65,30,62,63,98.41,8.0187,110.10,22.21,787
5,0.65,25,62,63,98.41,8.0187,110.10,22.21,787
5,0.55,45,62,63,98.41,8.0126,98.58,20.02,787
35,0.50,30,62,63,98.41,8.0047,93.51,21.17,787
0,0.55,40,62,63,98.41,8.0016,90.62,18.57,787
5,0.50,20,62,63,98.41,7.9986,75.01,17.72,787
5,0.55,25,62,63,98.41,7.9985,92.03,19.87,787
5,0.55,30,62,63,98.41,7.9985,92.03,19.87,787
25,0.50,25,62,63,98.41,7.9969,93.71,19.69,787
5,0.65,60,62,63,98.41,7.9967,114.44,22.47,787
5,0.50,15,62,63,98.41,7.9708,75.24,17.36,787
30,0.50,35,62,63,98.41,7.9676,90.52,20.75,787
0,0.50,40,62,63,98.41,7.9628,73.74,15.87,787
5,0.50,30,62,63,98.41,7.9620,75.38,17.53,787
5,0.50,25,62,63,98.41,7.9620,75.38,17.53,787
5,0.55,60,62,63,98.41,7.9609,97.59,20.21,787
25,0.50,30,62,63,98.41,7.9498,90.06,20.85,787
15,0.55,10,62,63,98.41,7.9399,96.49,20.71,787
25,0.50,50,62,63,98.41,7.9321,87.52,20.35,787
25,0.50,45,62,63,98.41,7.9185,87.96,20.42,787
30,0.50,30,62,63,98.41,7.9067,91.40,21.07,787
20,0.50,45,62,63,98.41,7.8857,82.89,20.07,787
10,0.65,50,62,63,98.41,7.8616,114.11,22.98,787
15,0.50,10,62,63,98.41,7.8594,80.61,18.60,787
10,0.65,55,62,63,98.41,7.8482,114.22,23.05,787
15,0.50,45,62,63,98.41,7.8454,84.57,18.87,787
10,0.50,45,62,63,98.41,7.8427,83.71,18.71,787
20,0.50,35,62,63,98.41,7.8212,84.76,20.14,787
25,0.50,60,62,63,98.41,7.8109,83.99,20.35,787
10,0.55,60,62,63,98.41,7.7873,97.76,21.11,787
25,0.50,55,62,63,98.41,7.7872,80.04,20.45,787
20,0.50,50,62,63,98.41,7.7596,81.64,20.17,787
10,0.55,50,62,63,98.41,7.7557,97.19,20.91,787
20,0.50,55,62,63,98.41,7.7285,78.59,20.33,787
15,0.50,40,62,63,98.41,7.7099,78.54,19.80,787
20,0.50,30,62,63,98.41,7.6783,83.56,20.30,787
15,0.55,60,62,63,98.41,7.6502,93.24,22.03,787
20,0.50,60,62,63,98.41,7.6301,78.84,20.33,787
15,0.50,60,62,63,98.41,7.4812,77.10,20.21,787
35,0.50,15,61,63,96.83,8.2137,95.35,19.81,787
5,0.50,45,61,63,96.83,7.9651,83.21,17.72,787
10,0.55,55,61,63,96.83,7.7345,97.34,21.02,787
15,0.55,50,61,63,96.83,7.6571,94.27,22.00,787
15,0.55,55,61,63,96.83,7.6499,92.76,21.97,787
5,0.50,50,61,63,96.83,7.6024,81.12,18.61,787
5,0.50,60,60,63,95.24,7.9052,82.02,17.97,787
10,0.50,60,60,63,95.24,7.6551,82.30,19.08,787
10,0.50,50,60,63,95.24,7.6091,81.57,18.86,787
5,0.50,55,60,63,95.24,7.5902,80.92,18.77,787
10,0.50,55,60,63,95.24,7.5756,81.76,19.00,787
15,0.50,50,60,63,95.24,7.4930,78.20,20.18,787
15,0.50,55,60,63,95.24,7.4911,76.48,20.19,787
