vl,universe,window,return_pct,sharpe,max_dd_pct,trades,win_rate_pct,pass,equity_final
1,Base5,0,1404.55,7.3766,50.42,38,57.89,true,15.045518
2,Base5,0,1216.27,7.4272,52.41,35,57.14,true,13.162747
3,Base5,0,1216.27,7.4272,52.41,35,57.14,true,13.162747
5,Base5,0,1271.38,7.6507,50.42,34,58.82,true,13.713786
7,Base5,0,1271.38,7.6507,50.42,34,58.82,true,13.713786
10,Base5,0,1271.38,7.6507,50.42,34,58.82,true,13.713786
15,Base5,0,1271.38,7.6507,50.42,34,58.82,true,13.713786
20,Base5,0,1271.38,7.6507,50.42,34,58.82,true,13.713786
25,Base5,0,1271.38,7.6507,50.42,34,58.82,true,13.713786
30,Base5,0,1242.04,7.7320,50.42,33,57.58,true,13.420376
40,Base5,0,1347.83,7.9199,50.42,33,57.58,true,14.478281
55,Base5,0,1347.83,7.9199,50.42,33,57.58,true,14.478281
75,Base5,0,1347.83,7.9199,50.42,33,57.58,true,14.478281
100,Base5,0,1587.36,8.4613,50.42,32,59.38,true,16.873605
1,Base5,1,28.68,3.0449,65.33,25,48.00,true,1.286764
2,Base5,1,28.68,3.0449,65.33,25,48.00,true,1.286764
3,Base5,1,0.56,2.3915,65.33,24,45.83,true,1.005635
5,Base5,1,0.56,2.3915,65.33,24,45.83,true,1.005635
7,Base5,1,0.56,2.3915,65.33,24,45.83,true,1.005635
10,Base5,1,0.56,2.3915,65.33,24,45.83,true,1.005635
15,Base5,1,0.56,2.3915,65.33,24,45.83,true,1.005635
20,Base5,1,11.12,2.7839,65.33,22,50.00,true,1.111226
25,Base5,1,22.68,3.1392,65.33,21,52.38,true,1.226833
30,Base5,1,22.68,3.1392,65.33,21,52.38,true,1.226833
40,Base5,1,22.68,3.1392,65.33,21,52.38,true,1.226833
55,Base5,1,22.68,3.1392,65.33,21,52.38,true,1.226833
75,Base5,1,22.68,3.1392,65.33,21,52.38,true,1.226833
100,Base5,1,22.68,3.1392,65.33,21,52.38,true,1.226833
1,Base5,2,371.10,5.5696,47.85,36,52.78,true,4.710972
2,Base5,2,242.93,5.1194,43.10,33,54.55,true,3.429256
3,Base5,2,132.25,4.1405,43.10,32,53.12,true,2.322463
5,Base5,2,33.10,2.5199,43.10,31,51.61,true,1.330966
7,Base5,2,15.19,1.9785,43.10,30,50.00,true,1.151925
10,Base5,2,30.71,2.5968,41.99,27,51.85,true,1.307135
15,Base5,2,1.69,1.4715,43.87,26,50.00,true,1.016906
20,Base5,2,-43.96,-2.4826,43.96,24,45.83,true,0.560446
25,Base5,2,-57.65,-5.6504,57.65,23,43.48,true,0.423517
30,Base5,2,-48.71,-4.5613,48.71,22,45.45,true,0.512916
40,Base5,2,-48.80,-4.6908,48.80,21,42.86,true,0.512039
55,Base5,2,-37.63,-2.4440,41.99,22,45.45,true,0.623668
75,Base5,2,-29.10,-1.3160,41.99,23,47.83,true,0.708958
100,Base5,2,-21.76,-0.6662,41.99,22,50.00,true,0.782430
1,Base5,3,60.66,2.6743,44.56,50,52.00,true,1.606628
2,Base5,3,86.54,3.2076,44.56,45,51.11,true,1.865428
3,Base5,3,-23.80,0.6447,60.32,44,47.73,true,0.761963
5,Base5,3,-39.18,-0.1028,62.43,41,46.34,true,0.608160
7,Base5,3,-50.13,-0.8831,69.19,39,46.15,true,0.498716
10,Base5,3,-15.49,0.9340,56.15,40,50.00,true,0.845085
15,Base5,3,58.11,3.0963,44.56,36,52.78,true,1.581051
20,Base5,3,32.26,2.3953,44.56,35,51.43,true,1.322609
25,Base5,3,16.89,1.8871,44.56,34,50.00,true,1.168893
30,Base5,3,16.89,1.8871,44.56,34,50.00,true,1.168893
40,Base5,3,45.22,2.6601,44.56,36,50.00,true,1.452181
55,Base5,3,57.26,2.7806,44.56,40,47.50,true,1.572624
75,Base5,3,-5.37,0.9837,44.56,35,45.71,true,0.946305
100,Base5,3,164.55,4.6623,44.56,40,55.00,true,2.645469
1,Base5,4,-14.94,-0.6630,48.44,19,42.11,true,0.850552
2,Base5,4,6.82,1.6828,35.24,17,47.06,true,1.068236
3,Base5,4,6.82,1.6828,35.24,17,47.06,true,1.068236
5,Base5,4,6.82,1.6828,35.24,17,47.06,true,1.068236
7,Base5,4,6.82,1.6828,35.24,17,47.06,true,1.068236
10,Base5,4,6.82,1.6828,35.24,17,47.06,true,1.068236
15,Base5,4,6.82,1.6828,35.24,17,47.06,true,1.068236
20,Base5,4,8.83,1.9539,35.24,16,50.00,true,1.088310
25,Base5,4,8.83,1.9539,35.24,16,50.00,true,1.088310
30,Base5,4,8.83,1.9539,35.24,16,50.00,true,1.088310
40,Base5,4,8.83,1.9539,35.24,16,50.00,true,1.088310
55,Base5,4,8.83,1.9539,35.24,16,50.00,true,1.088310
75,Base5,4,8.83,1.9539,35.24,16,50.00,true,1.088310
100,Base5,4,8.83,1.9539,35.24,16,50.00,true,1.088310
1,Base5,5,121.29,7.1651,25.60,22,59.09,true,2.212921
2,Base5,5,86.71,6.1317,25.60,21,57.14,true,1.867080
3,Base5,5,55.66,4.9838,25.60,19,52.63,true,1.556558
5,Base5,5,53.65,5.1616,25.60,17,47.06,true,1.536499
7,Base5,5,39.76,4.4142,25.60,16,43.75,true,1.397571
10,Base5,5,28.16,3.9359,25.60,14,42.86,true,1.281628
15,Base5,5,28.16,3.9359,25.60,14,42.86,true,1.281628
20,Base5,5,52.74,6.5528,17.32,13,46.15,true,1.527449
25,Base5,5,52.74,6.5528,17.32,13,46.15,true,1.527449
30,Base5,5,52.74,6.5528,17.32,13,46.15,true,1.527449
40,Base5,5,52.74,6.5528,17.32,13,46.15,true,1.527449
55,Base5,5,52.74,6.5528,17.32,13,46.15,true,1.527449
75,Base5,5,89.31,10.1707,16.31,14,57.14,true,1.893133
100,Base5,5,89.31,10.1707,16.31,14,57.14,true,1.893133
1,NoDOGE,0,1404.55,7.3766,50.42,38,57.89,true,15.045518
2,NoDOGE,0,1216.27,7.4272,52.41,35,57.14,true,13.162747
3,NoDOGE,0,1216.27,7.4272,52.41,35,57.14,true,13.162747
5,NoDOGE,0,1271.38,7.6507,50.42,34,58.82,true,13.713786
7,NoDOGE,0,1271.38,7.6507,50.42,34,58.82,true,13.713786
10,NoDOGE,0,1271.38,7.6507,50.42,34,58.82,true,13.713786
15,NoDOGE,0,1271.38,7.6507,50.42,34,58.82,true,13.713786
20,NoDOGE,0,1271.38,7.6507,50.42,34,58.82,true,13.713786
25,NoDOGE,0,1271.38,7.6507,50.42,34,58.82,true,13.713786
30,NoDOGE,0,1242.04,7.7320,50.42,33,57.58,true,13.420376
40,NoDOGE,0,1347.83,7.9199,50.42,33,57.58,true,14.478281
55,NoDOGE,0,1347.83,7.9199,50.42,33,57.58,true,14.478281
75,NoDOGE,0,1347.83,7.9199,50.42,33,57.58,true,14.478281
100,NoDOGE,0,1587.36,8.4613,50.42,32,59.38,true,16.873605
1,NoDOGE,1,12.81,2.0427,55.54,20,40.00,true,1.128093
2,NoDOGE,1,19.37,2.5179,52.96,19,42.11,true,1.193663
3,NoDOGE,1,19.37,2.5179,52.96,19,42.11,true,1.193663
5,NoDOGE,1,19.37,2.5179,52.96,19,42.11,true,1.193663
7,NoDOGE,1,19.37,2.5179,52.96,19,42.11,true,1.193663
10,NoDOGE,1,19.37,2.5179,52.96,19,42.11,true,1.193663
15,NoDOGE,1,19.37,2.5179,52.96,19,42.11,true,1.193663
20,NoDOGE,1,24.54,2.9187,50.92,18,44.44,true,1.245394
25,NoDOGE,1,39.70,3.9616,44.94,17,47.06,true,1.397036
30,NoDOGE,1,39.70,3.9616,44.94,17,47.06,true,1.397036
40,NoDOGE,1,39.70,3.9616,44.94,17,47.06,true,1.397036
55,NoDOGE,1,39.70,3.9616,44.94,17,47.06,true,1.397036
75,NoDOGE,1,39.70,3.9616,44.94,17,47.06,true,1.397036
100,NoDOGE,1,39.70,3.9616,44.94,17,47.06,true,1.397036
1,NoDOGE,2,1260.83,8.6888,31.26,34,58.82,true,13.608288
2,NoDOGE,2,1134.34,8.5525,31.26,33,57.58,true,12.343440
3,NoDOGE,2,745.97,7.9680,31.26,31,58.06,true,8.459687
5,NoDOGE,2,228.16,6.3511,31.26,28,57.14,true,3.281575
7,NoDOGE,2,241.30,6.6641,31.26,27,59.26,true,3.412965
10,NoDOGE,2,167.80,6.1649,31.26,25,60.00,true,2.678039
15,NoDOGE,2,108.34,5.1441,43.87,24,58.33,true,2.083422
20,NoDOGE,2,108.34,5.1441,43.87,24,58.33,true,2.083422
25,NoDOGE,2,108.34,5.1441,43.87,24,58.33,true,2.083422
30,NoDOGE,2,152.32,6.4212,32.02,23,60.87,true,2.523206
40,NoDOGE,2,162.32,6.8280,32.02,22,63.64,true,2.623218
55,NoDOGE,2,162.32,6.8280,32.02,22,63.64,true,2.623218
75,NoDOGE,2,152.61,6.4283,32.02,23,60.87,true,2.526099
100,NoDOGE,2,152.61,6.4283,32.02,23,60.87,true,2.526099
1,NoDOGE,3,373.54,5.2963,44.56,50,56.00,true,4.735448
2,NoDOGE,3,130.15,3.8373,44.56,45,53.33,true,2.301541
3,NoDOGE,3,94.16,3.3744,44.56,44,52.27,true,1.941646
5,NoDOGE,3,30.18,2.2199,49.16,40,50.00,true,1.301759
7,NoDOGE,3,3.00,1.4079,50.24,39,48.72,true,1.030028
10,NoDOGE,3,36.49,2.4060,44.62,39,51.28,true,1.364937
15,NoDOGE,3,58.11,3.0963,44.56,36,52.78,true,1.581051
20,NoDOGE,3,32.26,2.3953,44.56,35,51.43,true,1.322609
25,NoDOGE,3,16.89,1.8871,44.56,34,50.00,true,1.168893
30,NoDOGE,3,16.89,1.8871,44.56,34,50.00,true,1.168893
40,NoDOGE,3,45.22,2.6601,44.56,36,50.00,true,1.452181
55,NoDOGE,3,57.26,2.7806,44.56,40,47.50,true,1.572624
75,NoDOGE,3,-5.37,0.9837,44.56,35,45.71,true,0.946305
100,NoDOGE,3,164.55,4.6623,44.56,40,55.00,true,2.645469
1,NoDOGE,4,6.82,1.6828,35.24,17,47.06,true,1.068236
2,NoDOGE,4,6.82,1.6828,35.24,17,47.06,true,1.068236
3,NoDOGE,4,6.82,1.6828,35.24,17,47.06,true,1.068236
5,NoDOGE,4,6.82,1.6828,35.24,17,47.06,true,1.068236
7,NoDOGE,4,6.82,1.6828,35.24,17,47.06,true,1.068236
10,NoDOGE,4,6.82,1.6828,35.24,17,47.06,true,1.068236
15,NoDOGE,4,6.82,1.6828,35.24,17,47.06,true,1.068236
20,NoDOGE,4,8.83,1.9539,35.24,16,50.00,true,1.088310
25,NoDOGE,4,8.83,1.9539,35.24,16,50.00,true,1.088310
30,NoDOGE,4,8.83,1.9539,35.24,16,50.00,true,1.088310
40,NoDOGE,4,8.83,1.9539,35.24,16,50.00,true,1.088310
55,NoDOGE,4,8.83,1.9539,35.24,16,50.00,true,1.088310
75,NoDOGE,4,8.83,1.9539,35.24,16,50.00,true,1.088310
100,NoDOGE,4,8.83,1.9539,35.24,16,50.00,true,1.088310
1,NoDOGE,5,104.48,9.6413,12.96,16,56.25,true,2.044789
2,NoDOGE,5,104.48,9.6413,12.96,16,56.25,true,2.044789
3,NoDOGE,5,74.41,8.2497,22.89,15,53.33,true,1.744111
5,NoDOGE,5,74.41,8.2497,22.89,15,53.33,true,1.744111
7,NoDOGE,5,74.41,8.2497,22.89,15,53.33,true,1.744111
10,NoDOGE,5,89.31,10.1707,16.31,14,57.14,true,1.893133
15,NoDOGE,5,89.31,10.1707,16.31,14,57.14,true,1.893133
20,NoDOGE,5,89.31,10.1707,16.31,14,57.14,true,1.893133
25,NoDOGE,5,89.31,10.1707,16.31,14,57.14,true,1.893133
30,NoDOGE,5,89.31,10.1707,16.31,14,57.14,true,1.893133
40,NoDOGE,5,89.31,10.1707,16.31,14,57.14,true,1.893133
55,NoDOGE,5,89.31,10.1707,16.31,14,57.14,true,1.893133
75,NoDOGE,5,89.31,10.1707,16.31,14,57.14,true,1.893133
100,NoDOGE,5,89.31,10.1707,16.31,14,57.14,true,1.893133
1,Legacy4,0,10.05,1.6203,42.52,30,46.67,true,1.100538
2,Legacy4,0,-21.22,-0.3686,42.52,28,42.86,true,0.787842
3,Legacy4,0,-21.22,-0.3686,42.52,28,42.86,true,0.787842
5,Legacy4,0,-20.60,-0.3280,42.07,27,44.44,true,0.793997
7,Legacy4,0,-32.65,-1.5221,50.86,26,42.31,true,0.673538
10,Legacy4,0,-31.67,-1.4566,50.14,25,44.00,true,0.683335
15,Legacy4,0,-31.67,-1.4566,50.14,25,44.00,true,0.683335
20,Legacy4,0,-30.25,-1.2867,48.45,24,41.67,true,0.697480
25,Legacy4,0,-20.49,-0.3331,41.23,25,44.00,true,0.795128
30,Legacy4,0,-22.19,-0.4823,42.49,24,41.67,true,0.778116
40,Legacy4,0,-6.84,0.6574,37.81,23,43.48,true,0.931602
55,Legacy4,0,-16.05,-0.0146,37.95,24,41.67,true,0.839454
75,Legacy4,0,-16.05,-0.0146,37.95,24,41.67,true,0.839454
100,Legacy4,0,-16.05,-0.0146,37.95,24,41.67,true,0.839454
1,Legacy4,1,154.52,6.3061,30.62,25,48.00,true,2.545169
2,Legacy4,1,96.98,5.3793,33.95,22,45.45,true,1.969775
3,Legacy4,1,165.47,7.0469,30.79,22,50.00,true,2.654728
5,Legacy4,1,165.47,7.0469,30.79,22,50.00,true,2.654728
7,Legacy4,1,135.65,6.6075,30.79,22,50.00,true,2.356538
10,Legacy4,1,144.88,6.9007,22.26,22,50.00,true,2.448811
15,Legacy4,1,63.76,4.7481,35.46,20,45.00,true,1.637626
20,Legacy4,1,63.76,4.7481,35.46,20,45.00,true,1.637626
25,Legacy4,1,98.92,5.7308,30.79,21,47.62,true,1.989215
30,Legacy4,1,116.32,5.8623,31.32,23,47.83,true,2.163223
40,Legacy4,1,116.32,5.8623,31.32,23,47.83,true,2.163223
55,Legacy4,1,125.70,6.2961,28.35,22,50.00,true,2.256971
75,Legacy4,1,125.70,6.2961,28.35,22,50.00,true,2.256971
100,Legacy4,1,57.32,4.0178,32.98,23,43.48,true,1.573186
1,Legacy4,2,177.13,4.9496,43.62,35,51.43,true,2.771266
2,Legacy4,2,177.13,4.9496,43.62,35,51.43,true,2.771266
3,Legacy4,2,114.08,4.1456,43.62,34,50.00,true,2.140843
5,Legacy4,2,-3.52,1.1996,57.79,33,48.48,true,0.964762
7,Legacy4,2,-18.29,0.4744,57.32,31,48.39,true,0.817094
10,Legacy4,2,11.54,1.8989,57.32,31,48.39,true,1.115431
15,Legacy4,2,76.08,3.4508,57.32,31,48.39,true,1.760819
20,Legacy4,2,27.09,2.5362,49.10,27,48.15,true,1.270909
25,Legacy4,2,24.92,2.5014,32.02,25,48.00,true,1.249159
30,Legacy4,2,24.92,2.5014,32.02,25,48.00,true,1.249159
40,Legacy4,2,206.25,5.7346,32.02,27,51.85,true,3.062533
55,Legacy4,2,206.25,5.7346,32.02,27,51.85,true,3.062533
75,Legacy4,2,274.23,6.7154,32.02,26,53.85,true,3.742318
100,Legacy4,2,318.93,7.0276,32.02,27,55.56,true,4.189296
1,Legacy4,3,104.04,3.5610,60.95,43,55.81,true,2.040419
2,Legacy4,3,78.78,3.2717,56.76,41,56.10,true,1.787841
3,Legacy4,3,106.25,3.9072,44.56,38,55.26,true,2.062504
5,Legacy4,3,56.56,2.9871,44.56,37,54.05,true,1.565597
7,Legacy4,3,7.47,1.5528,44.56,34,50.00,true,1.074738
10,Legacy4,3,-17.57,0.3817,49.64,32,46.88,true,0.824307
15,Legacy4,3,-16.24,0.4371,49.64,31,45.16,true,0.837573
20,Legacy4,3,-9.28,0.8423,44.56,32,46.88,true,0.907159
25,Legacy4,3,-22.56,0.0955,49.64,31,45.16,true,0.774437
30,Legacy4,3,-22.56,0.0955,49.64,31,45.16,true,0.774437
40,Legacy4,3,-13.80,0.5949,44.56,32,46.88,true,0.861990
55,Legacy4,3,14.18,1.8518,44.56,32,50.00,true,1.141832
75,Legacy4,3,44.31,2.8237,44.56,33,51.52,true,1.443057
100,Legacy4,3,105.07,4.2701,44.56,33,54.55,true,2.050670
1,Legacy4,4,36.23,5.9728,26.07,12,58.33,true,1.362348
2,Legacy4,4,36.23,5.9728,26.07,12,58.33,true,1.362348
3,Legacy4,4,3.98,1.7955,27.68,11,54.55,true,1.039805
5,Legacy4,4,3.98,1.7955,27.68,11,54.55,true,1.039805
7,Legacy4,4,18.76,3.5371,27.68,12,58.33,true,1.187566
10,Legacy4,4,18.76,3.5371,27.68,12,58.33,true,1.187566
15,Legacy4,4,-4.50,0.5937,33.57,11,54.55,true,0.955044
20,Legacy4,4,-4.50,0.5937,33.57,11,54.55,true,0.955044
25,Legacy4,4,30.99,6.6510,11.62,10,60.00,true,1.309871
30,Legacy4,4,30.99,6.6510,11.62,10,60.00,true,1.309871
40,Legacy4,4,30.99,6.6510,11.62,10,60.00,true,1.309871
55,Legacy4,4,30.99,6.6510,11.62,10,60.00,true,1.309871
75,Legacy4,4,30.99,6.6510,11.62,10,60.00,true,1.309871
100,Legacy4,4,30.99,6.6510,11.62,10,60.00,true,1.309871
1,Legacy4,5,12.37,3.1329,23.63,10,50.00,true,1.123699
2,Legacy4,5,12.37,3.1329,23.63,10,50.00,true,1.123699
3,Legacy4,5,45.13,10.9943,7.87,9,55.56,true,1.451310
5,Legacy4,5,45.13,10.9943,7.87,9,55.56,true,1.451310
7,Legacy4,5,12.37,3.1329,23.63,10,50.00,true,1.123699
10,Legacy4,5,45.13,10.9943,7.87,9,55.56,true,1.451310
15,Legacy4,5,45.13,10.9943,7.87,9,55.56,true,1.451310
20,Legacy4,5,45.13,10.9943,7.87,9,55.56,true,1.451310
25,Legacy4,5,45.13,10.9943,7.87,9,55.56,true,1.451310
30,Legacy4,5,45.13,10.9943,7.87,9,55.56,true,1.451310
40,Legacy4,5,45.13,10.9943,7.87,9,55.56,true,1.451310
55,Legacy4,5,45.13,10.9943,7.87,9,55.56,true,1.451310
75,Legacy4,5,45.13,10.9943,7.87,9,55.56,true,1.451310
100,Legacy4,5,45.13,10.9943,7.87,9,55.56,true,1.451310
1,Legacy5BNB,0,99.93,4.2551,29.12,36,55.56,true,1.999290
2,Legacy5BNB,0,43.12,2.8601,29.12,34,52.94,true,1.431232
3,Legacy5BNB,0,74.06,3.7251,29.12,35,54.29,true,1.740613
5,Legacy5BNB,0,53.76,3.2389,33.43,33,54.55,true,1.537599
7,Legacy5BNB,0,4.43,1.3075,40.24,30,50.00,true,1.044291
10,Legacy5BNB,0,-7.01,0.6016,46.78,29,51.72,true,0.929945
15,Legacy5BNB,0,-12.88,0.2028,50.14,28,50.00,true,0.871165
20,Legacy5BNB,0,-11.08,0.3608,48.45,27,48.15,true,0.889199
25,Legacy5BNB,0,1.37,1.1676,41.23,28,50.00,true,1.013689
30,Legacy5BNB,0,-0.80,1.0586,42.49,27,48.15,true,0.992000
40,Legacy5BNB,0,18.77,2.1807,37.81,26,50.00,true,1.187675
55,Legacy5BNB,0,7.02,1.5062,37.95,27,48.15,true,1.070198
75,Legacy5BNB,0,7.02,1.5062,37.95,27,48.15,true,1.070198
100,Legacy5BNB,0,7.02,1.5062,37.95,27,48.15,true,1.070198
1,Legacy5BNB,1,72.77,4.2996,38.90,26,42.31,true,1.727654
2,Legacy5BNB,1,67.90,4.6209,38.45,22,45.45,true,1.678978
3,Legacy5BNB,1,49.07,3.9249,38.45,21,42.86,true,1.490692
5,Legacy5BNB,1,49.07,3.9249,38.45,21,42.86,true,1.490692
7,Legacy5BNB,1,49.07,3.9249,38.45,21,42.86,true,1.490692
10,Legacy5BNB,1,76.79,5.5076,30.32,19,47.37,true,1.767947
15,Legacy5BNB,1,76.79,5.5076,30.32,19,47.37,true,1.767947
20,Legacy5BNB,1,85.00,6.0643,27.09,18,50.00,true,1.850018
25,Legacy5BNB,1,55.99,4.3646,35.59,20,45.00,true,1.559893
30,Legacy5BNB,1,50.02,4.0688,36.09,20,45.00,true,1.500198
40,Legacy5BNB,1,43.19,3.6344,36.09,21,42.86,true,1.431929
55,Legacy5BNB,1,56.52,4.5044,33.32,19,47.37,true,1.565213
75,Legacy5BNB,1,56.52,4.5044,33.32,19,47.37,true,1.565213
100,Legacy5BNB,1,50.02,4.0688,36.09,20,45.00,true,1.500198
1,Legacy5BNB,2,147.13,4.5271,43.62,35,48.57,true,2.471321
2,Legacy5BNB,2,155.63,4.7237,43.62,34,50.00,true,2.556290
3,Legacy5BNB,2,115.00,4.3718,43.62,31,51.61,true,2.150019
5,Legacy5BNB,2,3.66,1.5801,57.79,29,48.28,true,1.036606
7,Legacy5BNB,2,-12.21,0.8170,57.32,27,48.15,true,0.877941
10,Legacy5BNB,2,19.85,2.3108,57.32,27,48.15,true,1.198495
15,Legacy5BNB,2,19.85,2.3108,57.32,27,48.15,true,1.198495
20,Legacy5BNB,2,42.94,3.0726,49.10,26,50.00,true,1.429393
25,Legacy5BNB,2,39.18,3.1914,32.02,24,50.00,true,1.391803
30,Legacy5BNB,2,40.85,3.3350,32.02,23,52.17,true,1.408468
40,Legacy5BNB,2,40.85,3.3350,32.02,23,52.17,true,1.408468
55,Legacy5BNB,2,123.86,5.4284,32.02,23,56.52,true,2.238554
75,Legacy5BNB,2,173.54,6.7238,32.02,22,59.09,true,2.735442
100,Legacy5BNB,2,338.85,7.9780,32.02,23,60.87,true,4.388534
1,Legacy5BNB,3,645.53,5.8775,60.95,43,58.14,true,7.455295
2,Legacy5BNB,3,888.16,6.6645,56.76,41,60.98,true,9.881619
3,Legacy5BNB,3,570.17,6.5646,44.56,37,59.46,true,6.701690
5,Legacy5BNB,3,548.37,6.6987,44.56,36,58.33,true,6.483719
7,Legacy5BNB,3,300.35,5.6483,44.56,33,54.55,true,4.003528
10,Legacy5BNB,3,300.35,5.6483,44.56,33,54.55,true,4.003528
15,Legacy5BNB,3,636.53,6.8465,44.56,34,55.88,true,7.365279
20,Legacy5BNB,3,300.35,5.6483,44.56,33,54.55,true,4.003528
25,Legacy5BNB,3,300.35,5.6483,44.56,33,54.55,true,4.003528
30,Legacy5BNB,3,300.35,5.6483,44.56,33,54.55,true,4.003528
40,Legacy5BNB,3,300.35,5.6483,44.56,33,54.55,true,4.003528
55,Legacy5BNB,3,300.35,5.6483,44.56,33,54.55,true,4.003528
75,Legacy5BNB,3,300.35,5.6483,44.56,33,54.55,true,4.003528
100,Legacy5BNB,3,300.35,5.6483,44.56,33,54.55,true,4.003528
1,Legacy5BNB,4,97.82,9.0209,16.94,17,64.71,true,1.978213
2,Legacy5BNB,4,99.44,9.4891,16.94,16,68.75,true,1.994381
3,Legacy5BNB,4,99.44,9.4891,16.94,16,68.75,true,1.994381
5,Legacy5BNB,4,99.44,9.4891,16.94,16,68.75,true,1.994381
7,Legacy5BNB,4,91.38,9.5329,16.94,16,68.75,true,1.913828
10,Legacy5BNB,4,56.48,7.8993,16.94,15,66.67,true,1.564835
15,Legacy5BNB,4,56.48,7.8993,16.94,15,66.67,true,1.564835
20,Legacy5BNB,4,56.48,7.8993,16.94,15,66.67,true,1.564835
25,Legacy5BNB,4,143.92,10.8739,16.94,17,70.59,true,2.439172
30,Legacy5BNB,4,143.92,10.8739,16.94,17,70.59,true,2.439172
40,Legacy5BNB,4,91.38,9.5329,16.94,16,68.75,true,1.913828
55,Legacy5BNB,4,148.50,11.6205,16.94,16,75.00,true,2.485007
75,Legacy5BNB,4,148.50,11.6205,16.94,16,75.00,true,2.485007
100,Legacy5BNB,4,148.50,11.6205,16.94,16,75.00,true,2.485007
1,Legacy5BNB,5,54.11,9.0750,7.87,13,61.54,true,1.541067
2,Legacy5BNB,5,54.11,9.0750,7.87,13,61.54,true,1.541067
3,Legacy5BNB,5,54.11,9.0750,7.87,13,61.54,true,1.541067
5,Legacy5BNB,5,54.11,9.0750,7.87,13,61.54,true,1.541067
7,Legacy5BNB,5,48.62,8.7141,7.87,12,58.33,true,1.486203
10,Legacy5BNB,5,26.36,6.6920,9.13,10,50.00,true,1.263595
15,Legacy5BNB,5,37.16,10.3396,7.94,9,55.56,true,1.371560
20,Legacy5BNB,5,48.87,16.6496,1.36,8,62.50,true,1.488733
25,Legacy5BNB,5,33.17,14.0404,1.36,7,57.14,true,1.331733
30,Legacy5BNB,5,33.17,14.0404,1.36,7,57.14,true,1.331733
40,Legacy5BNB,5,31.62,14.9376,1.36,6,50.00,true,1.316214
55,Legacy5BNB,5,33.17,14.0404,1.36,7,57.14,true,1.331733
75,Legacy5BNB,5,48.87,16.6496,1.36,8,62.50,true,1.488733
100,Legacy5BNB,5,37.16,10.3396,7.94,9,55.56,true,1.371560
1,OldGuardNoBNB,0,7.79,1.4013,49.85,38,44.74,true,1.077853
2,OldGuardNoBNB,0,-18.40,0.2832,51.44,38,42.11,true,0.815992
3,OldGuardNoBNB,0,-13.24,0.5446,49.45,36,44.44,true,0.867646
5,OldGuardNoBNB,0,-5.56,0.9060,49.45,35,45.71,true,0.944406
7,OldGuardNoBNB,0,-29.73,-0.5043,61.58,33,42.42,true,0.702742
10,OldGuardNoBNB,0,-44.22,-1.9207,69.10,29,37.93,true,0.557785
15,OldGuardNoBNB,0,-32.25,-0.9921,62.47,27,40.74,true,0.677523
20,OldGuardNoBNB,0,-20.13,0.0018,56.27,28,42.86,true,0.798695
25,OldGuardNoBNB,0,-18.30,-0.0457,56.27,26,42.31,true,0.816975
30,OldGuardNoBNB,0,-3.69,0.9474,56.27,27,44.44,true,0.963087
40,OldGuardNoBNB,0,5.70,1.4830,52.01,26,46.15,true,1.057015
55,OldGuardNoBNB,0,33.61,2.6028,45.86,30,46.67,true,1.336149
75,OldGuardNoBNB,0,7.43,1.5055,45.86,30,43.33,true,1.074289
100,OldGuardNoBNB,0,29.14,2.4382,39.39,30,46.67,true,1.291401
1,OldGuardNoBNB,1,-26.95,-0.7059,65.59,26,34.62,true,0.730546
2,OldGuardNoBNB,1,-15.79,0.0993,63.31,24,37.50,true,0.842089
3,OldGuardNoBNB,1,-15.79,0.0993,63.31,24,37.50,true,0.842089
5,OldGuardNoBNB,1,-15.79,0.0993,63.31,24,37.50,true,0.842089
7,OldGuardNoBNB,1,-15.79,0.0993,63.31,24,37.50,true,0.842089
10,OldGuardNoBNB,1,-15.79,0.0993,63.31,24,37.50,true,0.842089
15,OldGuardNoBNB,1,-11.88,0.3811,61.60,23,39.13,true,0.881180
20,OldGuardNoBNB,1,-8.06,0.6589,59.94,22,40.91,true,0.919368
25,OldGuardNoBNB,1,-8.90,0.6053,60.30,22,40.91,true,0.911037
30,OldGuardNoBNB,1,-8.90,0.6053,60.30,22,40.91,true,0.911037
40,OldGuardNoBNB,1,-8.90,0.6053,60.30,22,40.91,true,0.911037
55,OldGuardNoBNB,1,3.13,1.4158,55.06,21,42.86,true,1.031312
75,OldGuardNoBNB,1,3.13,1.4158,55.06,21,42.86,true,1.031312
100,OldGuardNoBNB,1,3.13,1.4158,55.06,21,42.86,true,1.031312
1,OldGuardNoBNB,2,178.93,4.8995,43.62,36,52.78,true,2.789347
2,OldGuardNoBNB,2,177.13,4.9496,43.62,35,51.43,true,2.771266
3,OldGuardNoBNB,2,114.08,4.1456,43.62,34,50.00,true,2.140843
5,OldGuardNoBNB,2,-8.08,1.0123,57.79,32,46.88,true,0.919176
7,OldGuardNoBNB,2,-20.67,0.3518,57.32,29,48.28,true,0.793320
10,OldGuardNoBNB,2,8.30,1.8486,57.32,29,48.28,true,1.082977
15,OldGuardNoBNB,2,70.96,3.4727,57.32,29,48.28,true,1.709586
20,OldGuardNoBNB,2,27.09,2.5362,49.10,27,48.15,true,1.270909
25,OldGuardNoBNB,2,24.92,2.5014,32.02,25,48.00,true,1.249159
30,OldGuardNoBNB,2,24.92,2.5014,32.02,25,48.00,true,1.249159
40,OldGuardNoBNB,2,206.25,5.7346,32.02,27,51.85,true,3.062533
55,OldGuardNoBNB,2,206.25,5.7346,32.02,27,51.85,true,3.062533
75,OldGuardNoBNB,2,274.23,6.7154,32.02,26,53.85,true,3.742318
100,OldGuardNoBNB,2,318.93,7.0276,32.02,27,55.56,true,4.189296
1,OldGuardNoBNB,3,104.04,3.5610,60.95,43,55.81,true,2.040419
2,OldGuardNoBNB,3,78.78,3.2717,56.76,41,56.10,true,1.787841
3,OldGuardNoBNB,3,106.25,3.9072,44.56,38,55.26,true,2.062504
5,OldGuardNoBNB,3,56.56,2.9871,44.56,37,54.05,true,1.565597
7,OldGuardNoBNB,3,7.47,1.5528,44.56,34,50.00,true,1.074738
10,OldGuardNoBNB,3,-17.57,0.3817,49.64,32,46.88,true,0.824307
15,OldGuardNoBNB,3,-16.24,0.4371,49.64,31,45.16,true,0.837573
20,OldGuardNoBNB,3,-9.28,0.8423,44.56,32,46.88,true,0.907159
25,OldGuardNoBNB,3,-22.56,0.0955,49.64,31,45.16,true,0.774437
30,OldGuardNoBNB,3,-22.56,0.0955,49.64,31,45.16,true,0.774437
40,OldGuardNoBNB,3,-13.80,0.5949,44.56,32,46.88,true,0.861990
55,OldGuardNoBNB,3,14.18,1.8518,44.56,32,50.00,true,1.141832
75,OldGuardNoBNB,3,44.31,2.8237,44.56,33,51.52,true,1.443057
100,OldGuardNoBNB,3,105.07,4.2701,44.56,33,54.55,true,2.050670
1,OldGuardNoBNB,4,36.23,5.9728,26.07,12,58.33,true,1.362348
2,OldGuardNoBNB,4,36.23,5.9728,26.07,12,58.33,true,1.362348
3,OldGuardNoBNB,4,3.98,1.7955,27.68,11,54.55,true,1.039805
5,OldGuardNoBNB,4,3.98,1.7955,27.68,11,54.55,true,1.039805
7,OldGuardNoBNB,4,18.76,3.5371,27.68,12,58.33,true,1.187566
10,OldGuardNoBNB,4,18.76,3.5371,27.68,12,58.33,true,1.187566
15,OldGuardNoBNB,4,-4.50,0.5937,33.57,11,54.55,true,0.955044
20,OldGuardNoBNB,4,-4.50,0.5937,33.57,11,54.55,true,0.955044
25,OldGuardNoBNB,4,30.99,6.6510,11.62,10,60.00,true,1.309871
30,OldGuardNoBNB,4,30.99,6.6510,11.62,10,60.00,true,1.309871
40,OldGuardNoBNB,4,30.99,6.6510,11.62,10,60.00,true,1.309871
55,OldGuardNoBNB,4,30.99,6.6510,11.62,10,60.00,true,1.309871
75,OldGuardNoBNB,4,30.99,6.6510,11.62,10,60.00,true,1.309871
100,OldGuardNoBNB,4,30.99,6.6510,11.62,10,60.00,true,1.309871
1,OldGuardNoBNB,5,42.01,3.9579,23.63,15,53.33,true,1.420135
2,OldGuardNoBNB,5,42.01,3.9579,23.63,15,53.33,true,1.420135
3,OldGuardNoBNB,5,83.42,5.9895,21.64,14,57.14,true,1.834170
5,OldGuardNoBNB,5,83.42,5.9895,21.64,14,57.14,true,1.834170
7,OldGuardNoBNB,5,-12.08,0.1556,39.04,13,46.15,true,0.879198
10,OldGuardNoBNB,5,13.55,2.8067,21.64,12,50.00,true,1.135525
15,OldGuardNoBNB,5,13.55,2.8067,21.64,12,50.00,true,1.135525
20,OldGuardNoBNB,5,-3.14,0.8885,27.81,11,45.45,true,0.968551
25,OldGuardNoBNB,5,-3.14,0.8885,27.81,11,45.45,true,0.968551
30,OldGuardNoBNB,5,21.34,4.1955,27.81,10,50.00,true,1.213358
40,OldGuardNoBNB,5,21.34,4.1955,27.81,10,50.00,true,1.213358
55,OldGuardNoBNB,5,21.34,4.1955,27.81,10,50.00,true,1.213358
75,OldGuardNoBNB,5,21.34,4.1955,27.81,10,50.00,true,1.213358
100,OldGuardNoBNB,5,15.08,3.4003,21.79,11,54.55,true,1.150760
1,LargeCaps5,0,1686.10,7.3122,50.42,42,59.52,true,17.860961
2,LargeCaps5,0,1575.65,7.4923,52.41,39,58.97,true,16.756523
3,LargeCaps5,0,1575.65,7.4923,52.41,39,58.97,true,16.756523
5,LargeCaps5,0,1430.23,7.5270,50.42,37,59.46,true,15.302272
7,LargeCaps5,0,1333.50,7.4984,50.42,36,58.33,true,14.335044
10,LargeCaps5,0,1192.59,7.3846,50.42,35,57.14,true,12.925917
15,LargeCaps5,0,1271.38,7.6507,50.42,34,58.82,true,13.713786
20,LargeCaps5,0,1271.38,7.6507,50.42,34,58.82,true,13.713786
25,LargeCaps5,0,1271.38,7.6507,50.42,34,58.82,true,13.713786
30,LargeCaps5,0,1280.72,7.8023,50.42,33,57.58,true,13.807166
40,LargeCaps5,0,1551.94,8.0991,50.42,34,58.82,true,16.519411
55,LargeCaps5,0,1413.42,7.7515,50.42,35,57.14,true,15.134172
75,LargeCaps5,0,1551.94,8.0991,50.42,34,58.82,true,16.519411
100,LargeCaps5,0,1663.80,8.2640,50.42,34,58.82,true,17.638008
1,LargeCaps5,1,12.81,2.0427,55.54,20,40.00,true,1.128093
2,LargeCaps5,1,19.37,2.5179,52.96,19,42.11,true,1.193663
3,LargeCaps5,1,19.37,2.5179,52.96,19,42.11,true,1.193663
5,LargeCaps5,1,19.37,2.5179,52.96,19,42.11,true,1.193663
7,LargeCaps5,1,19.37,2.5179,52.96,19,42.11,true,1.193663
10,LargeCaps5,1,19.37,2.5179,52.96,19,42.11,true,1.193663
15,LargeCaps5,1,19.37,2.5179,52.96,19,42.11,true,1.193663
20,LargeCaps5,1,24.54,2.9187,50.92,18,44.44,true,1.245394
25,LargeCaps5,1,39.70,3.9616,44.94,17,47.06,true,1.397036
30,LargeCaps5,1,39.70,3.9616,44.94,17,47.06,true,1.397036
40,LargeCaps5,1,39.70,3.9616,44.94,17,47.06,true,1.397036
55,LargeCaps5,1,39.70,3.9616,44.94,17,47.06,true,1.397036
75,LargeCaps5,1,39.70,3.9616,44.94,17,47.06,true,1.397036
100,LargeCaps5,1,39.70,3.9616,44.94,17,47.06,true,1.397036
1,LargeCaps5,2,1260.83,8.6888,31.26,34,58.82,true,13.608288
2,LargeCaps5,2,1176.78,8.8223,31.26,32,59.38,true,12.767835
3,LargeCaps5,2,775.05,8.2400,31.26,30,60.00,true,8.750549
5,LargeCaps5,2,228.16,6.3511,31.26,28,57.14,true,3.281575
7,LargeCaps5,2,241.30,6.6641,31.26,27,59.26,true,3.412965
10,LargeCaps5,2,167.80,6.1649,31.26,25,60.00,true,2.678039
15,LargeCaps5,2,108.34,5.1441,43.87,24,58.33,true,2.083422
20,LargeCaps5,2,108.34,5.1441,43.87,24,58.33,true,2.083422
25,LargeCaps5,2,108.34,5.1441,43.87,24,58.33,true,2.083422
30,LargeCaps5,2,152.32,6.4212,32.02,23,60.87,true,2.523206
40,LargeCaps5,2,162.32,6.8280,32.02,22,63.64,true,2.623218
55,LargeCaps5,2,162.32,6.8280,32.02,22,63.64,true,2.623218
75,LargeCaps5,2,162.32,6.8280,32.02,22,63.64,true,2.623218
100,LargeCaps5,2,152.61,6.4283,32.02,23,60.87,true,2.526099
1,LargeCaps5,3,652.65,5.6170,44.56,46,54.35,true,7.526513
2,LargeCaps5,3,464.29,5.4624,44.56,41,53.66,true,5.642894
3,LargeCaps5,3,231.74,4.5395,44.56,40,52.50,true,3.317356
5,LargeCaps5,3,263.34,4.9149,44.56,38,52.63,true,3.633435
7,LargeCaps5,3,274.58,5.1922,44.56,36,52.78,true,3.745785
10,LargeCaps5,3,307.44,5.6221,44.56,34,52.94,true,4.074395
15,LargeCaps5,3,728.49,6.9279,44.56,36,55.56,true,8.284902
20,LargeCaps5,3,320.57,5.8140,44.56,33,54.55,true,4.205723
25,LargeCaps5,3,320.57,5.8140,44.56,33,54.55,true,4.205723
30,LargeCaps5,3,320.57,5.8140,44.56,33,54.55,true,4.205723
40,LargeCaps5,3,522.06,6.6744,44.56,34,55.88,true,6.220625
55,LargeCaps5,3,466.53,6.2903,44.56,35,54.29,true,5.665255
75,LargeCaps5,3,283.02,5.4308,44.56,34,52.94,true,3.830241
100,LargeCaps5,3,159.48,4.2525,44.56,35,51.43,true,2.594802
1,LargeCaps5,4,59.75,4.6857,26.89,23,56.52,true,1.597524
2,LargeCaps5,4,59.75,4.6857,26.89,23,56.52,true,1.597524
3,LargeCaps5,4,84.84,6.5620,25.44,20,60.00,true,1.848394
5,LargeCaps5,4,59.89,5.4814,25.44,19,57.89,true,1.598923
7,LargeCaps5,4,43.02,4.4988,25.44,19,57.89,true,1.430247
10,LargeCaps5,4,16.94,2.6627,25.44,18,55.56,true,1.169437
15,LargeCaps5,4,16.94,2.6627,25.44,18,55.56,true,1.169437
20,LargeCaps5,4,4.04,1.3534,34.74,18,55.56,true,1.040406
25,LargeCaps5,4,62.17,5.0232,34.74,20,60.00,true,1.621723
30,LargeCaps5,4,60.69,5.0822,35.34,19,57.89,true,1.606944
40,LargeCaps5,4,21.35,2.8108,37.77,19,52.63,true,1.213451
55,LargeCaps5,4,21.35,2.8108,37.77,19,52.63,true,1.213451
75,LargeCaps5,4,60.93,5.0958,35.24,19,57.89,true,1.609319
100,LargeCaps5,4,36.52,3.8737,39.94,18,55.56,true,1.365239
1,LargeCaps5,5,104.48,9.6413,12.96,16,56.25,true,2.044789
2,LargeCaps5,5,104.48,9.6413,12.96,16,56.25,true,2.044789
3,LargeCaps5,5,74.41,8.2497,22.89,15,53.33,true,1.744111
5,LargeCaps5,5,74.41,8.2497,22.89,15,53.33,true,1.744111
7,LargeCaps5,5,74.41,8.2497,22.89,15,53.33,true,1.744111
10,LargeCaps5,5,89.31,10.1707,16.31,14,57.14,true,1.893133
15,LargeCaps5,5,89.31,10.1707,16.31,14,57.14,true,1.893133
20,LargeCaps5,5,89.31,10.1707,16.31,14,57.14,true,1.893133
25,LargeCaps5,5,89.31,10.1707,16.31,14,57.14,true,1.893133
30,LargeCaps5,5,89.31,10.1707,16.31,14,57.14,true,1.893133
40,LargeCaps5,5,89.31,10.1707,16.31,14,57.14,true,1.893133
55,LargeCaps5,5,89.31,10.1707,16.31,14,57.14,true,1.893133
75,LargeCaps5,5,89.31,10.1707,16.31,14,57.14,true,1.893133
100,LargeCaps5,5,89.31,10.1707,16.31,14,57.14,true,1.893133
1,Legacy3,0,18.43,2.1093,32.98,27,48.15,true,1.184268
2,Legacy3,0,38.57,3.0526,31.86,26,50.00,true,1.385663
3,Legacy3,0,8.66,1.6327,31.86,25,48.00,true,1.086628
5,Legacy3,0,8.66,1.6327,31.86,25,48.00,true,1.086628
7,Legacy3,0,8.66,1.6327,31.86,25,48.00,true,1.086628
10,Legacy3,0,-8.43,0.4696,36.55,23,47.83,true,0.915685
15,Legacy3,0,-16.41,-0.2103,36.55,22,45.45,true,0.835906
20,Legacy3,0,-16.41,-0.2103,36.55,22,45.45,true,0.835906
25,Legacy3,0,-16.41,-0.2103,36.55,22,45.45,true,0.835906
30,Legacy3,0,6.59,1.5844,36.55,23,47.83,true,1.065944
40,Legacy3,0,6.59,1.5844,36.55,23,47.83,true,1.065944
55,Legacy3,0,6.59,1.5844,36.55,23,47.83,true,1.065944
75,Legacy3,0,16.77,2.1327,36.55,24,50.00,true,1.167679
100,Legacy3,0,16.77,2.1327,36.55,24,50.00,true,1.167679
1,Legacy3,1,58.20,4.3756,30.62,21,47.62,true,1.581961
2,Legacy3,1,33.54,3.2877,30.62,20,45.00,true,1.335375
3,Legacy3,1,83.62,5.4701,30.62,20,50.00,true,1.836218
5,Legacy3,1,83.08,5.4531,34.46,20,50.00,true,1.830781
7,Legacy3,1,83.08,5.4531,34.46,20,50.00,true,1.830781
10,Legacy3,1,37.18,3.6984,34.46,19,47.37,true,1.371823
15,Legacy3,1,33.14,3.2674,34.46,20,45.00,true,1.331421
20,Legacy3,1,-0.24,0.9839,34.46,19,42.11,true,0.997647
25,Legacy3,1,83.08,5.4531,34.46,20,50.00,true,1.830781
30,Legacy3,1,83.08,5.4531,34.46,20,50.00,true,1.830781
40,Legacy3,1,41.53,3.6051,47.78,20,45.00,true,1.415263
55,Legacy3,1,41.53,3.6051,47.78,20,45.00,true,1.415263
75,Legacy3,1,41.53,3.6051,47.78,20,45.00,true,1.415263
100,Legacy3,1,-15.98,-0.6079,43.11,18,38.89,true,0.840180
1,Legacy3,2,113.69,3.9810,49.50,32,46.88,true,2.136926
2,Legacy3,2,113.69,3.9810,49.50,32,46.88,true,2.136926
3,Legacy3,2,113.69,3.9810,49.50,32,46.88,true,2.136926
5,Legacy3,2,96.53,3.7240,49.50,32,46.88,true,1.965321
7,Legacy3,2,96.53,3.7240,49.50,32,46.88,true,1.965321
10,Legacy3,2,81.67,3.5397,49.50,31,45.16,true,1.816701
15,Legacy3,2,81.67,3.5397,49.50,31,45.16,true,1.816701
20,Legacy3,2,13.24,2.0249,49.50,30,43.33,true,1.132378
25,Legacy3,2,-27.09,0.1115,49.50,28,39.29,true,0.729122
30,Legacy3,2,11.42,2.0007,49.50,29,41.38,true,1.114221
40,Legacy3,2,78.76,3.5490,49.50,30,43.33,true,1.787570
55,Legacy3,2,15.68,2.2081,49.50,28,39.29,true,1.156795
75,Legacy3,2,-1.55,1.7208,53.86,26,34.62,true,0.984543
100,Legacy3,2,15.68,2.2081,49.50,28,39.29,true,1.156795
1,Legacy3,3,62.48,3.0484,60.95,39,51.28,true,1.624795
2,Legacy3,3,62.48,3.0484,60.95,39,51.28,true,1.624795
3,Legacy3,3,69.33,3.2197,60.95,38,52.63,true,1.693309
5,Legacy3,3,62.48,3.0484,60.95,39,51.28,true,1.624795
7,Legacy3,3,-5.84,1.3487,60.95,36,47.22,true,0.941611
10,Legacy3,3,-5.13,1.4112,60.95,34,47.06,true,0.948701
15,Legacy3,3,2.60,1.6749,60.95,34,47.06,true,1.026044
20,Legacy3,3,9.19,1.9116,60.95,33,48.48,true,1.091911
25,Legacy3,3,9.19,1.9116,60.95,33,48.48,true,1.091911
30,Legacy3,3,18.59,2.2368,60.95,32,50.00,true,1.185893
40,Legacy3,3,26.99,2.4212,60.95,34,50.00,true,1.269950
55,Legacy3,3,26.99,2.4212,60.95,34,50.00,true,1.269950
75,Legacy3,3,26.99,2.4212,60.95,34,50.00,true,1.269950
100,Legacy3,3,47.80,2.9924,60.95,33,51.52,true,1.477953
1,Legacy3,4,-22.94,-1.0618,48.24,16,43.75,true,0.770619
2,Legacy3,4,-22.94,-1.0618,48.24,16,43.75,true,0.770619
3,Legacy3,4,-22.94,-1.0618,48.24,16,43.75,true,0.770619
5,Legacy3,4,-22.94,-1.0618,48.24,16,43.75,true,0.770619
7,Legacy3,4,-22.94,-1.0618,48.24,16,43.75,true,0.770619
10,Legacy3,4,-22.94,-1.0618,48.24,16,43.75,true,0.770619
15,Legacy3,4,-29.22,-1.7873,52.46,16,43.75,true,0.707802
20,Legacy3,4,-29.22,-1.7873,52.46,16,43.75,true,0.707802
25,Legacy3,4,-29.22,-1.7873,52.46,16,43.75,true,0.707802
30,Legacy3,4,-33.52,-2.4837,52.46,15,40.00,true,0.664829
40,Legacy3,4,-29.22,-1.7873,52.46,16,43.75,true,0.707802
55,Legacy3,4,-29.22,-1.7873,52.46,16,43.75,true,0.707802
75,Legacy3,4,-23.68,-1.1697,52.46,15,46.67,true,0.763249
100,Legacy3,4,-23.68,-1.1697,52.46,15,46.67,true,0.763249
1,Legacy3,5,-30.79,-5.2104,30.79,10,30.00,true,0.692131
2,Legacy3,5,-30.79,-5.2104,30.79,10,30.00,true,0.692131
3,Legacy3,5,-30.79,-5.2104,30.79,10,30.00,true,0.692131
5,Legacy3,5,-26.05,-4.3390,26.05,9,33.33,true,0.739520
7,Legacy3,5,-26.05,-4.3390,26.05,9,33.33,true,0.739520
10,Legacy3,5,-26.05,-4.3390,26.05,9,33.33,true,0.739520
15,Legacy3,5,-26.05,-4.3390,26.05,9,33.33,true,0.739520
20,Legacy3,5,-26.05,-4.3390,26.05,9,33.33,true,0.739520
25,Legacy3,5,-26.05,-4.3390,26.05,9,33.33,true,0.739520
30,Legacy3,5,-26.05,-4.3390,26.05,9,33.33,true,0.739520
40,Legacy3,5,-26.05,-4.3390,26.05,9,33.33,true,0.739520
55,Legacy3,5,-4.49,-0.2299,19.09,8,37.50,true,0.955125
75,Legacy3,5,-4.49,-0.2299,19.09,8,37.50,true,0.955125
100,Legacy3,5,-4.49,-0.2299,19.09,8,37.50,true,0.955125
1,LowVolume5,0,144.93,4.2653,36.48,37,48.65,true,2.449265
2,LowVolume5,0,139.68,4.5444,30.36,33,48.48,true,2.396844
3,LowVolume5,0,42.83,2.8644,30.36,30,46.67,true,1.428287
5,LowVolume5,0,6.29,1.5018,30.36,29,44.83,true,1.062932
7,LowVolume5,0,43.33,2.8595,30.36,31,48.39,true,1.433337
10,LowVolume5,0,-5.18,0.9051,37.18,28,46.43,true,0.948231
15,LowVolume5,0,-31.82,-1.0490,37.18,25,40.00,true,0.681768
20,LowVolume5,0,-31.82,-1.0490,37.18,25,40.00,true,0.681768
25,LowVolume5,0,-31.82,-1.0490,37.18,25,40.00,true,0.681768
30,LowVolume5,0,-13.06,0.5040,37.18,26,42.31,true,0.869387
40,LowVolume5,0,-13.06,0.5040,37.18,26,42.31,true,0.869387
55,LowVolume5,0,-13.06,0.5040,37.18,26,42.31,true,0.869387
75,LowVolume5,0,-4.76,0.9806,37.18,27,44.44,true,0.952362
100,LowVolume5,0,-4.76,0.9806,37.18,27,44.44,true,0.952362
1,LowVolume5,1,-33.10,-1.0119,66.00,25,28.00,true,0.668982
2,LowVolume5,1,-31.92,-1.1808,60.23,22,27.27,true,0.680843
3,LowVolume5,1,-6.38,0.9260,60.23,22,31.82,true,0.936199
5,LowVolume5,1,-6.66,0.9068,66.53,22,31.82,true,0.933427
7,LowVolume5,1,-6.66,0.9068,66.53,22,31.82,true,0.933427
10,LowVolume5,1,-30.06,-1.2133,66.53,21,28.57,true,0.699426
15,LowVolume5,1,-26.95,-0.7821,63.98,21,28.57,true,0.730453
20,LowVolume5,1,-45.27,-3.5887,63.98,20,25.00,true,0.547336
25,LowVolume5,1,0.44,1.3580,63.98,21,33.33,true,1.004415
30,LowVolume5,1,0.44,1.3580,63.98,21,33.33,true,1.004415
40,LowVolume5,1,-22.35,-0.1692,71.30,21,28.57,true,0.776451
55,LowVolume5,1,-22.35,-0.1692,71.30,21,28.57,true,0.776451
75,LowVolume5,1,-22.35,-0.1692,71.30,21,28.57,true,0.776451
100,LowVolume5,1,-53.91,-5.2106,68.74,19,21.05,true,0.460945
1,LowVolume5,2,912.14,6.3474,42.67,45,53.33,true,10.121353
2,LowVolume5,2,912.14,6.3474,42.67,45,53.33,true,10.121353
3,LowVolume5,2,870.56,6.4382,42.67,43,53.49,true,9.705620
5,LowVolume5,2,683.32,6.2217,42.67,40,52.50,true,7.833175
7,LowVolume5,2,683.32,6.2217,42.67,40,52.50,true,7.833175
10,LowVolume5,2,585.76,6.0465,42.67,39,51.28,true,6.857612
15,LowVolume5,2,620.04,6.2984,42.67,37,48.65,true,7.200367
20,LowVolume5,2,465.84,5.7696,42.67,37,45.95,true,5.658402
25,LowVolume5,2,655.14,6.5005,42.67,36,47.22,true,7.551361
30,LowVolume5,2,655.14,6.5005,42.67,36,47.22,true,7.551361
40,LowVolume5,2,571.19,6.2294,42.67,36,47.22,true,6.711907
55,LowVolume5,2,321.71,5.5059,42.67,32,43.75,true,4.217116
75,LowVolume5,2,374.36,5.8035,42.67,32,46.88,true,4.743633
100,LowVolume5,2,418.64,5.8319,42.67,34,47.06,true,5.186354
1,LowVolume5,3,205.32,4.7341,68.12,39,56.41,true,3.053163
2,LowVolume5,3,205.32,4.7341,68.12,39,56.41,true,3.053163
3,LowVolume5,3,218.19,4.9168,68.12,38,57.89,true,3.181908
5,LowVolume5,3,205.32,4.7341,68.12,39,56.41,true,3.053163
7,LowVolume5,3,76.94,3.3988,73.02,36,52.78,true,1.769388
10,LowVolume5,3,78.27,3.5226,73.52,34,52.94,true,1.782711
15,LowVolume5,3,92.80,3.7563,71.36,34,52.94,true,1.928047
20,LowVolume5,3,105.18,4.0048,73.52,33,54.55,true,2.051817
25,LowVolume5,3,105.18,4.0048,73.52,33,54.55,true,2.051817
30,LowVolume5,3,122.84,4.3312,71.24,32,56.25,true,2.228420
40,LowVolume5,3,138.64,4.3964,73.52,34,55.88,true,2.386372
55,LowVolume5,3,138.64,4.3964,73.52,34,55.88,true,2.386372
75,LowVolume5,3,138.64,4.3964,73.52,34,55.88,true,2.386372
100,LowVolume5,3,177.72,4.9464,71.15,33,57.58,true,2.777232
1,LowVolume5,4,-18.22,-0.5305,49.02,17,35.29,true,0.817772
2,LowVolume5,4,-7.22,0.6067,43.51,14,42.86,true,0.927806
3,LowVolume5,4,-20.26,-0.5852,51.45,14,42.86,true,0.797379
5,LowVolume5,4,-20.39,-1.1232,43.51,13,38.46,true,0.796128
7,LowVolume5,4,-20.13,-2.1402,32.47,12,41.67,true,0.798708
10,LowVolume5,4,-37.65,-5.3796,45.34,12,33.33,true,0.623535
15,LowVolume5,4,-50.78,-7.4997,56.85,12,33.33,true,0.492198
20,LowVolume5,4,-50.78,-7.4997,56.85,12,33.33,true,0.492198
25,LowVolume5,4,-50.78,-7.4997,56.85,12,33.33,true,0.492198
30,LowVolume5,4,-53.77,-9.0438,57.66,11,27.27,true,0.462316
40,LowVolume5,4,-50.78,-7.4997,56.85,12,33.33,true,0.492198
55,LowVolume5,4,-50.78,-7.4997,56.85,12,33.33,true,0.492198
75,LowVolume5,4,-46.92,-6.8750,56.85,11,36.36,true,0.530756
100,LowVolume5,4,-46.92,-6.8750,56.85,11,36.36,true,0.530756
1,LowVolume5,5,-12.49,0.8229,31.87,19,47.37,true,0.875105
2,LowVolume5,5,-12.49,0.8229,31.87,19,47.37,true,0.875105
3,LowVolume5,5,-12.49,0.8229,31.87,19,47.37,true,0.875105
5,LowVolume5,5,-0.11,1.6225,27.21,17,52.94,true,0.998911
7,LowVolume5,5,7.30,2.0991,22.57,16,56.25,true,1.072972
10,LowVolume5,5,7.30,2.0991,22.57,16,56.25,true,1.072972
15,LowVolume5,5,-32.19,-2.1390,38.29,15,53.33,true,0.678128
20,LowVolume5,5,-0.11,1.6225,27.21,17,52.94,true,0.998911
25,LowVolume5,5,7.30,2.0991,22.57,16,56.25,true,1.072972
30,LowVolume5,5,-3.05,1.5121,22.57,15,53.33,true,0.969456
40,LowVolume5,5,7.30,2.0991,22.57,16,56.25,true,1.072972
55,LowVolume5,5,-12.42,-0.0880,21.81,14,57.14,true,0.875834
75,LowVolume5,5,-12.42,-0.0880,21.81,14,57.14,true,0.875834
100,LowVolume5,5,-12.42,-0.0880,21.81,14,57.14,true,0.875834
1,OldGuard4,0,44.70,2.7669,44.77,34,47.06,true,1.447021
2,OldGuard4,0,-14.09,0.4328,44.77,33,42.42,true,0.859062
3,OldGuard4,0,-14.09,0.4328,44.77,33,42.42,true,0.859062
5,OldGuard4,0,-10.62,0.6329,44.77,31,45.16,true,0.893775
7,OldGuard4,0,-10.62,0.6329,44.77,31,45.16,true,0.893775
10,OldGuard4,0,-12.53,0.5379,45.95,30,43.33,true,0.874652
15,OldGuard4,0,-4.27,0.9797,40.84,29,44.83,true,0.957324
20,OldGuard4,0,-17.11,0.2328,42.61,27,40.74,true,0.828897
25,OldGuard4,0,-5.51,0.9310,40.84,28,42.86,true,0.944944
30,OldGuard4,0,-5.51,0.9310,40.84,28,42.86,true,0.944944
40,OldGuard4,0,4.87,1.4731,40.84,27,44.44,true,1.048672
55,OldGuard4,0,-5.51,0.9310,40.84,28,42.86,true,0.944944
75,OldGuard4,0,-5.51,0.9310,40.84,28,42.86,true,0.944944
100,OldGuard4,0,-5.51,0.9310,40.84,28,42.86,true,0.944944
1,OldGuard4,1,3.30,1.3495,44.19,26,42.31,true,1.033032
2,OldGuard4,1,-26.61,-0.8574,53.03,24,37.50,true,0.733906
3,OldGuard4,1,16.32,2.1852,49.92,22,45.45,true,1.163246
5,OldGuard4,1,16.32,2.1852,49.92,22,45.45,true,1.163246
7,OldGuard4,1,3.26,1.3754,49.92,22,45.45,true,1.032585
10,OldGuard4,1,-5.21,0.7859,50.30,23,43.48,true,0.947879
15,OldGuard4,1,-36.61,-2.7907,53.30,21,38.10,true,0.633888
20,OldGuard4,1,-36.61,-2.7907,53.30,21,38.10,true,0.633888
25,OldGuard4,1,-23.00,-0.7114,55.76,22,40.91,true,0.769980
30,OldGuard4,1,-16.27,0.0115,56.10,24,41.67,true,0.837334
40,OldGuard4,1,-35.27,-1.6129,65.02,24,37.50,true,0.647291
55,OldGuard4,1,-32.47,-1.3789,63.51,23,39.13,true,0.675343
75,OldGuard4,1,-26.43,-0.8692,60.25,22,40.91,true,0.735730
100,OldGuard4,1,-48.72,-3.8408,61.90,23,34.78,true,0.512829
1,OldGuard4,2,89.95,3.5081,49.50,34,47.06,true,1.899451
2,OldGuard4,2,89.95,3.5081,49.50,34,47.06,true,1.899451
3,OldGuard4,2,98.82,3.7571,49.50,32,46.88,true,1.988216
5,OldGuard4,2,95.35,3.7660,49.50,31,48.39,true,1.953467
7,OldGuard4,2,95.35,3.7660,49.50,31,48.39,true,1.953467
10,OldGuard4,2,94.08,3.8099,49.50,30,46.67,true,1.940805
15,OldGuard4,2,90.97,3.8250,49.50,29,44.83,true,1.909685
20,OldGuard4,2,6.16,1.8547,49.50,28,39.29,true,1.061572
25,OldGuard4,2,-30.53,-0.1052,49.50,27,37.04,true,0.694670
30,OldGuard4,2,6.16,1.8547,49.50,28,39.29,true,1.061572
40,OldGuard4,2,78.76,3.5490,49.50,30,43.33,true,1.787570
55,OldGuard4,2,12.31,2.1880,49.50,26,38.46,true,1.123137
75,OldGuard4,2,0.33,1.8215,52.98,25,36.00,true,1.003304
100,OldGuard4,2,12.31,2.1880,49.50,26,38.46,true,1.123137
1,OldGuard4,3,62.48,3.0484,60.95,39,51.28,true,1.624795
2,OldGuard4,3,62.48,3.0484,60.95,39,51.28,true,1.624795
3,OldGuard4,3,69.33,3.2197,60.95,38,52.63,true,1.693309
5,OldGuard4,3,62.48,3.0484,60.95,39,51.28,true,1.624795
7,OldGuard4,3,-5.84,1.3487,60.95,36,47.22,true,0.941611
10,OldGuard4,3,-5.13,1.4112,60.95,34,47.06,true,0.948701
15,OldGuard4,3,2.60,1.6749,60.95,34,47.06,true,1.026044
20,OldGuard4,3,9.19,1.9116,60.95,33,48.48,true,1.091911
25,OldGuard4,3,9.19,1.9116,60.95,33,48.48,true,1.091911
30,OldGuard4,3,18.59,2.2368,60.95,32,50.00,true,1.185893
40,OldGuard4,3,26.99,2.4212,60.95,34,50.00,true,1.269950
55,OldGuard4,3,26.99,2.4212,60.95,34,50.00,true,1.269950
75,OldGuard4,3,26.99,2.4212,60.95,34,50.00,true,1.269950
100,OldGuard4,3,47.80,2.9924,60.95,33,51.52,true,1.477953
1,OldGuard4,4,33.42,3.6115,37.76,18,50.00,true,1.334223
2,OldGuard4,4,33.42,3.6115,37.76,18,50.00,true,1.334223
3,OldGuard4,4,14.67,2.4330,46.51,18,50.00,true,1.146663
5,OldGuard4,4,14.49,2.4392,37.76,17,47.06,true,1.144864
7,OldGuard4,4,14.86,2.6177,27.68,16,50.00,true,1.148575
10,OldGuard4,4,-10.33,0.1042,39.77,16,43.75,true,0.896669
15,OldGuard4,4,-29.22,-1.7873,52.46,16,43.75,true,0.707802
20,OldGuard4,4,-29.22,-1.7873,52.46,16,43.75,true,0.707802
25,OldGuard4,4,-29.22,-1.7873,52.46,16,43.75,true,0.707802
30,OldGuard4,4,-33.52,-2.4837,52.46,15,40.00,true,0.664829
40,OldGuard4,4,-29.22,-1.7873,52.46,16,43.75,true,0.707802
55,OldGuard4,4,-29.22,-1.7873,52.46,16,43.75,true,0.707802
75,OldGuard4,4,-23.68,-1.1697,52.46,15,46.67,true,0.763249
100,OldGuard4,4,-23.68,-1.1697,52.46,15,46.67,true,0.763249
1,OldGuard4,5,-20.29,0.3015,30.87,16,37.50,true,0.797055
2,OldGuard4,5,-20.29,0.3015,30.87,16,37.50,true,0.797055
3,OldGuard4,5,-20.29,0.3015,30.87,16,37.50,true,0.797055
5,OldGuard4,5,-9.02,1.1538,26.13,14,42.86,true,0.909820
7,OldGuard4,5,-9.02,1.1538,26.13,14,42.86,true,0.909820
10,OldGuard4,5,-9.02,1.1538,26.13,14,42.86,true,0.909820
15,OldGuard4,5,-42.50,-4.0984,42.50,13,38.46,true,0.575014
20,OldGuard4,5,-15.30,0.6796,31.23,15,40.00,true,0.847020
25,OldGuard4,5,-9.02,1.1538,26.13,14,42.86,true,0.909820
30,OldGuard4,5,-17.80,0.4838,33.26,13,38.46,true,0.822044
40,OldGuard4,5,-9.02,1.1538,26.13,14,42.86,true,0.909820
55,OldGuard4,5,-25.73,-2.0422,26.13,12,41.67,true,0.742658
75,OldGuard4,5,-25.73,-2.0422,26.13,12,41.67,true,0.742658
100,OldGuard4,5,-25.73,-2.0422,26.13,12,41.67,true,0.742658
